N;Data_ora;Operatore;Lotto;Edificio / Piano / Area;Apparecchio / sApparecchio;Descrizione / ValPrec.;Priorità;Stato;Tipo;Famiglia;Unità;Variabile;Valore;Chiave_transizione
1;26/09/2026 18:00:42;;CLIM /;DC09 / R02 / Terrazza tecnica;GF CTA PRO B 3-4 / COMPRESSORE 01 /;Compressore 1: Stato operativo /;0;Cambia a 1;Evento;GF CTA PRO;CTA PRO B 3-4;Stato operativo;1;18:00:42|CTA PRO B 3-4
2;26/09/2026 18:00:42;;CLIM /;DC09 / R02 / Terrazza tecnica;GF CTA PRO B 3-4 / COMPRESSORE 01 /;Compressore 1: Acceso step 1 /;0;Cambia a 1;Evento;GF CTA PRO;CTA PRO B 3-4;Acceso step;1;18:00:42|CTA PRO B 3-4
3;26/09/2026 18:00:42;;CLIM /;DC09 / R02 / Terrazza tecnica;GF CTA PRO B 3-4 / COMPRESSORE 01 /;Compressore 1: Piena potenza /;0;Cambia a 1;Evento;GF CTA PRO;CTA PRO B 3-4;Piena potenza;1;18:00:42|CTA PRO B 3-4
4;26/09/2026 18:00:42;;CLIM /;DC09 / R02 / Terrazza tecnica;GF CTA PRO B 3-4 / COMPRESSORE 01 /;Compressore 1: Richiesta /;0;Cambia a 1;Evento;GF CTA PRO;CTA PRO B 3-4;Richiesta;1;18:00:42|CTA PRO B 3-4
5;26/09/2026 18:00:56;;CLIM /;DC09 / R02 / SALA DATI A2/A4;GF FW A2-A4.1 / COMPRESSORE 02 /;Compressore 2: Richiesta /;0;Cambia a 1;Evento;GF FW;FW A2-A4.1;Richiesta;1;18:00:56|FW A2-A4.1
6;26/09/2026 18:00:57;;CLIM /;DC09 / R02 / SALA DATI A2/A4;GF FW A2-A4.1 / COMPRESSORE 02 /;Stato di funzionamento compressore 2 /;0;Cambia a 1;Evento;GF FW;FW A2-A4.1;Stato funzionamento;1;18:00:57|FW A2-A4.1
7;26/09/2026 18:00:57;;CLIM /;DC09 / R02 / SALA DATI A2/A4;GF FW A2-A4.1 / COMPRESSORE 02 /;Compressore 2: Piena potenza /;0;Cambia a 1;Evento;GF FW;FW A2-A4.1;Piena potenza;1;18:00:57|FW A2-A4.1
8;26/09/2026 18:01:01;;CLIM /;DC09 / R02 / Terrazza tecnica;GF LT 6 / COMPRESSORE 01 /;Compressore 1 modalita operativa /;0;Cambia a 1;Evento;GF LT;LT 6;Modalità operativa;1;18:01:01|LT 6
9;26/09/2026 18:01:01;;CLIM /;DC09 / R02 / Terrazza tecnica;GF LT 6 / COMPRESSORE 01 /;Compressore 1: Acceso step 1 /;0;Cambia a 1;Evento;GF LT;LT 6;Acceso step;1;18:01:01|LT 6
10;26/09/2026 18:01:01;;CLIM /;DC09 / R02 / Terrazza tecnica;GF LT 6 / COMPRESSORE 01 /;Compressore 1: Piena potenza /;0;Cambia a 1;Evento;GF LT;LT 6;Piena potenza;1;18:01:01|LT 6
11;26/09/2026 18:01:01;;CLIM /;DC09 / R02 / Terrazza tecnica;GF LT 6 / COMPRESSORE 01 /;Compressore 1: Richiesta /;0;Cambia a 1;Evento;GF LT;LT 6;Richiesta;1;18:01:01|LT 6
12;26/09/2026 18:01:11;;CLIM /;DC09 / R02 / SALA DATI A2/A4;GF FW A2-A4.1 / COMPRESSORE 02 /;Compressore 2: Acceso step 2 /;0;Cambia a 0;Evento;GF FW;FW A2-A4.1;Acceso step;0;18:01:11|FW A2-A4.1
13;26/09/2026 18:01:11;;CLIM /;DC09 / R02 / SALA DATI A2/A4;GF FW A2-A4.1 / COMPRESSORE 02 /;Compressore 2: Acceso step 1 /;0;Cambia a 1;Evento;GF FW;FW A2-A4.1;Acceso step;1;18:01:11|FW A2-A4.1
14;26/09/2026 18:02:10;;CLIM /;DC09 / R02 / Terrazza tecnica;GF LT 4 / COMPRESSORE 02 /;Compressore 2: Acceso step 1 /;0;Cambia a 1;Evento;GF LT;LT 4;Acceso step;1;18:02:10|LT 4
15;26/09/2026 18:02:10;;CLIM /;DC09 / R02 / Terrazza tecnica;GF LT 4 / COMPRESSORE 02 /;Compressore 2 modalita operativa /;0;Cambia a 1;Evento;GF LT;LT 4;Modalità operativa;1;18:02:10|LT 4
16;26/09/2026 18:02:10;;CLIM /;DC09 / R02 / Terrazza tecnica;GF LT 4 / COMPRESSORE 02 /;Compressore 1: Piena potenza /;0;Cambia a 1;Evento;GF LT;LT 4;Piena potenza;1;18:02:10|LT 4
17;26/09/2026 18:02:10;;CLIM /;DC09 / R02 / Terrazza tecnica;GF LT 4 / COMPRESSORE 02 /;Compressore 1: Richiesta /;0;Cambia a 1;Evento;GF LT;LT 4;Richiesta;1;18:02:10|LT 4
18;26/09/2026 18:02:29;;CLIM /;DC09 / R02 / Terrazza tecnica;GF LT 2 / COMPRESSORE 03 /;Compressore 4 modalita operativa /;0;Cambia a 1;Evento;GF LT;LT 2;Modalità operativa;1;18:02:29|LT 2
19;26/09/2026 18:02:29;;CLIM /;DC09 / R02 / Terrazza tecnica;GF LT 2 / COMPRESSORE 04 /;Compressore 4: Acceso step 1 /;0;Cambia a 1;Evento;GF LT;LT 2;Acceso step;1;18:02:29|LT 2
20;26/09/2026 18:02:29;;CLIM /;DC09 / R02 / Terrazza tecnica;GF LT 2 / COMPRESSORE 04 /;Compressore 1: Piena potenza /;0;Cambia a 1;Evento;GF LT;LT 2;Piena potenza;1;18:02:29|LT 2
21;26/09/2026 18:02:29;;CLIM /;DC09 / R02 / Terrazza tecnica;GF LT 2 / COMPRESSORE 04 /;Compressore 4: Richiesta /;0;Cambia a 1;Evento;GF LT;LT 2;Richiesta;1;18:02:29|LT 2
22;26/09/2026 18:03:06;;CLIM /;DC09 / R02 / Terrazza tecnica;GF CTA PRO A 1-2 / COMPRESSORE 01 /;Compressore 1: Stato operativo /;0;Cambia a 0;Evento;GF CTA PRO;CTA PRO A 1-2;Stato operativo;0;18:03:06|CTA PRO A 1-2
23;26/09/2026 18:03:06;;CLIM /;DC09 / R02 / Terrazza tecnica;GF CTA PRO A 1-2 / COMPRESSORE 01 /;Compressore 1: Acceso step 1 /;0;Cambia a 0;Evento;GF CTA PRO;CTA PRO A 1-2;Acceso step;0;18:03:06|CTA PRO A 1-2
24;26/09/2026 18:03:06;;CLIM /;DC09 / R02 / Terrazza tecnica;GF CTA PRO A 1-2 / COMPRESSORE 01 /;Compressore 1: Piena potenza /;0;Cambia a 0;Evento;GF CTA PRO;CTA PRO A 1-2;Piena potenza;0;18:03:06|CTA PRO A 1-2
25;26/09/2026 18:03:06;;CLIM /;DC09 / R02 / Terrazza tecnica;GF CTA PRO A 1-2 / COMPRESSORE 01 /;Compressore 1: Richiesta /;0;Cambia a 0;Evento;GF CTA PRO;CTA PRO A 1-2;Richiesta;0;18:03:06|CTA PRO A 1-2
26;26/09/2026 18:04:26;;CLIM /;DC09 / R02 / SALA DATI B2/B4;GF FW B2-B4.6 / COMPRESSORE 02 /;Compressore 2: Richiesta /;0;Cambia a 1;Evento;GF FW;FW B2-B4.6;Richiesta;1;18:04:26|FW B2-B4.6
27;26/09/2026 18:04:28;;CLIM /;DC09 / R02 / SALA DATI B2/B4;GF FW B2-B4.6 / COMPRESSORE 02 /;Stato di funzionamento compressore 2 /;0;Cambia a 1;Evento;GF FW;FW B2-B4.6;Stato funzionamento;1;18:04:28|FW B2-B4.6
28;26/09/2026 18:04:28;;CLIM /;DC09 / R02 / SALA DATI B2/B4;GF FW B2-B4.6 / COMPRESSORE 02 /;Compressore 2: Piena potenza /;0;Cambia a 1;Evento;GF FW;FW B2-B4.6;Piena potenza;1;18:04:28|FW B2-B4.6
29;26/09/2026 18:04:45;;CLIM /;DC09 / R02 / SALA DATI B2/B4;GF FW B2-B4.6 / COMPRESSORE 02 /;Compressore 2: Acceso step 2 /;0;Cambia a 0;Evento;GF FW;FW B2-B4.6;Acceso step;0;18:04:45|FW B2-B4.6
30;26/09/2026 18:04:45;;CLIM /;DC09 / R02 / SALA DATI B2/B4;GF FW B2-B4.6 / COMPRESSORE 02 /;Compressore 2: Acceso step 1 /;0;Cambia a 1;Evento;GF FW;FW B2-B4.6;Acceso step;1;18:04:45|FW B2-B4.6
31;26/09/2026 18:04:50;;CLIM /;DC09 / R02 / SALA DATI A1/A3;GF FW A1-A3.4 / COMPRESSORE 02 /;Compressore 2: Richiesta /;0;Cambia a 1;Evento;GF FW;FW A1-A3.4;Richiesta;1;18:04:50|FW A1-A3.4
32;26/09/2026 18:04:52;;CLIM /;DC09 / R02 / SALA DATI A1/A3;GF FW A1-A3.4 / COMPRESSORE 02 /;Stato di funzionamento compressore 2 /;0;Cambia a 1;Evento;GF FW;FW A1-A3.4;Stato funzionamento;1;18:04:52|FW A1-A3.4
33;26/09/2026 18:04:52;;CLIM /;DC09 / R02 / SALA DATI A1/A3;GF FW A1-A3.4 / COMPRESSORE 02 /;Compressore 2: Piena potenza /;0;Cambia a 1;Evento;GF FW;FW A1-A3.4;Piena potenza;1;18:04:52|FW A1-A3.4
34;26/09/2026 18:05:06;;CLIM /;DC09 / R02 / SALA DATI A1/A3;GF FW A1-A3.4 / COMPRESSORE 02 /;Compressore 2: Acceso step 2 /;0;Cambia a 0;Evento;GF FW;FW A1-A3.4;Acceso step;0;18:05:06|FW A1-A3.4
35;26/09/2026 18:05:06;;CLIM /;DC09 / R02 / SALA DATI A1/A3;GF FW A1-A3.4 / COMPRESSORE 02 /;Compressore 2: Acceso step 1 /;0;Cambia a 1;Evento;GF FW;FW A1-A3.4;Acceso step;1;18:05:06|FW A1-A3.4
36;26/09/2026 18:05:17;;CLIM /;DC09 / R02 / Terrazza tecnica;GF LT 6 / COMPRESSORE 03 /;Compressore 4 modalita operativa /;0;Cambia a 1;Evento;GF LT;LT 6;Modalità operativa;1;18:05:17|LT 6
37;26/09/2026 18:05:17;;CLIM /;DC09 / R02 / Terrazza tecnica;GF LT 6 / COMPRESSORE 04 /;Compressore 4: Acceso step 1 /;0;Cambia a 1;Evento;GF LT;LT 6;Acceso step;1;18:05:17|LT 6
38;26/09/2026 18:05:17;;CLIM /;DC09 / R02 / Terrazza tecnica;GF LT 6 / COMPRESSORE 04 /;Compressore 1: Piena potenza /;0;Cambia a 1;Evento;GF LT;LT 6;Piena potenza;1;18:05:17|LT 6
39;26/09/2026 18:05:17;;CLIM /;DC09 / R02 / Terrazza tecnica;GF LT 6 / COMPRESSORE 04 /;Compressore 4: Richiesta /;0;Cambia a 1;Evento;GF LT;LT 6;Richiesta;1;18:05:17|LT 6
40;26/09/2026 18:05:47;;CLIM /;DC09 / R02 / Terrazza tecnica;GF LT 4 / COMPRESSORE 02 /;Compressore 2 modalita operativa /;0;Cambia a 0;Evento;GF LT;LT 4;Modalità operativa;0;18:05:47|LT 4
41;26/09/2026 18:05:47;;CLIM /;DC09 / R02 / Terrazza tecnica;GF LT 4 / COMPRESSORE 02 /;Compressore 2: Acceso step 1 /;0;Cambia a 0;Evento;GF LT;LT 4;Acceso step;0;18:05:47|LT 4
42;26/09/2026 18:05:47;;CLIM /;DC09 / R02 / Terrazza tecnica;GF LT 4 / COMPRESSORE 02 /;Compressore 1: Piena potenza /;0;Cambia a 0;Evento;GF LT;LT 4;Piena potenza;0;18:05:47|LT 4
43;26/09/2026 18:05:47;;CLIM /;DC09 / R02 / Terrazza tecnica;GF LT 4 / COMPRESSORE 02 /;Compressore 1: Richiesta /;0;Cambia a 0;Evento;GF LT;LT 4;Richiesta;0;18:05:47|LT 4
44;26/09/2026 18:05:55;;CLIM /;DC09 / R02 / Terrazza tecnica;GF CTA PRO B 3-4 / COMPRESSORE 01 /;Compressore 1: Stato operativo /;0;Cambia a 0;Evento;GF CTA PRO;CTA PRO B 3-4;Stato operativo;0;18:05:55|CTA PRO B 3-4
45;26/09/2026 18:05:55;;CLIM /;DC09 / R02 / Terrazza tecnica;GF CTA PRO B 3-4 / COMPRESSORE 01 /;Compressore 1: Acceso step 1 /;0;Cambia a 0;Evento;GF CTA PRO;CTA PRO B 3-4;Acceso step;0;18:05:55|CTA PRO B 3-4
46;26/09/2026 18:05:55;;CLIM /;DC09 / R02 / Terrazza tecnica;GF CTA PRO B 3-4 / COMPRESSORE 01 /;Compressore 1: Piena potenza /;0;Cambia a 0;Evento;GF CTA PRO;CTA PRO B 3-4;Piena potenza;0;18:05:55|CTA PRO B 3-4
47;26/09/2026 18:05:55;;CLIM /;DC09 / R02 / Terrazza tecnica;GF CTA PRO B 3-4 / COMPRESSORE 01 /;Compressore 1: Richiesta /;0;Cambia a 0;Evento;GF CTA PRO;CTA PRO B 3-4;Richiesta;0;18:05:55|CTA PRO B 3-4
48;26/09/2026 18:06:36;;CLIM /;DC09 / R02 / Terrazza tecnica;GF LT 6 / COMPRESSORE 01 /;Compressore 1 modalita operativa /;0;Cambia a 0;Evento;GF LT;LT 6;Modalità operativa;0;18:06:36|LT 6
49;26/09/2026 18:06:36;;CLIM /;DC09 / R02 / Terrazza tecnica;GF LT 6 / COMPRESSORE 01 /;Compressore 1: Acceso step 1 /;0;Cambia a 0;Evento;GF LT;LT 6;Acceso step;0;18:06:36|LT 6
50;26/09/2026 18:06:36;;CLIM /;DC09 / R02 / Terrazza tecnica;GF LT 6 / COMPRESSORE 01 /;Compressore 1: Piena potenza /;0;Cambia a 0;Evento;GF LT;LT 6;Piena potenza;0;18:06:36|LT 6
51;26/09/2026 18:06:36;;CLIM /;DC09 / R02 / Terrazza tecnica;GF LT 6 / COMPRESSORE 01 /;Compressore 1: Richiesta /;0;Cambia a 0;Evento;GF LT;LT 6;Richiesta;0;18:06:36|LT 6
52;26/09/2026 18:07:03;;CLIM /;DC09 / R02 / Terrazza tecnica;GF CTA PRO B 1-2 / COMPRESSORE 02 /;Compressore 2: Stato operativo /;0;Cambia a 0;Evento;GF CTA PRO;CTA PRO B 1-2;Stato operativo;0;18:07:03|CTA PRO B 1-2
53;26/09/2026 18:07:03;;CLIM /;DC09 / R02 / Terrazza tecnica;GF CTA PRO B 1-2 / COMPRESSORE 02 /;Compressore 2: Acceso step 1 /;0;Cambia a 0;Evento;GF CTA PRO;CTA PRO B 1-2;Acceso step;0;18:07:03|CTA PRO B 1-2
54;26/09/2026 18:07:03;;CLIM /;DC09 / R02 / Terrazza tecnica;GF CTA PRO B 1-2 / COMPRESSORE 02 /;Compressore 2: Piena potenza /;0;Cambia a 0;Evento;GF CTA PRO;CTA PRO B 1-2;Piena potenza;0;18:07:03|CTA PRO B 1-2
55;26/09/2026 18:07:03;;CLIM /;DC09 / R02 / Terrazza tecnica;GF CTA PRO B 1-2 / COMPRESSORE 02 /;Compressore 2: Richiesta /;0;Cambia a 0;Evento;GF CTA PRO;CTA PRO B 1-2;Richiesta;0;18:07:03|CTA PRO B 1-2
56;26/09/2026 18:07:34;;CLIM /;DC09 / R02 / Terrazza tecnica;GF LT 6 / COMPRESSORE 03 /;Compressore 4 modalita operativa /;0;Cambia a 0;Evento;GF LT;LT 6;Modalità operativa;0;18:07:34|LT 6
57;26/09/2026 18:07:34;;CLIM /;DC09 / R02 / Terrazza tecnica;GF LT 6 / COMPRESSORE 04 /;Compressore 4: Acceso step 1 /;0;Cambia a 0;Evento;GF LT;LT 6;Acceso step;0;18:07:34|LT 6
58;26/09/2026 18:07:34;;CLIM /;DC09 / R02 / Terrazza tecnica;GF LT 6 / COMPRESSORE 04 /;Compressore 1: Piena potenza /;0;Cambia a 0;Evento;GF LT;LT 6;Piena potenza;0;18:07:34|LT 6
59;26/09/2026 18:07:34;;CLIM /;DC09 / R02 / Terrazza tecnica;GF LT 6 / COMPRESSORE 04 /;Compressore 4: Richiesta /;0;Cambia a 0;Evento;GF LT;LT 6;Richiesta;0;18:07:34|LT 6
60;26/09/2026 18:07:43;;CLIM /;DC09 / R02 / SALA DATI B2/B4;GF FW B2-B4.3 / COMPRESSORE 02 /;Compressore 2: Acceso step 2 /;0;Cambia a 1;Evento;GF FW;FW B2-B4.3;Acceso step;1;18:07:43|FW B2-B4.3
61;26/09/2026 18:07:43;;CLIM /;DC09 / R02 / SALA DATI B2/B4;GF FW B2-B4.3 / COMPRESSORE 02 /;Compressore 2: Acceso step 1 /;0;Cambia a 0;Evento;GF FW;FW B2-B4.3;Acceso step;0;18:07:43|FW B2-B4.3
62;26/09/2026 18:07:45;;CLIM /;DC09 / R02 / Terrazza tecnica;GF LT 4 / COMPRESSORE 03 /;Compressore 3: Acceso step 1 /;0;Cambia a 1;Evento;GF LT;LT 4;Acceso step;1;18:07:45|LT 4
63;26/09/2026 18:07:45;;CLIM /;DC09 / R02 / Terrazza tecnica;GF LT 4 / COMPRESSORE 03 /;Compressore 1: Richiesta /;0;Cambia a 1;Evento;GF LT;LT 4;Richiesta;1;18:07:45|LT 4
64;26/09/2026 18:08:05;;CLIM /;DC09 / R02 / Terrazza tecnica;GF LT 4 / COMPRESSORE 02 /;Compressore 3 modalita operativa /;0;Cambia a 1;Evento;GF LT;LT 4;Modalità operativa;1;18:08:05|LT 4
65;26/09/2026 18:08:05;;CLIM /;DC09 / R02 / Terrazza tecnica;GF LT 4 / COMPRESSORE 03 /;Compressore 1: Piena potenza /;0;Cambia a 1;Evento;GF LT;LT 4;Piena potenza;1;18:08:05|LT 4
66;26/09/2026 18:08:21;;CLIM /;DC09 / R02 / Terrazza tecnica;GF LT 2 / COMPRESSORE 03 /;Compressore 4 modalita operativa /;0;Cambia a 0;Evento;GF LT;LT 2;Modalità operativa;0;18:08:21|LT 2
67;26/09/2026 18:08:21;;CLIM /;DC09 / R02 / Terrazza tecnica;GF LT 2 / COMPRESSORE 04 /;Compressore 4: Acceso step 1 /;0;Cambia a 0;Evento;GF LT;LT 2;Acceso step;0;18:08:21|LT 2
68;26/09/2026 18:08:21;;CLIM /;DC09 / R02 / Terrazza tecnica;GF LT 2 / COMPRESSORE 04 /;Compressore 1: Piena potenza /;0;Cambia a 0;Evento;GF LT;LT 2;Piena potenza;0;18:08:21|LT 2
69;26/09/2026 18:08:21;;CLIM /;DC09 / R02 / Terrazza tecnica;GF LT 2 / COMPRESSORE 04 /;Compressore 4: Richiesta /;0;Cambia a 0;Evento;GF LT;LT 2;Richiesta;0;18:08:21|LT 2
70;26/09/2026 18:09:04;;CLIM /;DC09 / R02 / Terrazza tecnica;GF LT 4 / COMPRESSORE 03 /;Compressore 4 modalita operativa /;0;Cambia a 1;Evento;GF LT;LT 4;Modalità operativa;1;18:09:04|LT 4
71;26/09/2026 18:09:04;;CLIM /;DC09 / R02 / Terrazza tecnica;GF LT 4 / COMPRESSORE 04 /;Compressore 4: Acceso step 1 /;0;Cambia a 1;Evento;GF LT;LT 4;Acceso step;1;18:09:04|LT 4
72;26/09/2026 18:09:04;;CLIM /;DC09 / R02 / Terrazza tecnica;GF LT 4 / COMPRESSORE 04 /;Compressore 1: Piena potenza /;0;Cambia a 1;Evento;GF LT;LT 4;Piena potenza;1;18:09:04|LT 4
73;26/09/2026 18:09:04;;CLIM /;DC09 / R02 / Terrazza tecnica;GF LT 4 / COMPRESSORE 04 /;Compressore 4: Richiesta /;0;Cambia a 1;Evento;GF LT;LT 4;Richiesta;1;18:09:04|LT 4
74;26/09/2026 18:09:32;;CLIM /;DC09 / R02 / Terrazza tecnica;GF LT 6 / COMPRESSORE 02 /;Compressore 2 modalita operativa /;0;Cambia a 1;Evento;GF LT;LT 6;Modalità operativa;1;18:09:32|LT 6
75;26/09/2026 18:09:32;;CLIM /;DC09 / R02 / Terrazza tecnica;GF LT 6 / COMPRESSORE 02 /;Compressore 2: Acceso step 1 /;0;Cambia a 1;Evento;GF LT;LT 6;Acceso step;1;18:09:32|LT 6
76;26/09/2026 18:09:32;;CLIM /;DC09 / R02 / Terrazza tecnica;GF LT 6 / COMPRESSORE 02 /;Compressore 1: Piena potenza /;0;Cambia a 1;Evento;GF LT;LT 6;Piena potenza;1;18:09:32|LT 6
77;26/09/2026 18:09:32;;CLIM /;DC09 / R02 / Terrazza tecnica;GF LT 6 / COMPRESSORE 02 /;Compressore 1: Richiesta /;0;Cambia a 1;Evento;GF LT;LT 6;Richiesta;1;18:09:32|LT 6
78;26/09/2026 18:09:42;;CLIM /;DC09 / R02 / Terrazza tecnica;GF LT 5 / COMPRESSORE 04 /;Compressore 4: Acceso step 1 /;0;Cambia a 1;Evento;GF LT;LT 5;Acceso step;1;18:09:42|LT 5
79;26/09/2026 18:09:42;;CLIM /;DC09 / R02 / Terrazza tecnica;GF LT 5 / COMPRESSORE 04 /;Compressore 4: Richiesta /;0;Cambia a 1;Evento;GF LT;LT 5;Richiesta;1;18:09:42|LT 5
80;26/09/2026 18:10:02;;CLIM /;DC09 / R02 / Terrazza tecnica;GF LT 5 / COMPRESSORE 03 /;Compressore 4 modalita operativa /;0;Cambia a 1;Evento;GF LT;LT 5;Modalità operativa;1;18:10:02|LT 5
81;26/09/2026 18:10:02;;CLIM /;DC09 / R02 / Terrazza tecnica;GF LT 5 / COMPRESSORE 04 /;Compressore 1: Piena potenza /;0;Cambia a 1;Evento;GF LT;LT 5;Piena potenza;1;18:10:02|LT 5
82;26/09/2026 18:10:03;;CLIM /;DC09 / R02 / Terrazza tecnica;GF LT 4 / COMPRESSORE 02 /;Compressore 3 modalita operativa /;0;Cambia a 0;Evento;GF LT;LT 4;Modalità operativa;0;18:10:03|LT 4
83;26/09/2026 18:10:03;;CLIM /;DC09 / R02 / Terrazza tecnica;GF LT 4 / COMPRESSORE 03 /;Compressore 3: Acceso step 1 /;0;Cambia a 0;Evento;GF LT;LT 4;Acceso step;0;18:10:03|LT 4
84;26/09/2026 18:10:03;;CLIM /;DC09 / R02 / Terrazza tecnica;GF LT 4 / COMPRESSORE 03 /;Compressore 1: Piena potenza /;0;Cambia a 0;Evento;GF LT;LT 4;Piena potenza;0;18:10:03|LT 4
85;26/09/2026 18:10:03;;CLIM /;DC09 / R02 / Terrazza tecnica;GF LT 4 / COMPRESSORE 03 /;Compressore 1: Richiesta /;0;Cambia a 0;Evento;GF LT;LT 4;Richiesta;0;18:10:03|LT 4
86;26/09/2026 18:10:58;;CLIM /;DC09 / R02 / Terrazza tecnica;GF CTA PRO A 1-2 / COMPRESSORE 02 /;Compressore 2: Stato operativo /;0;Cambia a 1;Evento;GF CTA PRO;CTA PRO A 1-2;Stato operativo;1;18:10:58|CTA PRO A 1-2
87;26/09/2026 18:10:58;;CLIM /;DC09 / R02 / Terrazza tecnica;GF CTA PRO A 1-2 / COMPRESSORE 02 /;Compressore 2: Acceso step 1 /;0;Cambia a 1;Evento;GF CTA PRO;CTA PRO A 1-2;Acceso step;1;18:10:58|CTA PRO A 1-2
88;26/09/2026 18:10:58;;CLIM /;DC09 / R02 / Terrazza tecnica;GF CTA PRO A 1-2 / COMPRESSORE 02 /;Compressore 2: Piena potenza /;0;Cambia a 1;Evento;GF CTA PRO;CTA PRO A 1-2;Piena potenza;1;18:10:58|CTA PRO A 1-2
89;26/09/2026 18:10:58;;CLIM /;DC09 / R02 / Terrazza tecnica;GF CTA PRO A 1-2 / COMPRESSORE 02 /;Compressore 2: Richiesta /;0;Cambia a 1;Evento;GF CTA PRO;CTA PRO A 1-2;Richiesta;1;18:10:58|CTA PRO A 1-2
90;26/09/2026 18:11:02;;CLIM /;DC09 / R02 / Terrazza tecnica;GF LT 4 / COMPRESSORE 03 /;Compressore 4 modalita operativa /;0;Cambia a 0;Evento;GF LT;LT 4;Modalità operativa;0;18:11:02|LT 4
91;26/09/2026 18:11:02;;CLIM /;DC09 / R02 / Terrazza tecnica;GF LT 4 / COMPRESSORE 04 /;Compressore 4: Acceso step 1 /;0;Cambia a 0;Evento;GF LT;LT 4;Acceso step;0;18:11:02|LT 4
92;26/09/2026 18:11:02;;CLIM /;DC09 / R02 / Terrazza tecnica;GF LT 4 / COMPRESSORE 04 /;Compressore 1: Piena potenza /;0;Cambia a 0;Evento;GF LT;LT 4;Piena potenza;0;18:11:02|LT 4
93;26/09/2026 18:11:02;;CLIM /;DC09 / R02 / Terrazza tecnica;GF LT 4 / COMPRESSORE 04 /;Compressore 4: Richiesta /;0;Cambia a 0;Evento;GF LT;LT 4;Richiesta;0;18:11:02|LT 4
94;26/09/2026 18:11:29;;CLIM /;DC09 / R02 / Terrazza tecnica;GF CTA PRO B 3-4 / COMPRESSORE 02 /;Compressore 2: Stato operativo /;0;Cambia a 1;Evento;GF CTA PRO;CTA PRO B 3-4;Stato operativo;1;18:11:29|CTA PRO B 3-4
95;26/09/2026 18:11:29;;CLIM /;DC09 / R02 / Terrazza tecnica;GF CTA PRO B 3-4 / COMPRESSORE 02 /;Compressore 2: Acceso step 1 /;0;Cambia a 1;Evento;GF CTA PRO;CTA PRO B 3-4;Acceso step;1;18:11:29|CTA PRO B 3-4
96;26/09/2026 18:11:29;;CLIM /;DC09 / R02 / Terrazza tecnica;GF CTA PRO B 3-4 / COMPRESSORE 02 /;Compressore 2: Piena potenza /;0;Cambia a 1;Evento;GF CTA PRO;CTA PRO B 3-4;Piena potenza;1;18:11:29|CTA PRO B 3-4
97;26/09/2026 18:11:29;;CLIM /;DC09 / R02 / Terrazza tecnica;GF CTA PRO B 3-4 / COMPRESSORE 02 /;Compressore 2: Richiesta /;0;Cambia a 1;Evento;GF CTA PRO;CTA PRO B 3-4;Richiesta;1;18:11:29|CTA PRO B 3-4
98;26/09/2026 18:11:37;;CLIM /;DC09 / R02 / Terrazza tecnica;GF LT 2 / COMPRESSORE 02 /;Compressore 3 modalita operativa /;0;Cambia a 1;Evento;GF LT;LT 2;Modalità operativa;1;18:11:37|LT 2
99;26/09/2026 18:11:37;;CLIM /;DC09 / R02 / Terrazza tecnica;GF LT 2 / COMPRESSORE 03 /;Compressore 3: Acceso step 1 /;0;Cambia a 1;Evento;GF LT;LT 2;Acceso step;1;18:11:37|LT 2
100;26/09/2026 18:11:37;;CLIM /;DC09 / R02 / Terrazza tecnica;GF LT 2 / COMPRESSORE 03 /;Compressore 1: Piena potenza /;0;Cambia a 1;Evento;GF LT;LT 2;Piena potenza;1;18:11:37|LT 2
101;26/09/2026 18:11:37;;CLIM /;DC09 / R02 / Terrazza tecnica;GF LT 2 / COMPRESSORE 03 /;Compressore 1: Richiesta /;0;Cambia a 1;Evento;GF LT;LT 2;Richiesta;1;18:11:37|LT 2
102;26/09/2026 18:12:00;;CLIM /;DC09 / R02 / SALA DATI B2/B4;GF FW B2-B4.6 / COMPRESSORE 01 /;Compressore 1: Freecooling /;0;Cambia a 1;Evento;GF FW;FW B2-B4.6;Freecooling;1;18:12:00|FW B2-B4.6
103;26/09/2026 18:12:00;;CLIM /;DC09 / R02 / SALA DATI B2/B4;GF FW B2-B4.6 / COMPRESSORE 02 /;Compressore 2: Freecooling /;0;Cambia a 1;Evento;GF FW;FW B2-B4.6;Freecooling;1;18:12:00|FW B2-B4.6
104;26/09/2026 18:12:36;;CLIM /;DC09 / R02 / Terrazza tecnica;GF LT 2 / COMPRESSORE 01 /;Compressore 1 modalita operativa /;0;Cambia a 1;Evento;GF LT;LT 2;Modalità operativa;1;18:12:36|LT 2
105;26/09/2026 18:12:36;;CLIM /;DC09 / R02 / Terrazza tecnica;GF LT 2 / COMPRESSORE 01 /;Compressore 1: Acceso step 1 /;0;Cambia a 1;Evento;GF LT;LT 2;Acceso step;1;18:12:36|LT 2
106;26/09/2026 18:12:36;;CLIM /;DC09 / R02 / Terrazza tecnica;GF LT 2 / COMPRESSORE 01 /;Compressore 1: Piena potenza /;0;Cambia a 1;Evento;GF LT;LT 2;Piena potenza;1;18:12:36|LT 2
107;26/09/2026 18:12:36;;CLIM /;DC09 / R02 / Terrazza tecnica;GF LT 2 / COMPRESSORE 01 /;Compressore 1: Richiesta /;0;Cambia a 1;Evento;GF LT;LT 2;Richiesta;1;18:12:36|LT 2
108;26/09/2026 18:13:35;;CLIM /;DC09 / R02 / Terrazza tecnica;GF LT 2 / COMPRESSORE 02 /;Compressore 2 modalita operativa /;0;Cambia a 0;Evento;GF LT;LT 2;Modalità operativa;0;18:13:35|LT 2
109;26/09/2026 18:13:35;;CLIM /;DC09 / R02 / Terrazza tecnica;GF LT 2 / COMPRESSORE 02 /;Compressore 2: Acceso step 1 /;0;Cambia a 0;Evento;GF LT;LT 2;Acceso step;0;18:13:35|LT 2
110;26/09/2026 18:13:35;;CLIM /;DC09 / R02 / Terrazza tecnica;GF LT 2 / COMPRESSORE 02 /;Compressore 1: Piena potenza /;0;Cambia a 0;Evento;GF LT;LT 2;Piena potenza;0;18:13:35|LT 2
111;26/09/2026 18:13:35;;CLIM /;DC09 / R02 / Terrazza tecnica;GF LT 2 / COMPRESSORE 02 /;Compressore 1: Richiesta /;0;Cambia a 0;Evento;GF LT;LT 2;Richiesta;0;18:13:35|LT 2
112;26/09/2026 18:13:42;;CLIM /;DC09 / R02 / Terrazza tecnica;GF CTA PRO A 3-4 / COMPRESSORE 02 /;Compressore 2: Stato operativo /;0;Cambia a 1;Evento;GF CTA PRO;CTA PRO A 3-4;Stato operativo;1;18:13:42|CTA PRO A 3-4
113;26/09/2026 18:13:42;;CLIM /;DC09 / R02 / Terrazza tecnica;GF CTA PRO A 3-4 / COMPRESSORE 02 /;Compressore 2: Acceso step 1 /;0;Cambia a 1;Evento;GF CTA PRO;CTA PRO A 3-4;Acceso step;1;18:13:42|CTA PRO A 3-4
114;26/09/2026 18:13:42;;CLIM /;DC09 / R02 / Terrazza tecnica;GF CTA PRO A 3-4 / COMPRESSORE 02 /;Compressore 2: Piena potenza /;0;Cambia a 1;Evento;GF CTA PRO;CTA PRO A 3-4;Piena potenza;1;18:13:42|CTA PRO A 3-4
115;26/09/2026 18:13:42;;CLIM /;DC09 / R02 / Terrazza tecnica;GF CTA PRO A 3-4 / COMPRESSORE 02 /;Compressore 2: Richiesta /;0;Cambia a 1;Evento;GF CTA PRO;CTA PRO A 3-4;Richiesta;1;18:13:42|CTA PRO A 3-4
116;26/09/2026 18:13:54;;CLIM /;DC09 / R02 / Terrazza tecnica;GF CTA PRO A 1-2 / COMPRESSORE 02 /;Compressore 2: Stato operativo /;0;Cambia a 0;Evento;GF CTA PRO;CTA PRO A 1-2;Stato operativo;0;18:13:54|CTA PRO A 1-2
117;26/09/2026 18:13:54;;CLIM /;DC09 / R02 / Terrazza tecnica;GF CTA PRO A 1-2 / COMPRESSORE 02 /;Compressore 2: Acceso step 1 /;0;Cambia a 0;Evento;GF CTA PRO;CTA PRO A 1-2;Acceso step;0;18:13:54|CTA PRO A 1-2
118;26/09/2026 18:13:54;;CLIM /;DC09 / R02 / Terrazza tecnica;GF CTA PRO A 1-2 / COMPRESSORE 02 /;Compressore 2: Piena potenza /;0;Cambia a 0;Evento;GF CTA PRO;CTA PRO A 1-2;Piena potenza;0;18:13:54|CTA PRO A 1-2
119;26/09/2026 18:13:54;;CLIM /;DC09 / R02 / Terrazza tecnica;GF CTA PRO A 1-2 / COMPRESSORE 02 /;Compressore 2: Richiesta /;0;Cambia a 0;Evento;GF CTA PRO;CTA PRO A 1-2;Richiesta;0;18:13:54|CTA PRO A 1-2
120;26/09/2026 18:14:06;;CLIM /;DC09 / R02 / SALA DATI B2/B4;GF FW B2-B4.5 / COMPRESSORE 01 /;Compressore 1: Pompa spenta /;0;Cambia a 1;Evento;GF FW;FW B2-B4.5;Pompa spenta;1;18:14:06|FW B2-B4.5
121;26/09/2026 18:14:10;;CLIM /;DC09 / R02 / SALA DATI B2/B4;GF FW B2-B4.5 / COMPRESSORE 01 /;Stato di funzionamento compressore 1 /;0;Cambia a 0;Evento;GF FW;FW B2-B4.5;Stato funzionamento;0;18:14:10|FW B2-B4.5
122;26/09/2026 18:14:10;;CLIM /;DC09 / R02 / SALA DATI B2/B4;GF FW B2-B4.5 / COMPRESSORE 01 /;Compressore 1: Pompa spenta /;0;Cambia a 0;Evento;GF FW;FW B2-B4.5;Pompa spenta;0;18:14:10|FW B2-B4.5
123;26/09/2026 18:14:10;;CLIM /;DC09 / R02 / SALA DATI B2/B4;GF FW B2-B4.5 / COMPRESSORE 01 /;Compressore 1: Piena potenza /;0;Cambia a 0;Evento;GF FW;FW B2-B4.5;Piena potenza;0;18:14:10|FW B2-B4.5
124;26/09/2026 18:14:10;;CLIM /;DC09 / R02 / SALA DATI B2/B4;GF FW B2-B4.5 / COMPRESSORE 01 /;Compressore 1: Richiesta /;0;Cambia a 0;Evento;GF FW;FW B2-B4.5;Richiesta;0;18:14:10|FW B2-B4.5
125;26/09/2026 18:14:19;;CLIM /;DC09 / R02 / Terrazza tecnica;GF LT 4 / COMPRESSORE 01 /;Compressore 1 modalita operativa /;0;Cambia a 1;Evento;GF LT;LT 4;Modalità operativa;1;18:14:19|LT 4
126;26/09/2026 18:14:19;;CLIM /;DC09 / R02 / Terrazza tecnica;GF LT 4 / COMPRESSORE 01 /;Compressore 1: Acceso step 1 /;0;Cambia a 1;Evento;GF LT;LT 4;Acceso step;1;18:14:19|LT 4
127;26/09/2026 18:14:19;;CLIM /;DC09 / R02 / Terrazza tecnica;GF LT 4 / COMPRESSORE 01 /;Compressore 1: Piena potenza /;0;Cambia a 1;Evento;GF LT;LT 4;Piena potenza;1;18:14:19|LT 4
128;26/09/2026 18:14:19;;CLIM /;DC09 / R02 / Terrazza tecnica;GF LT 4 / COMPRESSORE 01 /;Compressore 1: Richiesta /;0;Cambia a 1;Evento;GF LT;LT 4;Richiesta;1;18:14:19|LT 4
129;26/09/2026 18:14:47;;CLIM /;DC09 / R02 / SALA DATI A2/A4;GF FW A2-A4.1 / COMPRESSORE 02 /;Compressore 2: Pompa spenta /;0;Cambia a 1;Evento;GF FW;FW A2-A4.1;Pompa spenta;1;18:14:47|FW A2-A4.1
130;26/09/2026 18:14:47;;CLIM /;DC09 / R02 / SALA DATI A2/A4;GF FW A2-A4.1 / COMPRESSORE 02 /;Compressore 2: Acceso step 2 /;0;Cambia a 0;Evento;GF FW;FW A2-A4.1;Acceso step;0;18:14:47|FW A2-A4.1
131;26/09/2026 18:14:51;;CLIM /;DC09 / R02 / SALA DATI A2/A4;GF FW A2-A4.1 / COMPRESSORE 02 /;Stato di funzionamento compressore 2 /;0;Cambia a 0;Evento;GF FW;FW A2-A4.1;Stato funzionamento;0;18:14:51|FW A2-A4.1
132;26/09/2026 18:14:51;;CLIM /;DC09 / R02 / SALA DATI A2/A4;GF FW A2-A4.1 / COMPRESSORE 02 /;Compressore 2: Pompa spenta /;0;Cambia a 0;Evento;GF FW;FW A2-A4.1;Pompa spenta;0;18:14:51|FW A2-A4.1
133;26/09/2026 18:14:51;;CLIM /;DC09 / R02 / SALA DATI A2/A4;GF FW A2-A4.1 / COMPRESSORE 02 /;Compressore 2: Acceso step 2 /;0;Cambia a 1;Evento;GF FW;FW A2-A4.1;Acceso step;1;18:14:51|FW A2-A4.1
134;26/09/2026 18:14:51;;CLIM /;DC09 / R02 / SALA DATI A2/A4;GF FW A2-A4.1 / COMPRESSORE 02 /;Compressore 2: Piena potenza /;0;Cambia a 0;Evento;GF FW;FW A2-A4.1;Piena potenza;0;18:14:51|FW A2-A4.1
135;26/09/2026 18:14:51;;CLIM /;DC09 / R02 / SALA DATI A2/A4;GF FW A2-A4.1 / COMPRESSORE 02 /;Compressore 2: Richiesta /;0;Cambia a 0;Evento;GF FW;FW A2-A4.1;Richiesta;0;18:14:51|FW A2-A4.1
136;26/09/2026 18:15:15;;CLIM /;DC09 / R02 / Terrazza tecnica;GF LT 5 / COMPRESSORE 03 /;Compressore 4 modalita operativa /;0;Cambia a 0;Evento;GF LT;LT 5;Modalità operativa;0;18:15:15|LT 5
137;26/09/2026 18:15:15;;CLIM /;DC09 / R02 / Terrazza tecnica;GF LT 5 / COMPRESSORE 04 /;Compressore 4: Acceso step 1 /;0;Cambia a 0;Evento;GF LT;LT 5;Acceso step;0;18:15:15|LT 5
138;26/09/2026 18:15:15;;CLIM /;DC09 / R02 / Terrazza tecnica;GF LT 5 / COMPRESSORE 04 /;Compressore 1: Piena potenza /;0;Cambia a 0;Evento;GF LT;LT 5;Piena potenza;0;18:15:15|LT 5
139;26/09/2026 18:15:15;;CLIM /;DC09 / R02 / Terrazza tecnica;GF LT 5 / COMPRESSORE 04 /;Compressore 4: Richiesta /;0;Cambia a 0;Evento;GF LT;LT 5;Richiesta;0;18:15:15|LT 5
140;26/09/2026 18:15:21;;CLIM /;DC09 / R02 / SALA DATI B1/B3;GF FW B1-B3.4 / COMPRESSORE 02 /;Compressore 2: Acceso step 2 /;0;Cambia a 0;Evento;GF FW;FW B1-B3.4;Acceso step;0;18:15:21|FW B1-B3.4
141;26/09/2026 18:15:21;;CLIM /;DC09 / R02 / SALA DATI B1/B3;GF FW B1-B3.4 / COMPRESSORE 02 /;Compressore 2: Acceso step 1 /;0;Cambia a 1;Evento;GF FW;FW B1-B3.4;Acceso step;1;18:15:21|FW B1-B3.4
142;26/09/2026 18:15:33;;CLIM /;DC09 / R02 / Terrazza tecnica;GF LT 2 / COMPRESSORE 02 /;Compressore 3 modalita operativa /;0;Cambia a 0;Evento;GF LT;LT 2;Modalità operativa;0;18:15:33|LT 2
143;26/09/2026 18:15:33;;CLIM /;DC09 / R02 / Terrazza tecnica;GF LT 2 / COMPRESSORE 03 /;Compressore 3: Acceso step 1 /;0;Cambia a 0;Evento;GF LT;LT 2;Acceso step;0;18:15:33|LT 2
144;26/09/2026 18:15:33;;CLIM /;DC09 / R02 / Terrazza tecnica;GF LT 2 / COMPRESSORE 03 /;Compressore 1: Piena potenza /;0;Cambia a 0;Evento;GF LT;LT 2;Piena potenza;0;18:15:33|LT 2
145;26/09/2026 18:15:33;;CLIM /;DC09 / R02 / Terrazza tecnica;GF LT 2 / COMPRESSORE 03 /;Compressore 1: Richiesta /;0;Cambia a 0;Evento;GF LT;LT 2;Richiesta;0;18:15:33|LT 2
146;26/09/2026 18:15:53;;CLIM /;DC09 / R02 / Terrazza tecnica;GF CTA PRO B 1-2 / COMPRESSORE 01 /;Compressore 1: Acceso step 1 /;0;Cambia a 1;Evento;GF CTA PRO;CTA PRO B 1-2;Acceso step;1;18:15:53|CTA PRO B 1-2
147;26/09/2026 18:15:53;;CLIM /;DC09 / R02 / Terrazza tecnica;GF CTA PRO B 1-2 / COMPRESSORE 01 /;Compressore 1: Richiesta /;0;Cambia a 1;Evento;GF CTA PRO;CTA PRO B 1-2;Richiesta;1;18:15:53|CTA PRO B 1-2
148;26/09/2026 18:16:12;;CLIM /;DC09 / R02 / Terrazza tecnica;GF CTA PRO B 1-2 / COMPRESSORE 01 /;Compressore 1: Stato operativo /;0;Cambia a 1;Evento;GF CTA PRO;CTA PRO B 1-2;Stato operativo;1;18:16:12|CTA PRO B 1-2
149;26/09/2026 18:16:12;;CLIM /;DC09 / R02 / Terrazza tecnica;GF CTA PRO B 1-2 / COMPRESSORE 01 /;Compressore 1: Piena potenza /;0;Cambia a 1;Evento;GF CTA PRO;CTA PRO B 1-2;Piena potenza;1;18:16:12|CTA PRO B 1-2
150;26/09/2026 18:16:56;;CLIM /;DC09 / R02 / Terrazza tecnica;GF LT 4 / COMPRESSORE 01 /;Compressore 1 modalita operativa /;0;Cambia a 0;Evento;GF LT;LT 4;Modalità operativa;0;18:16:56|LT 4
151;26/09/2026 18:16:56;;CLIM /;DC09 / R02 / Terrazza tecnica;GF LT 4 / COMPRESSORE 01 /;Compressore 1: Acceso step 1 /;0;Cambia a 0;Evento;GF LT;LT 4;Acceso step;0;18:16:56|LT 4
152;26/09/2026 18:16:56;;CLIM /;DC09 / R02 / Terrazza tecnica;GF LT 4 / COMPRESSORE 01 /;Compressore 1: Piena potenza /;0;Cambia a 0;Evento;GF LT;LT 4;Piena potenza;0;18:16:56|LT 4
153;26/09/2026 18:16:56;;CLIM /;DC09 / R02 / Terrazza tecnica;GF LT 4 / COMPRESSORE 01 /;Compressore 1: Richiesta /;0;Cambia a 0;Evento;GF LT;LT 4;Richiesta;0;18:16:56|LT 4
154;26/09/2026 18:17:02;;CLIM /;DC09 / R02 / Terrazza tecnica;GF CTA PRO B 3-4 / COMPRESSORE 02 /;Compressore 2: Stato operativo /;0;Cambia a 0;Evento;GF CTA PRO;CTA PRO B 3-4;Stato operativo;0;18:17:02|CTA PRO B 3-4
155;26/09/2026 18:17:02;;CLIM /;DC09 / R02 / Terrazza tecnica;GF CTA PRO B 3-4 / COMPRESSORE 02 /;Compressore 2: Acceso step 1 /;0;Cambia a 0;Evento;GF CTA PRO;CTA PRO B 3-4;Acceso step;0;18:17:02|CTA PRO B 3-4
156;26/09/2026 18:17:02;;CLIM /;DC09 / R02 / Terrazza tecnica;GF CTA PRO B 3-4 / COMPRESSORE 02 /;Compressore 2: Piena potenza /;0;Cambia a 0;Evento;GF CTA PRO;CTA PRO B 3-4;Piena potenza;0;18:17:02|CTA PRO B 3-4
157;26/09/2026 18:17:02;;CLIM /;DC09 / R02 / Terrazza tecnica;GF CTA PRO B 3-4 / COMPRESSORE 02 /;Compressore 2: Richiesta /;0;Cambia a 0;Evento;GF CTA PRO;CTA PRO B 3-4;Richiesta;0;18:17:02|CTA PRO B 3-4
158;26/09/2026 18:17:57;;CLIM /;DC09 / R02 / Terrazza tecnica;GF CTA PRO A 3-4 / COMPRESSORE 02 /;Compressore 2: Stato operativo /;0;Cambia a 0;Evento;GF CTA PRO;CTA PRO A 3-4;Stato operativo;0;18:17:57|CTA PRO A 3-4
159;26/09/2026 18:17:57;;CLIM /;DC09 / R02 / Terrazza tecnica;GF CTA PRO A 3-4 / COMPRESSORE 02 /;Compressore 2: Acceso step 1 /;0;Cambia a 0;Evento;GF CTA PRO;CTA PRO A 3-4;Acceso step;0;18:17:57|CTA PRO A 3-4
160;26/09/2026 18:17:57;;CLIM /;DC09 / R02 / Terrazza tecnica;GF CTA PRO A 3-4 / COMPRESSORE 02 /;Compressore 2: Piena potenza /;0;Cambia a 0;Evento;GF CTA PRO;CTA PRO A 3-4;Piena potenza;0;18:17:57|CTA PRO A 3-4
161;26/09/2026 18:17:57;;CLIM /;DC09 / R02 / Terrazza tecnica;GF CTA PRO A 3-4 / COMPRESSORE 02 /;Compressore 2: Richiesta /;0;Cambia a 0;Evento;GF CTA PRO;CTA PRO A 3-4;Richiesta;0;18:17:57|CTA PRO A 3-4
162;26/09/2026 18:18:41;;CLIM /;DC09 / R02 / Terrazza tecnica;GF LT 6 / COMPRESSORE 01 /;Compressore 1 modalita operativa /;0;Cambia a 1;Evento;GF LT;LT 6;Modalità operativa;1;18:18:41|LT 6
163;26/09/2026 18:18:41;;CLIM /;DC09 / R02 / Terrazza tecnica;GF LT 6 / COMPRESSORE 01 /;Compressore 1: Acceso step 1 /;0;Cambia a 1;Evento;GF LT;LT 6;Acceso step;1;18:18:41|LT 6
164;26/09/2026 18:18:41;;CLIM /;DC09 / R02 / Terrazza tecnica;GF LT 6 / COMPRESSORE 01 /;Compressore 1: Piena potenza /;0;Cambia a 1;Evento;GF LT;LT 6;Piena potenza;1;18:18:41|LT 6
165;26/09/2026 18:18:41;;CLIM /;DC09 / R02 / Terrazza tecnica;GF LT 6 / COMPRESSORE 01 /;Compressore 1: Richiesta /;0;Cambia a 1;Evento;GF LT;LT 6;Richiesta;1;18:18:41|LT 6
166;26/09/2026 18:19:04;;CLIM /;DC09 / R02 / SALA DATI B2/B4;GF FW B2-B4.5 / COMPRESSORE 01 /;Compressore 1: Richiesta /;0;Cambia a 1;Evento;GF FW;FW B2-B4.5;Richiesta;1;18:19:04|FW B2-B4.5
167;26/09/2026 18:19:06;;CLIM /;DC09 / R02 / SALA DATI B2/B4;GF FW B2-B4.5 / COMPRESSORE 01 /;Stato di funzionamento compressore 1 /;0;Cambia a 1;Evento;GF FW;FW B2-B4.5;Stato funzionamento;1;18:19:06|FW B2-B4.5
168;26/09/2026 18:19:06;;CLIM /;DC09 / R02 / SALA DATI B2/B4;GF FW B2-B4.5 / COMPRESSORE 01 /;Compressore 1: Piena potenza /;0;Cambia a 1;Evento;GF FW;FW B2-B4.5;Piena potenza;1;18:19:06|FW B2-B4.5
169;26/09/2026 18:19:09;;CLIM /;DC09 / R02 / Terrazza tecnica;GF LT 2 / COMPRESSORE 03 /;Compressore 4 modalita operativa /;0;Cambia a 1;Evento;GF LT;LT 2;Modalità operativa;1;18:19:09|LT 2
170;26/09/2026 18:19:09;;CLIM /;DC09 / R02 / Terrazza tecnica;GF LT 2 / COMPRESSORE 04 /;Compressore 4: Acceso step 1 /;0;Cambia a 1;Evento;GF LT;LT 2;Acceso step;1;18:19:09|LT 2
171;26/09/2026 18:19:09;;CLIM /;DC09 / R02 / Terrazza tecnica;GF LT 2 / COMPRESSORE 04 /;Compressore 1: Piena potenza /;0;Cambia a 1;Evento;GF LT;LT 2;Piena potenza;1;18:19:09|LT 2
172;26/09/2026 18:19:09;;CLIM /;DC09 / R02 / Terrazza tecnica;GF LT 2 / COMPRESSORE 04 /;Compressore 4: Richiesta /;0;Cambia a 1;Evento;GF LT;LT 2;Richiesta;1;18:19:09|LT 2
173;26/09/2026 18:19:14;;CLIM /;DC09 / R02 / Terrazza tecnica;GF LT 4 / COMPRESSORE 02 /;Compressore 3 modalita operativa /;0;Cambia a 1;Evento;GF LT;LT 4;Modalità operativa;1;18:19:14|LT 4
174;26/09/2026 18:19:14;;CLIM /;DC09 / R02 / Terrazza tecnica;GF LT 4 / COMPRESSORE 03 /;Compressore 3: Acceso step 1 /;0;Cambia a 1;Evento;GF LT;LT 4;Acceso step;1;18:19:14|LT 4
175;26/09/2026 18:19:14;;CLIM /;DC09 / R02 / Terrazza tecnica;GF LT 4 / COMPRESSORE 03 /;Compressore 1: Piena potenza /;0;Cambia a 1;Evento;GF LT;LT 4;Piena potenza;1;18:19:14|LT 4
176;26/09/2026 18:19:14;;CLIM /;DC09 / R02 / Terrazza tecnica;GF LT 4 / COMPRESSORE 03 /;Compressore 1: Richiesta /;0;Cambia a 1;Evento;GF LT;LT 4;Richiesta;1;18:19:14|LT 4
177;26/09/2026 18:19:40;;CLIM /;DC09 / R02 / Terrazza tecnica;GF LT 6 / COMPRESSORE 02 /;Compressore 2 modalita operativa /;0;Cambia a 0;Evento;GF LT;LT 6;Modalità operativa;0;18:19:40|LT 6
178;26/09/2026 18:19:40;;CLIM /;DC09 / R02 / Terrazza tecnica;GF LT 6 / COMPRESSORE 02 /;Compressore 2: Acceso step 1 /;0;Cambia a 0;Evento;GF LT;LT 6;Acceso step;0;18:19:40|LT 6
179;26/09/2026 18:19:40;;CLIM /;DC09 / R02 / Terrazza tecnica;GF LT 6 / COMPRESSORE 02 /;Compressore 1: Piena potenza /;0;Cambia a 0;Evento;GF LT;LT 6;Piena potenza;0;18:19:40|LT 6
180;26/09/2026 18:19:40;;CLIM /;DC09 / R02 / Terrazza tecnica;GF LT 6 / COMPRESSORE 02 /;Compressore 1: Richiesta /;0;Cambia a 0;Evento;GF LT;LT 6;Richiesta;0;18:19:40|LT 6
181;26/09/2026 18:19:48;;CLIM /;DC09 / R02 / Terrazza tecnica;GF LT 2 / COMPRESSORE 02 /;Compressore 3 modalita operativa /;0;Cambia a 1;Evento;GF LT;LT 2;Modalità operativa;1;18:19:48|LT 2
182;26/09/2026 18:19:48;;CLIM /;DC09 / R02 / Terrazza tecnica;GF LT 2 / COMPRESSORE 03 /;Compressore 3: Acceso step 1 /;0;Cambia a 1;Evento;GF LT;LT 2;Acceso step;1;18:19:48|LT 2
183;26/09/2026 18:19:48;;CLIM /;DC09 / R02 / Terrazza tecnica;GF LT 2 / COMPRESSORE 03 /;Compressore 1: Piena potenza /;0;Cambia a 1;Evento;GF LT;LT 2;Piena potenza;1;18:19:48|LT 2
184;26/09/2026 18:19:48;;CLIM /;DC09 / R02 / Terrazza tecnica;GF LT 2 / COMPRESSORE 03 /;Compressore 1: Richiesta /;0;Cambia a 1;Evento;GF LT;LT 2;Richiesta;1;18:19:48|LT 2
185;26/09/2026 18:20:58;;CLIM /;DC09 / R02 / Terrazza tecnica;GF LT 6 / COMPRESSORE 01 /;Compressore 1 modalita operativa /;0;Cambia a 0;Evento;GF LT;LT 6;Modalità operativa;0;18:20:58|LT 6
186;26/09/2026 18:20:58;;CLIM /;DC09 / R02 / Terrazza tecnica;GF LT 6 / COMPRESSORE 01 /;Compressore 1: Acceso step 1 /;0;Cambia a 0;Evento;GF LT;LT 6;Acceso step;0;18:20:58|LT 6
187;26/09/2026 18:20:58;;CLIM /;DC09 / R02 / Terrazza tecnica;GF LT 6 / COMPRESSORE 01 /;Compressore 1: Piena potenza /;0;Cambia a 0;Evento;GF LT;LT 6;Piena potenza;0;18:20:58|LT 6
188;26/09/2026 18:20:58;;CLIM /;DC09 / R02 / Terrazza tecnica;GF LT 6 / COMPRESSORE 01 /;Compressore 1: Richiesta /;0;Cambia a 0;Evento;GF LT;LT 6;Richiesta;0;18:20:58|LT 6
189;26/09/2026 18:21:06;;CLIM /;DC09 / R02 / Terrazza tecnica;GF LT 2 / COMPRESSORE 03 /;Compressore 4 modalita operativa /;0;Cambia a 0;Evento;GF LT;LT 2;Modalità operativa;0;18:21:06|LT 2
190;26/09/2026 18:21:06;;CLIM /;DC09 / R02 / Terrazza tecnica;GF LT 2 / COMPRESSORE 04 /;Compressore 4: Acceso step 1 /;0;Cambia a 0;Evento;GF LT;LT 2;Acceso step;0;18:21:06|LT 2
191;26/09/2026 18:21:06;;CLIM /;DC09 / R02 / Terrazza tecnica;GF LT 2 / COMPRESSORE 04 /;Compressore 1: Piena potenza /;0;Cambia a 0;Evento;GF LT;LT 2;Piena potenza;0;18:21:06|LT 2
192;26/09/2026 18:21:06;;CLIM /;DC09 / R02 / Terrazza tecnica;GF LT 2 / COMPRESSORE 04 /;Compressore 4: Richiesta /;0;Cambia a 0;Evento;GF LT;LT 2;Richiesta;0;18:21:06|LT 2
193;26/09/2026 18:21:45;;CLIM /;DC09 / R02 / Terrazza tecnica;GF CTA PRO A 1-2 / COMPRESSORE 01 /;Compressore 1: Stato operativo /;0;Cambia a 1;Evento;GF CTA PRO;CTA PRO A 1-2;Stato operativo;1;18:21:45|CTA PRO A 1-2
194;26/09/2026 18:21:45;;CLIM /;DC09 / R02 / Terrazza tecnica;GF CTA PRO A 1-2 / COMPRESSORE 01 /;Compressore 1: Acceso step 1 /;0;Cambia a 1;Evento;GF CTA PRO;CTA PRO A 1-2;Acceso step;1;18:21:45|CTA PRO A 1-2
195;26/09/2026 18:21:45;;CLIM /;DC09 / R02 / Terrazza tecnica;GF CTA PRO A 1-2 / COMPRESSORE 01 /;Compressore 1: Piena potenza /;0;Cambia a 1;Evento;GF CTA PRO;CTA PRO A 1-2;Piena potenza;1;18:21:45|CTA PRO A 1-2
196;26/09/2026 18:21:45;;CLIM /;DC09 / R02 / Terrazza tecnica;GF CTA PRO A 1-2 / COMPRESSORE 01 /;Compressore 1: Richiesta /;0;Cambia a 1;Evento;GF CTA PRO;CTA PRO A 1-2;Richiesta;1;18:21:45|CTA PRO A 1-2
197;26/09/2026 18:21:58;;CLIM /;DC09 / R02 / Terrazza tecnica;GF LT 6 / COMPRESSORE 02 /;Compressore 3 modalita operativa /;0;Cambia a 1;Evento;GF LT;LT 6;Modalità operativa;1;18:21:58|LT 6
198;26/09/2026 18:21:58;;CLIM /;DC09 / R02 / Terrazza tecnica;GF LT 6 / COMPRESSORE 03 /;Compressore 3: Acceso step 1 /;0;Cambia a 1;Evento;GF LT;LT 6;Acceso step;1;18:21:58|LT 6
199;26/09/2026 18:21:58;;CLIM /;DC09 / R02 / Terrazza tecnica;GF LT 6 / COMPRESSORE 03 /;Compressore 1: Piena potenza /;0;Cambia a 1;Evento;GF LT;LT 6;Piena potenza;1;18:21:58|LT 6
200;26/09/2026 18:21:58;;CLIM /;DC09 / R02 / Terrazza tecnica;GF LT 6 / COMPRESSORE 03 /;Compressore 1: Richiesta /;0;Cambia a 1;Evento;GF LT;LT 6;Richiesta;1;18:21:58|LT 6
201;26/09/2026 18:22:30;;CLIM /;DC09 / R02 / Terrazza tecnica;GF LT 4 / COMPRESSORE 02 /;Compressore 3 modalita operativa /;0;Cambia a 0;Evento;GF LT;LT 4;Modalità operativa;0;18:22:30|LT 4
202;26/09/2026 18:22:30;;CLIM /;DC09 / R02 / Terrazza tecnica;GF LT 4 / COMPRESSORE 03 /;Compressore 3: Acceso step 1 /;0;Cambia a 0;Evento;GF LT;LT 4;Acceso step;0;18:22:30|LT 4
203;26/09/2026 18:22:30;;CLIM /;DC09 / R02 / Terrazza tecnica;GF LT 4 / COMPRESSORE 03 /;Compressore 1: Piena potenza /;0;Cambia a 0;Evento;GF LT;LT 4;Piena potenza;0;18:22:30|LT 4
204;26/09/2026 18:22:30;;CLIM /;DC09 / R02 / Terrazza tecnica;GF LT 4 / COMPRESSORE 03 /;Compressore 1: Richiesta /;0;Cambia a 0;Evento;GF LT;LT 4;Richiesta;0;18:22:30|LT 4
205;26/09/2026 18:22:37;;CLIM /;DC09 / R02 / Terrazza tecnica;GF CTA PRO B 3-4 / COMPRESSORE 01 /;Compressore 1: Stato operativo /;0;Cambia a 1;Evento;GF CTA PRO;CTA PRO B 3-4;Stato operativo;1;18:22:37|CTA PRO B 3-4
206;26/09/2026 18:22:37;;CLIM /;DC09 / R02 / Terrazza tecnica;GF CTA PRO B 3-4 / COMPRESSORE 01 /;Compressore 1: Acceso step 1 /;0;Cambia a 1;Evento;GF CTA PRO;CTA PRO B 3-4;Acceso step;1;18:22:37|CTA PRO B 3-4
207;26/09/2026 18:22:37;;CLIM /;DC09 / R02 / Terrazza tecnica;GF CTA PRO B 3-4 / COMPRESSORE 01 /;Compressore 1: Piena potenza /;0;Cambia a 1;Evento;GF CTA PRO;CTA PRO B 3-4;Piena potenza;1;18:22:37|CTA PRO B 3-4
208;26/09/2026 18:22:37;;CLIM /;DC09 / R02 / Terrazza tecnica;GF CTA PRO B 3-4 / COMPRESSORE 01 /;Compressore 1: Richiesta /;0;Cambia a 1;Evento;GF CTA PRO;CTA PRO B 3-4;Richiesta;1;18:22:37|CTA PRO B 3-4
209;26/09/2026 18:22:45;;CLIM /;DC09 / R02 / Terrazza tecnica;GF LT 2 / COMPRESSORE 02 /;Compressore 3 modalita operativa /;0;Cambia a 0;Evento;GF LT;LT 2;Modalità operativa;0;18:22:45|LT 2
210;26/09/2026 18:22:45;;CLIM /;DC09 / R02 / Terrazza tecnica;GF LT 2 / COMPRESSORE 03 /;Compressore 3: Acceso step 1 /;0;Cambia a 0;Evento;GF LT;LT 2;Acceso step;0;18:22:45|LT 2
211;26/09/2026 18:22:45;;CLIM /;DC09 / R02 / Terrazza tecnica;GF LT 2 / COMPRESSORE 03 /;Compressore 1: Piena potenza /;0;Cambia a 0;Evento;GF LT;LT 2;Piena potenza;0;18:22:45|LT 2
212;26/09/2026 18:22:45;;CLIM /;DC09 / R02 / Terrazza tecnica;GF LT 2 / COMPRESSORE 03 /;Compressore 1: Richiesta /;0;Cambia a 0;Evento;GF LT;LT 2;Richiesta;0;18:22:45|LT 2
213;26/09/2026 18:23:48;;CLIM /;DC09 / R02 / SALA DATI B1/B3;GF FW B1-B3.3 / COMPRESSORE 01 /;Compressore 1: Freecooling /;0;Cambia a 1;Evento;GF FW;FW B1-B3.3;Freecooling;1;18:23:48|FW B1-B3.3
214;26/09/2026 18:23:48;;CLIM /;DC09 / R02 / SALA DATI B1/B3;GF FW B1-B3.3 / COMPRESSORE 02 /;Compressore 2: Freecooling /;0;Cambia a 1;Evento;GF FW;FW B1-B3.3;Freecooling;1;18:23:48|FW B1-B3.3
215;26/09/2026 18:24:22;;CLIM /;DC09 / R02 / Terrazza tecnica;GF CTA PRO A 1-2 / COMPRESSORE 01 /;Compressore 1: Stato operativo /;0;Cambia a 0;Evento;GF CTA PRO;CTA PRO A 1-2;Stato operativo;0;18:24:22|CTA PRO A 1-2
216;26/09/2026 18:24:22;;CLIM /;DC09 / R02 / Terrazza tecnica;GF CTA PRO A 1-2 / COMPRESSORE 01 /;Compressore 1: Acceso step 1 /;0;Cambia a 0;Evento;GF CTA PRO;CTA PRO A 1-2;Acceso step;0;18:24:22|CTA PRO A 1-2
217;26/09/2026 18:24:22;;CLIM /;DC09 / R02 / Terrazza tecnica;GF CTA PRO A 1-2 / COMPRESSORE 01 /;Compressore 1: Piena potenza /;0;Cambia a 0;Evento;GF CTA PRO;CTA PRO A 1-2;Piena potenza;0;18:24:22|CTA PRO A 1-2
218;26/09/2026 18:24:22;;CLIM /;DC09 / R02 / Terrazza tecnica;GF CTA PRO A 1-2 / COMPRESSORE 01 /;Compressore 1: Richiesta /;0;Cambia a 0;Evento;GF CTA PRO;CTA PRO A 1-2;Richiesta;0;18:24:22|CTA PRO A 1-2
219;26/09/2026 18:24:23;;CLIM /;DC09 / R02 / Terrazza tecnica;GF CTA PRO B 1-2 / COMPRESSORE 01 /;Compressore 1: Stato operativo /;0;Cambia a 0;Evento;GF CTA PRO;CTA PRO B 1-2;Stato operativo;0;18:24:23|CTA PRO B 1-2
220;26/09/2026 18:24:23;;CLIM /;DC09 / R02 / Terrazza tecnica;GF CTA PRO B 1-2 / COMPRESSORE 01 /;Compressore 1: Acceso step 1 /;0;Cambia a 0;Evento;GF CTA PRO;CTA PRO B 1-2;Acceso step;0;18:24:23|CTA PRO B 1-2
221;26/09/2026 18:24:23;;CLIM /;DC09 / R02 / Terrazza tecnica;GF CTA PRO B 1-2 / COMPRESSORE 01 /;Compressore 1: Piena potenza /;0;Cambia a 0;Evento;GF CTA PRO;CTA PRO B 1-2;Piena potenza;0;18:24:23|CTA PRO B 1-2
222;26/09/2026 18:24:23;;CLIM /;DC09 / R02 / Terrazza tecnica;GF CTA PRO B 1-2 / COMPRESSORE 01 /;Compressore 1: Richiesta /;0;Cambia a 0;Evento;GF CTA PRO;CTA PRO B 1-2;Richiesta;0;18:24:23|CTA PRO B 1-2
223;26/09/2026 18:24:46;;CLIM /;DC09 / R02 / SALA DATI A1/A3;GF FW A1-A3.4 / COMPRESSORE 02 /;Compressore 2: Pompa spenta /;0;Cambia a 1;Evento;GF FW;FW A1-A3.4;Pompa spenta;1;18:24:46|FW A1-A3.4
224;26/09/2026 18:24:46;;CLIM /;DC09 / R02 / SALA DATI A1/A3;GF FW A1-A3.4 / COMPRESSORE 02 /;Compressore 2: Acceso step 2 /;0;Cambia a 0;Evento;GF FW;FW A1-A3.4;Acceso step;0;18:24:46|FW A1-A3.4
225;26/09/2026 18:24:50;;CLIM /;DC09 / R02 / SALA DATI A1/A3;GF FW A1-A3.4 / COMPRESSORE 02 /;Stato di funzionamento compressore 2 /;0;Cambia a 0;Evento;GF FW;FW A1-A3.4;Stato funzionamento;0;18:24:50|FW A1-A3.4
226;26/09/2026 18:24:50;;CLIM /;DC09 / R02 / SALA DATI A1/A3;GF FW A1-A3.4 / COMPRESSORE 02 /;Compressore 2: Pompa spenta /;0;Cambia a 0;Evento;GF FW;FW A1-A3.4;Pompa spenta;0;18:24:50|FW A1-A3.4
227;26/09/2026 18:24:50;;CLIM /;DC09 / R02 / SALA DATI A1/A3;GF FW A1-A3.4 / COMPRESSORE 02 /;Compressore 2: Acceso step 2 /;0;Cambia a 1;Evento;GF FW;FW A1-A3.4;Acceso step;1;18:24:50|FW A1-A3.4
228;26/09/2026 18:24:50;;CLIM /;DC09 / R02 / SALA DATI A1/A3;GF FW A1-A3.4 / COMPRESSORE 02 /;Compressore 2: Piena potenza /;0;Cambia a 0;Evento;GF FW;FW A1-A3.4;Piena potenza;0;18:24:50|FW A1-A3.4
229;26/09/2026 18:24:50;;CLIM /;DC09 / R02 / SALA DATI A1/A3;GF FW A1-A3.4 / COMPRESSORE 02 /;Compressore 2: Richiesta /;0;Cambia a 0;Evento;GF FW;FW A1-A3.4;Richiesta;0;18:24:50|FW A1-A3.4
230;26/09/2026 18:24:59;;CLIM /;DC09 / R02 / SALA DATI B2/B4;GF FW B2-B4.3 / COMPRESSORE 02 /;Compressore 2: Acceso step 2 /;0;Cambia a 0;Evento;GF FW;FW B2-B4.3;Acceso step;0;18:24:59|FW B2-B4.3
231;26/09/2026 18:24:59;;CLIM /;DC09 / R02 / SALA DATI B2/B4;GF FW B2-B4.3 / COMPRESSORE 02 /;Compressore 2: Acceso step 1 /;0;Cambia a 1;Evento;GF FW;FW B2-B4.3;Acceso step;1;18:24:59|FW B2-B4.3
232;26/09/2026 18:25:07;;CLIM /;DC09 / R02 / Terrazza tecnica;GF LT 4 / COMPRESSORE 02 /;Compressore 2 modalita operativa /;0;Cambia a 1;Evento;GF LT;LT 4;Modalità operativa;1;18:25:07|LT 4
233;26/09/2026 18:25:07;;CLIM /;DC09 / R02 / Terrazza tecnica;GF LT 4 / COMPRESSORE 02 /;Compressore 2: Acceso step 1 /;0;Cambia a 1;Evento;GF LT;LT 4;Acceso step;1;18:25:07|LT 4
234;26/09/2026 18:25:07;;CLIM /;DC09 / R02 / Terrazza tecnica;GF LT 4 / COMPRESSORE 02 /;Compressore 1: Piena potenza /;0;Cambia a 1;Evento;GF LT;LT 4;Piena potenza;1;18:25:07|LT 4
235;26/09/2026 18:25:07;;CLIM /;DC09 / R02 / Terrazza tecnica;GF LT 4 / COMPRESSORE 02 /;Compressore 1: Richiesta /;0;Cambia a 1;Evento;GF LT;LT 4;Richiesta;1;18:25:07|LT 4
236;26/09/2026 18:26:21;;CLIM /;DC09 / R02 / Terrazza tecnica;GF LT 2 / COMPRESSORE 03 /;Compressore 4 modalita operativa /;0;Cambia a 1;Evento;GF LT;LT 2;Modalità operativa;1;18:26:21|LT 2
237;26/09/2026 18:26:21;;CLIM /;DC09 / R02 / Terrazza tecnica;GF LT 2 / COMPRESSORE 04 /;Compressore 4: Acceso step 1 /;0;Cambia a 1;Evento;GF LT;LT 2;Acceso step;1;18:26:21|LT 2
238;26/09/2026 18:26:21;;CLIM /;DC09 / R02 / Terrazza tecnica;GF LT 2 / COMPRESSORE 04 /;Compressore 1: Piena potenza /;0;Cambia a 1;Evento;GF LT;LT 2;Piena potenza;1;18:26:21|LT 2
239;26/09/2026 18:26:21;;CLIM /;DC09 / R02 / Terrazza tecnica;GF LT 2 / COMPRESSORE 04 /;Compressore 4: Richiesta /;0;Cambia a 1;Evento;GF LT;LT 2;Richiesta;1;18:26:21|LT 2
240;26/09/2026 18:28:10;;CLIM /;DC09 / R02 / Terrazza tecnica;GF CTA PRO B 3-4 / COMPRESSORE 01 /;Compressore 1: Stato operativo /;0;Cambia a 0;Evento;GF CTA PRO;CTA PRO B 3-4;Stato operativo;0;18:28:10|CTA PRO B 3-4
241;26/09/2026 18:28:10;;CLIM /;DC09 / R02 / Terrazza tecnica;GF CTA PRO B 3-4 / COMPRESSORE 01 /;Compressore 1: Acceso step 1 /;0;Cambia a 0;Evento;GF CTA PRO;CTA PRO B 3-4;Acceso step;0;18:28:10|CTA PRO B 3-4
242;26/09/2026 18:28:10;;CLIM /;DC09 / R02 / Terrazza tecnica;GF CTA PRO B 3-4 / COMPRESSORE 01 /;Compressore 1: Piena potenza /;0;Cambia a 0;Evento;GF CTA PRO;CTA PRO B 3-4;Piena potenza;0;18:28:10|CTA PRO B 3-4
243;26/09/2026 18:28:10;;CLIM /;DC09 / R02 / Terrazza tecnica;GF CTA PRO B 3-4 / COMPRESSORE 01 /;Compressore 1: Richiesta /;0;Cambia a 0;Evento;GF CTA PRO;CTA PRO B 3-4;Richiesta;0;18:28:10|CTA PRO B 3-4
244;26/09/2026 18:28:38;;CLIM /;DC09 / R02 / Terrazza tecnica;GF LT 2 / COMPRESSORE 02 /;Compressore 2 modalita operativa /;0;Cambia a 1;Evento;GF LT;LT 2;Modalità operativa;1;18:28:38|LT 2
245;26/09/2026 18:28:38;;CLIM /;DC09 / R02 / Terrazza tecnica;GF LT 2 / COMPRESSORE 02 /;Compressore 2: Acceso step 1 /;0;Cambia a 1;Evento;GF LT;LT 2;Acceso step;1;18:28:38|LT 2
246;26/09/2026 18:28:38;;CLIM /;DC09 / R02 / Terrazza tecnica;GF LT 2 / COMPRESSORE 02 /;Compressore 1: Piena potenza /;0;Cambia a 1;Evento;GF LT;LT 2;Piena potenza;1;18:28:38|LT 2
247;26/09/2026 18:28:38;;CLIM /;DC09 / R02 / Terrazza tecnica;GF LT 2 / COMPRESSORE 02 /;Compressore 1: Richiesta /;0;Cambia a 1;Evento;GF LT;LT 2;Richiesta;1;18:28:38|LT 2
248;26/09/2026 18:28:43;;CLIM /;DC09 / R02 / Terrazza tecnica;GF LT 4 / COMPRESSORE 02 /;Compressore 2 modalita operativa /;0;Cambia a 0;Evento;GF LT;LT 4;Modalità operativa;0;18:28:43|LT 4
249;26/09/2026 18:28:43;;CLIM /;DC09 / R02 / Terrazza tecnica;GF LT 4 / COMPRESSORE 02 /;Compressore 2: Acceso step 1 /;0;Cambia a 0;Evento;GF LT;LT 4;Acceso step;0;18:28:43|LT 4
250;26/09/2026 18:28:43;;CLIM /;DC09 / R02 / Terrazza tecnica;GF LT 4 / COMPRESSORE 02 /;Compressore 1: Piena potenza /;0;Cambia a 0;Evento;GF LT;LT 4;Piena potenza;0;18:28:43|LT 4
251;26/09/2026 18:28:43;;CLIM /;DC09 / R02 / Terrazza tecnica;GF LT 4 / COMPRESSORE 02 /;Compressore 1: Richiesta /;0;Cambia a 0;Evento;GF LT;LT 4;Richiesta;0;18:28:43|LT 4
252;26/09/2026 18:28:49;;CLIM /;DC09 / R02 / Terrazza tecnica;GF LT 6 / COMPRESSORE 02 /;Compressore 3 modalita operativa /;0;Cambia a 0;Evento;GF LT;LT 6;Modalità operativa;0;18:28:49|LT 6
253;26/09/2026 18:28:49;;CLIM /;DC09 / R02 / Terrazza tecnica;GF LT 6 / COMPRESSORE 03 /;Compressore 3: Acceso step 1 /;0;Cambia a 0;Evento;GF LT;LT 6;Acceso step;0;18:28:49|LT 6
254;26/09/2026 18:28:49;;CLIM /;DC09 / R02 / Terrazza tecnica;GF LT 6 / COMPRESSORE 03 /;Compressore 1: Piena potenza /;0;Cambia a 0;Evento;GF LT;LT 6;Piena potenza;0;18:28:49|LT 6
255;26/09/2026 18:28:49;;CLIM /;DC09 / R02 / Terrazza tecnica;GF LT 6 / COMPRESSORE 03 /;Compressore 1: Richiesta /;0;Cambia a 0;Evento;GF LT;LT 6;Richiesta;0;18:28:49|LT 6
256;26/09/2026 18:29:19;;CLIM /;DC09 / R02 / Terrazza tecnica;GF LT 5 / COMPRESSORE 01 /;Compressore 1 modalita operativa /;0;Cambia a 1;Evento;GF LT;LT 5;Modalità operativa;1;18:29:19|LT 5
257;26/09/2026 18:29:19;;CLIM /;DC09 / R02 / Terrazza tecnica;GF LT 5 / COMPRESSORE 01 /;Compressore 1: Acceso step 1 /;0;Cambia a 1;Evento;GF LT;LT 5;Acceso step;1;18:29:19|LT 5
258;26/09/2026 18:29:19;;CLIM /;DC09 / R02 / Terrazza tecnica;GF LT 5 / COMPRESSORE 01 /;Compressore 1: Piena potenza /;0;Cambia a 1;Evento;GF LT;LT 5;Piena potenza;1;18:29:19|LT 5
259;26/09/2026 18:29:19;;CLIM /;DC09 / R02 / Terrazza tecnica;GF LT 5 / COMPRESSORE 01 /;Compressore 1: Richiesta /;0;Cambia a 1;Evento;GF LT;LT 5;Richiesta;1;18:29:19|LT 5
260;26/09/2026 18:29:36;;CLIM /;DC09 / R02 / Terrazza tecnica;GF LT 2 / COMPRESSORE 01 /;Compressore 1 modalita operativa /;0;Cambia a 0;Evento;GF LT;LT 2;Modalità operativa;0;18:29:36|LT 2
261;26/09/2026 18:29:36;;CLIM /;DC09 / R02 / Terrazza tecnica;GF LT 2 / COMPRESSORE 01 /;Compressore 1: Acceso step 1 /;0;Cambia a 0;Evento;GF LT;LT 2;Acceso step;0;18:29:36|LT 2
262;26/09/2026 18:29:36;;CLIM /;DC09 / R02 / Terrazza tecnica;GF LT 2 / COMPRESSORE 01 /;Compressore 1: Piena potenza /;0;Cambia a 0;Evento;GF LT;LT 2;Piena potenza;0;18:29:36|LT 2
263;26/09/2026 18:29:36;;CLIM /;DC09 / R02 / Terrazza tecnica;GF LT 2 / COMPRESSORE 01 /;Compressore 1: Richiesta /;0;Cambia a 0;Evento;GF LT;LT 2;Richiesta;0;18:29:36|LT 2
264;26/09/2026 18:30:09;;CLIM /;DC09 / R02 / Terrazza tecnica;GF LT 6 / COMPRESSORE 02 /;Compressore 2 modalita operativa /;0;Cambia a 1;Evento;GF LT;LT 6;Modalità operativa;1;18:30:09|LT 6
265;26/09/2026 18:30:09;;CLIM /;DC09 / R02 / Terrazza tecnica;GF LT 6 / COMPRESSORE 02 /;Compressore 2: Acceso step 1 /;0;Cambia a 1;Evento;GF LT;LT 6;Acceso step;1;18:30:09|LT 6
266;26/09/2026 18:30:09;;CLIM /;DC09 / R02 / Terrazza tecnica;GF LT 6 / COMPRESSORE 02 /;Compressore 1: Piena potenza /;0;Cambia a 1;Evento;GF LT;LT 6;Piena potenza;1;18:30:09|LT 6
267;26/09/2026 18:30:09;;CLIM /;DC09 / R02 / Terrazza tecnica;GF LT 6 / COMPRESSORE 02 /;Compressore 1: Richiesta /;0;Cambia a 1;Evento;GF LT;LT 6;Richiesta;1;18:30:09|LT 6
268;26/09/2026 18:31:02;;CLIM /;DC09 / R02 / Terrazza tecnica;GF LT 4 / COMPRESSORE 03 /;Compressore 4 modalita operativa /;0;Cambia a 1;Evento;GF LT;LT 4;Modalità operativa;1;18:31:02|LT 4
269;26/09/2026 18:31:02;;CLIM /;DC09 / R02 / Terrazza tecnica;GF LT 4 / COMPRESSORE 04 /;Compressore 4: Acceso step 1 /;0;Cambia a 1;Evento;GF LT;LT 4;Acceso step;1;18:31:02|LT 4
270;26/09/2026 18:31:02;;CLIM /;DC09 / R02 / Terrazza tecnica;GF LT 4 / COMPRESSORE 04 /;Compressore 1: Piena potenza /;0;Cambia a 1;Evento;GF LT;LT 4;Piena potenza;1;18:31:02|LT 4
271;26/09/2026 18:31:02;;CLIM /;DC09 / R02 / Terrazza tecnica;GF LT 4 / COMPRESSORE 04 /;Compressore 4: Richiesta /;0;Cambia a 1;Evento;GF LT;LT 4;Richiesta;1;18:31:02|LT 4
272;26/09/2026 18:31:15;;CLIM /;DC09 / R02 / Terrazza tecnica;GF LT 2 / COMPRESSORE 03 /;Compressore 4 modalita operativa /;0;Cambia a 0;Evento;GF LT;LT 2;Modalità operativa;0;18:31:15|LT 2
273;26/09/2026 18:31:15;;CLIM /;DC09 / R02 / Terrazza tecnica;GF LT 2 / COMPRESSORE 04 /;Compressore 4: Acceso step 1 /;0;Cambia a 0;Evento;GF LT;LT 2;Acceso step;0;18:31:15|LT 2
274;26/09/2026 18:31:15;;CLIM /;DC09 / R02 / Terrazza tecnica;GF LT 2 / COMPRESSORE 04 /;Compressore 1: Piena potenza /;0;Cambia a 0;Evento;GF LT;LT 2;Piena potenza;0;18:31:15|LT 2
275;26/09/2026 18:31:15;;CLIM /;DC09 / R02 / Terrazza tecnica;GF LT 2 / COMPRESSORE 04 /;Compressore 4: Richiesta /;0;Cambia a 0;Evento;GF LT;LT 2;Richiesta;0;18:31:15|LT 2
276;26/09/2026 18:32:33;;CLIM /;DC09 / R02 / Terrazza tecnica;GF CTA PRO A 1-2 / COMPRESSORE 02 /;Compressore 2: Stato operativo /;0;Cambia a 1;Evento;GF CTA PRO;CTA PRO A 1-2;Stato operativo;1;18:32:33|CTA PRO A 1-2
277;26/09/2026 18:32:33;;CLIM /;DC09 / R02 / Terrazza tecnica;GF CTA PRO A 1-2 / COMPRESSORE 02 /;Compressore 2: Acceso step 1 /;0;Cambia a 1;Evento;GF CTA PRO;CTA PRO A 1-2;Acceso step;1;18:32:33|CTA PRO A 1-2
278;26/09/2026 18:32:33;;CLIM /;DC09 / R02 / Terrazza tecnica;GF CTA PRO A 1-2 / COMPRESSORE 02 /;Compressore 2: Piena potenza /;0;Cambia a 1;Evento;GF CTA PRO;CTA PRO A 1-2;Piena potenza;1;18:32:33|CTA PRO A 1-2
279;26/09/2026 18:32:33;;CLIM /;DC09 / R02 / Terrazza tecnica;GF CTA PRO A 1-2 / COMPRESSORE 02 /;Compressore 2: Richiesta /;0;Cambia a 1;Evento;GF CTA PRO;CTA PRO A 1-2;Richiesta;1;18:32:33|CTA PRO A 1-2
280;26/09/2026 18:33:12;;CLIM /;DC09 / R02 / Terrazza tecnica;GF CTA PRO B 1-2 / COMPRESSORE 02 /;Compressore 2: Stato operativo /;0;Cambia a 1;Evento;GF CTA PRO;CTA PRO B 1-2;Stato operativo;1;18:33:12|CTA PRO B 1-2
281;26/09/2026 18:33:12;;CLIM /;DC09 / R02 / Terrazza tecnica;GF CTA PRO B 1-2 / COMPRESSORE 02 /;Compressore 2: Acceso step 1 /;0;Cambia a 1;Evento;GF CTA PRO;CTA PRO B 1-2;Acceso step;1;18:33:12|CTA PRO B 1-2
282;26/09/2026 18:33:12;;CLIM /;DC09 / R02 / Terrazza tecnica;GF CTA PRO B 1-2 / COMPRESSORE 02 /;Compressore 2: Piena potenza /;0;Cambia a 1;Evento;GF CTA PRO;CTA PRO B 1-2;Piena potenza;1;18:33:12|CTA PRO B 1-2
283;26/09/2026 18:33:12;;CLIM /;DC09 / R02 / Terrazza tecnica;GF CTA PRO B 1-2 / COMPRESSORE 02 /;Compressore 2: Richiesta /;0;Cambia a 1;Evento;GF CTA PRO;CTA PRO B 1-2;Richiesta;1;18:33:12|CTA PRO B 1-2
284;26/09/2026 18:33:14;;CLIM /;DC09 / R02 / Terrazza tecnica;GF LT 5 / COMPRESSORE 02 /;Compressore 2 modalita operativa /;0;Cambia a 1;Evento;GF LT;LT 5;Modalità operativa;1;18:33:14|LT 5
285;26/09/2026 18:33:14;;CLIM /;DC09 / R02 / Terrazza tecnica;GF LT 5 / COMPRESSORE 02 /;Compressore 2: Acceso step 1 /;0;Cambia a 1;Evento;GF LT;LT 5;Acceso step;1;18:33:14|LT 5
286;26/09/2026 18:33:14;;CLIM /;DC09 / R02 / Terrazza tecnica;GF LT 5 / COMPRESSORE 02 /;Compressore 1: Piena potenza /;0;Cambia a 1;Evento;GF LT;LT 5;Piena potenza;1;18:33:14|LT 5
287;26/09/2026 18:33:14;;CLIM /;DC09 / R02 / Terrazza tecnica;GF LT 5 / COMPRESSORE 02 /;Compressore 1: Richiesta /;0;Cambia a 1;Evento;GF LT;LT 5;Richiesta;1;18:33:14|LT 5
288;26/09/2026 18:33:24;;CLIM /;DC09 / R02 / Terrazza tecnica;GF CTA PRO B 3-4 / COMPRESSORE 02 /;Compressore 2: Acceso step 1 /;0;Cambia a 1;Evento;GF CTA PRO;CTA PRO B 3-4;Acceso step;1;18:33:24|CTA PRO B 3-4
289;26/09/2026 18:33:24;;CLIM /;DC09 / R02 / Terrazza tecnica;GF CTA PRO B 3-4 / COMPRESSORE 02 /;Compressore 2: Richiesta /;0;Cambia a 1;Evento;GF CTA PRO;CTA PRO B 3-4;Richiesta;1;18:33:24|CTA PRO B 3-4
290;26/09/2026 18:33:43;;CLIM /;DC09 / R02 / Terrazza tecnica;GF CTA PRO B 3-4 / COMPRESSORE 02 /;Compressore 2: Stato operativo /;0;Cambia a 1;Evento;GF CTA PRO;CTA PRO B 3-4;Stato operativo;1;18:33:43|CTA PRO B 3-4
291;26/09/2026 18:33:43;;CLIM /;DC09 / R02 / Terrazza tecnica;GF CTA PRO B 3-4 / COMPRESSORE 02 /;Compressore 2: Piena potenza /;0;Cambia a 1;Evento;GF CTA PRO;CTA PRO B 3-4;Piena potenza;1;18:33:43|CTA PRO B 3-4
292;26/09/2026 18:33:59;;CLIM /;DC09 / R02 / Terrazza tecnica;GF CTA PRO A 3-4 / COMPRESSORE 01 /;Compressore 1: Stato operativo /;0;Cambia a 1;Evento;GF CTA PRO;CTA PRO A 3-4;Stato operativo;1;18:33:59|CTA PRO A 3-4
293;26/09/2026 18:33:59;;CLIM /;DC09 / R02 / Terrazza tecnica;GF CTA PRO A 3-4 / COMPRESSORE 01 /;Compressore 1: Acceso step 1 /;0;Cambia a 1;Evento;GF CTA PRO;CTA PRO A 3-4;Acceso step;1;18:33:59|CTA PRO A 3-4
294;26/09/2026 18:33:59;;CLIM /;DC09 / R02 / Terrazza tecnica;GF CTA PRO A 3-4 / COMPRESSORE 01 /;Compressore 1: Piena potenza /;0;Cambia a 1;Evento;GF CTA PRO;CTA PRO A 3-4;Piena potenza;1;18:33:59|CTA PRO A 3-4
295;26/09/2026 18:33:59;;CLIM /;DC09 / R02 / Terrazza tecnica;GF CTA PRO A 3-4 / COMPRESSORE 01 /;Compressore 1: Richiesta /;0;Cambia a 1;Evento;GF CTA PRO;CTA PRO A 3-4;Richiesta;1;18:33:59|CTA PRO A 3-4
296;26/09/2026 18:34:14;;CLIM /;DC09 / R02 / Terrazza tecnica;GF LT 5 / COMPRESSORE 01 /;Compressore 1 modalita operativa /;0;Cambia a 0;Evento;GF LT;LT 5;Modalità operativa;0;18:34:14|LT 5
297;26/09/2026 18:34:14;;CLIM /;DC09 / R02 / Terrazza tecnica;GF LT 5 / COMPRESSORE 01 /;Compressore 1: Acceso step 1 /;0;Cambia a 0;Evento;GF LT;LT 5;Acceso step;0;18:34:14|LT 5
298;26/09/2026 18:34:14;;CLIM /;DC09 / R02 / Terrazza tecnica;GF LT 5 / COMPRESSORE 01 /;Compressore 1: Piena potenza /;0;Cambia a 0;Evento;GF LT;LT 5;Piena potenza;0;18:34:14|LT 5
299;26/09/2026 18:34:14;;CLIM /;DC09 / R02 / Terrazza tecnica;GF LT 5 / COMPRESSORE 01 /;Compressore 1: Richiesta /;0;Cambia a 0;Evento;GF LT;LT 5;Richiesta;0;18:34:14|LT 5
300;26/09/2026 18:34:14;;CLIM /;DC09 / R02 / Terrazza tecnica;GF LT 5 / COMPRESSORE 02 /;Compressore 2 modalita operativa /;0;Cambia a 0;Evento;GF LT;LT 5;Modalità operativa;0;18:34:14|LT 5
301;26/09/2026 18:34:14;;CLIM /;DC09 / R02 / Terrazza tecnica;GF LT 5 / COMPRESSORE 02 /;Compressore 2: Acceso step 1 /;0;Cambia a 0;Evento;GF LT;LT 5;Acceso step;0;18:34:14|LT 5
302;26/09/2026 18:34:14;;CLIM /;DC09 / R02 / Terrazza tecnica;GF LT 5 / COMPRESSORE 02 /;Compressore 1: Piena potenza /;0;Cambia a 0;Evento;GF LT;LT 5;Piena potenza;0;18:34:14|LT 5
303;26/09/2026 18:34:14;;CLIM /;DC09 / R02 / Terrazza tecnica;GF LT 5 / COMPRESSORE 02 /;Compressore 1: Richiesta /;0;Cambia a 0;Evento;GF LT;LT 5;Richiesta;0;18:34:14|LT 5
304;26/09/2026 18:34:18;;CLIM /;DC09 / R02 / Terrazza tecnica;GF LT 4 / COMPRESSORE 03 /;Compressore 4 modalita operativa /;0;Cambia a 0;Evento;GF LT;LT 4;Modalità operativa;0;18:34:18|LT 4
305;26/09/2026 18:34:18;;CLIM /;DC09 / R02 / Terrazza tecnica;GF LT 4 / COMPRESSORE 04 /;Compressore 4: Acceso step 1 /;0;Cambia a 0;Evento;GF LT;LT 4;Acceso step;0;18:34:18|LT 4
306;26/09/2026 18:34:18;;CLIM /;DC09 / R02 / Terrazza tecnica;GF LT 4 / COMPRESSORE 04 /;Compressore 1: Piena potenza /;0;Cambia a 0;Evento;GF LT;LT 4;Piena potenza;0;18:34:18|LT 4
307;26/09/2026 18:34:18;;CLIM /;DC09 / R02 / Terrazza tecnica;GF LT 4 / COMPRESSORE 04 /;Compressore 4: Richiesta /;0;Cambia a 0;Evento;GF LT;LT 4;Richiesta;0;18:34:18|LT 4
308;26/09/2026 18:35:09;;CLIM /;DC09 / R02 / Terrazza tecnica;GF LT 2 / COMPRESSORE 03 /;Compressore 3: Acceso step 1 /;0;Cambia a 1;Evento;GF LT;LT 2;Acceso step;1;18:35:09|LT 2
309;26/09/2026 18:35:09;;CLIM /;DC09 / R02 / Terrazza tecnica;GF LT 2 / COMPRESSORE 03 /;Compressore 1: Richiesta /;0;Cambia a 1;Evento;GF LT;LT 2;Richiesta;1;18:35:09|LT 2
310;26/09/2026 18:35:30;;CLIM /;DC09 / R02 / Terrazza tecnica;GF LT 2 / COMPRESSORE 02 /;Compressore 3 modalita operativa /;0;Cambia a 1;Evento;GF LT;LT 2;Modalità operativa;1;18:35:30|LT 2
311;26/09/2026 18:35:30;;CLIM /;DC09 / R02 / Terrazza tecnica;GF LT 2 / COMPRESSORE 03 /;Compressore 1: Piena potenza /;0;Cambia a 1;Evento;GF LT;LT 2;Piena potenza;1;18:35:30|LT 2
312;26/09/2026 18:35:30;;CLIM /;DC09 / R02 / Terrazza tecnica;GF CTA PRO A 1-2 / COMPRESSORE 02 /;Compressore 2: Stato operativo /;0;Cambia a 0;Evento;GF CTA PRO;CTA PRO A 1-2;Stato operativo;0;18:35:30|CTA PRO A 1-2
313;26/09/2026 18:35:30;;CLIM /;DC09 / R02 / Terrazza tecnica;GF CTA PRO A 1-2 / COMPRESSORE 02 /;Compressore 2: Acceso step 1 /;0;Cambia a 0;Evento;GF CTA PRO;CTA PRO A 1-2;Acceso step;0;18:35:30|CTA PRO A 1-2
314;26/09/2026 18:35:30;;CLIM /;DC09 / R02 / Terrazza tecnica;GF CTA PRO A 1-2 / COMPRESSORE 02 /;Compressore 2: Piena potenza /;0;Cambia a 0;Evento;GF CTA PRO;CTA PRO A 1-2;Piena potenza;0;18:35:30|CTA PRO A 1-2
315;26/09/2026 18:35:30;;CLIM /;DC09 / R02 / Terrazza tecnica;GF CTA PRO A 1-2 / COMPRESSORE 02 /;Compressore 2: Richiesta /;0;Cambia a 0;Evento;GF CTA PRO;CTA PRO A 1-2;Richiesta;0;18:35:30|CTA PRO A 1-2
316;26/09/2026 18:36:15;;CLIM /;DC09 / R02 / SALA DATI A2/A4;GF FW A2-A4.1 / COMPRESSORE 02 /;Compressore 2: Richiesta /;0;Cambia a 1;Evento;GF FW;FW A2-A4.1;Richiesta;1;18:36:15|FW A2-A4.1
317;26/09/2026 18:36:17;;CLIM /;DC09 / R02 / SALA DATI A2/A4;GF FW A2-A4.1 / COMPRESSORE 02 /;Stato di funzionamento compressore 2 /;0;Cambia a 1;Evento;GF FW;FW A2-A4.1;Stato funzionamento;1;18:36:17|FW A2-A4.1
318;26/09/2026 18:36:17;;CLIM /;DC09 / R02 / SALA DATI A2/A4;GF FW A2-A4.1 / COMPRESSORE 02 /;Compressore 2: Piena potenza /;0;Cambia a 1;Evento;GF FW;FW A2-A4.1;Piena potenza;1;18:36:17|FW A2-A4.1
319;26/09/2026 18:36:31;;CLIM /;DC09 / R02 / SALA DATI A2/A4;GF FW A2-A4.1 / COMPRESSORE 02 /;Compressore 2: Acceso step 2 /;0;Cambia a 0;Evento;GF FW;FW A2-A4.1;Acceso step;0;18:36:31|FW A2-A4.1
320;26/09/2026 18:36:31;;CLIM /;DC09 / R02 / SALA DATI A2/A4;GF FW A2-A4.1 / COMPRESSORE 02 /;Compressore 2: Acceso step 1 /;0;Cambia a 1;Evento;GF FW;FW A2-A4.1;Acceso step;1;18:36:31|FW A2-A4.1
321;26/09/2026 18:36:36;;CLIM /;DC09 / R02 / Terrazza tecnica;GF LT 4 / COMPRESSORE 01 /;Compressore 1 modalita operativa /;0;Cambia a 1;Evento;GF LT;LT 4;Modalità operativa;1;18:36:36|LT 4
322;26/09/2026 18:36:36;;CLIM /;DC09 / R02 / Terrazza tecnica;GF LT 4 / COMPRESSORE 01 /;Compressore 1: Acceso step 1 /;0;Cambia a 1;Evento;GF LT;LT 4;Acceso step;1;18:36:36|LT 4
323;26/09/2026 18:36:36;;CLIM /;DC09 / R02 / Terrazza tecnica;GF LT 4 / COMPRESSORE 01 /;Compressore 1: Piena potenza /;0;Cambia a 1;Evento;GF LT;LT 4;Piena potenza;1;18:36:36|LT 4
324;26/09/2026 18:36:36;;CLIM /;DC09 / R02 / Terrazza tecnica;GF LT 4 / COMPRESSORE 01 /;Compressore 1: Richiesta /;0;Cambia a 1;Evento;GF LT;LT 4;Richiesta;1;18:36:36|LT 4
325;26/09/2026 18:38:14;;CLIM /;DC09 / R02 / Terrazza tecnica;GF CTA PRO A 3-4 / COMPRESSORE 01 /;Compressore 1: Stato operativo /;0;Cambia a 0;Evento;GF CTA PRO;CTA PRO A 3-4;Stato operativo;0;18:38:14|CTA PRO A 3-4
326;26/09/2026 18:38:14;;CLIM /;DC09 / R02 / Terrazza tecnica;GF CTA PRO A 3-4 / COMPRESSORE 01 /;Compressore 1: Acceso step 1 /;0;Cambia a 0;Evento;GF CTA PRO;CTA PRO A 3-4;Acceso step;0;18:38:14|CTA PRO A 3-4
327;26/09/2026 18:38:14;;CLIM /;DC09 / R02 / Terrazza tecnica;GF CTA PRO A 3-4 / COMPRESSORE 01 /;Compressore 1: Piena potenza /;0;Cambia a 0;Evento;GF CTA PRO;CTA PRO A 3-4;Piena potenza;0;18:38:14|CTA PRO A 3-4
328;26/09/2026 18:38:14;;CLIM /;DC09 / R02 / Terrazza tecnica;GF CTA PRO A 3-4 / COMPRESSORE 01 /;Compressore 1: Richiesta /;0;Cambia a 0;Evento;GF CTA PRO;CTA PRO A 3-4;Richiesta;0;18:38:14|CTA PRO A 3-4
329;26/09/2026 18:39:17;;CLIM /;DC09 / R02 / Terrazza tecnica;GF CTA PRO B 3-4 / COMPRESSORE 02 /;Compressore 2: Stato operativo /;0;Cambia a 0;Evento;GF CTA PRO;CTA PRO B 3-4;Stato operativo;0;18:39:17|CTA PRO B 3-4
330;26/09/2026 18:39:17;;CLIM /;DC09 / R02 / Terrazza tecnica;GF CTA PRO B 3-4 / COMPRESSORE 02 /;Compressore 2: Acceso step 1 /;0;Cambia a 0;Evento;GF CTA PRO;CTA PRO B 3-4;Acceso step;0;18:39:17|CTA PRO B 3-4
331;26/09/2026 18:39:17;;CLIM /;DC09 / R02 / Terrazza tecnica;GF CTA PRO B 3-4 / COMPRESSORE 02 /;Compressore 2: Piena potenza /;0;Cambia a 0;Evento;GF CTA PRO;CTA PRO B 3-4;Piena potenza;0;18:39:17|CTA PRO B 3-4
332;26/09/2026 18:39:17;;CLIM /;DC09 / R02 / Terrazza tecnica;GF CTA PRO B 3-4 / COMPRESSORE 02 /;Compressore 2: Richiesta /;0;Cambia a 0;Evento;GF CTA PRO;CTA PRO B 3-4;Richiesta;0;18:39:17|CTA PRO B 3-4
333;26/09/2026 18:39:53;;CLIM /;DC09 / R02 / Terrazza tecnica;GF LT 4 / COMPRESSORE 01 /;Compressore 1 modalita operativa /;0;Cambia a 0;Evento;GF LT;LT 4;Modalità operativa;0;18:39:53|LT 4
334;26/09/2026 18:39:53;;CLIM /;DC09 / R02 / Terrazza tecnica;GF LT 4 / COMPRESSORE 01 /;Compressore 1: Acceso step 1 /;0;Cambia a 0;Evento;GF LT;LT 4;Acceso step;0;18:39:53|LT 4
335;26/09/2026 18:39:53;;CLIM /;DC09 / R02 / Terrazza tecnica;GF LT 4 / COMPRESSORE 01 /;Compressore 1: Piena potenza /;0;Cambia a 0;Evento;GF LT;LT 4;Piena potenza;0;18:39:53|LT 4
336;26/09/2026 18:39:53;;CLIM /;DC09 / R02 / Terrazza tecnica;GF LT 4 / COMPRESSORE 01 /;Compressore 1: Richiesta /;0;Cambia a 0;Evento;GF LT;LT 4;Richiesta;0;18:39:53|LT 4
337;26/09/2026 18:40:04;;CLIM /;DC09 / R02 / Terrazza tecnica;GF LT 2 / COMPRESSORE 02 /;Compressore 3 modalita operativa /;0;Cambia a 0;Evento;GF LT;LT 2;Modalità operativa;0;18:40:04|LT 2
338;26/09/2026 18:40:04;;CLIM /;DC09 / R02 / Terrazza tecnica;GF LT 2 / COMPRESSORE 03 /;Compressore 3: Acceso step 1 /;0;Cambia a 0;Evento;GF LT;LT 2;Acceso step;0;18:40:04|LT 2
339;26/09/2026 18:40:04;;CLIM /;DC09 / R02 / Terrazza tecnica;GF LT 2 / COMPRESSORE 03 /;Compressore 1: Piena potenza /;0;Cambia a 0;Evento;GF LT;LT 2;Piena potenza;0;18:40:04|LT 2
340;26/09/2026 18:40:04;;CLIM /;DC09 / R02 / Terrazza tecnica;GF LT 2 / COMPRESSORE 03 /;Compressore 1: Richiesta /;0;Cambia a 0;Evento;GF LT;LT 2;Richiesta;0;18:40:04|LT 2
341;26/09/2026 18:40:57;;CLIM /;DC09 / R02 / SALA DATI B2/B4;GF FW B2-B4.5 / COMPRESSORE 01 /;Compressore 1: Pompa spenta /;0;Cambia a 1;Evento;GF FW;FW B2-B4.5;Pompa spenta;1;18:40:57|FW B2-B4.5
342;26/09/2026 18:41:01;;CLIM /;DC09 / R02 / SALA DATI B2/B4;GF FW B2-B4.5 / COMPRESSORE 01 /;Stato di funzionamento compressore 1 /;0;Cambia a 0;Evento;GF FW;FW B2-B4.5;Stato funzionamento;0;18:41:01|FW B2-B4.5
343;26/09/2026 18:41:01;;CLIM /;DC09 / R02 / SALA DATI B2/B4;GF FW B2-B4.5 / COMPRESSORE 01 /;Compressore 1: Pompa spenta /;0;Cambia a 0;Evento;GF FW;FW B2-B4.5;Pompa spenta;0;18:41:01|FW B2-B4.5
344;26/09/2026 18:41:01;;CLIM /;DC09 / R02 / SALA DATI B2/B4;GF FW B2-B4.5 / COMPRESSORE 01 /;Compressore 1: Piena potenza /;0;Cambia a 0;Evento;GF FW;FW B2-B4.5;Piena potenza;0;18:41:01|FW B2-B4.5
345;26/09/2026 18:41:01;;CLIM /;DC09 / R02 / SALA DATI B2/B4;GF FW B2-B4.5 / COMPRESSORE 01 /;Compressore 1: Richiesta /;0;Cambia a 0;Evento;GF FW;FW B2-B4.5;Richiesta;0;18:41:01|FW B2-B4.5
346;26/09/2026 18:41:41;;CLIM /;DC09 / R02 / Terrazza tecnica;GF CTA PRO B 1-2 / COMPRESSORE 02 /;Compressore 2: Stato operativo /;0;Cambia a 0;Evento;GF CTA PRO;CTA PRO B 1-2;Stato operativo;0;18:41:41|CTA PRO B 1-2
347;26/09/2026 18:41:41;;CLIM /;DC09 / R02 / Terrazza tecnica;GF CTA PRO B 1-2 / COMPRESSORE 02 /;Compressore 2: Acceso step 1 /;0;Cambia a 0;Evento;GF CTA PRO;CTA PRO B 1-2;Acceso step;0;18:41:41|CTA PRO B 1-2
348;26/09/2026 18:41:41;;CLIM /;DC09 / R02 / Terrazza tecnica;GF CTA PRO B 1-2 / COMPRESSORE 02 /;Compressore 2: Piena potenza /;0;Cambia a 0;Evento;GF CTA PRO;CTA PRO B 1-2;Piena potenza;0;18:41:41|CTA PRO B 1-2
349;26/09/2026 18:41:41;;CLIM /;DC09 / R02 / Terrazza tecnica;GF CTA PRO B 1-2 / COMPRESSORE 02 /;Compressore 2: Richiesta /;0;Cambia a 0;Evento;GF CTA PRO;CTA PRO B 1-2;Richiesta;0;18:41:41|CTA PRO B 1-2
350;26/09/2026 18:42:08;;CLIM /;DC09 / R02 / SALA DATI B2/B4;GF FW B2-B4.3 / COMPRESSORE 02 /;Compressore 2: Acceso step 2 /;0;Cambia a 1;Evento;GF FW;FW B2-B4.3;Acceso step;1;18:42:08|FW B2-B4.3
351;26/09/2026 18:42:08;;CLIM /;DC09 / R02 / SALA DATI B2/B4;GF FW B2-B4.3 / COMPRESSORE 02 /;Compressore 2: Acceso step 1 /;0;Cambia a 0;Evento;GF FW;FW B2-B4.3;Acceso step;0;18:42:08|FW B2-B4.3
352;26/09/2026 18:42:30;;CLIM /;DC09 / R02 / Terrazza tecnica;GF LT 4 / COMPRESSORE 02 /;Compressore 3 modalita operativa /;0;Cambia a 1;Evento;GF LT;LT 4;Modalità operativa;1;18:42:30|LT 4
353;26/09/2026 18:42:30;;CLIM /;DC09 / R02 / Terrazza tecnica;GF LT 4 / COMPRESSORE 03 /;Compressore 3: Acceso step 1 /;0;Cambia a 1;Evento;GF LT;LT 4;Acceso step;1;18:42:30|LT 4
354;26/09/2026 18:42:30;;CLIM /;DC09 / R02 / Terrazza tecnica;GF LT 4 / COMPRESSORE 03 /;Compressore 1: Piena potenza /;0;Cambia a 1;Evento;GF LT;LT 4;Piena potenza;1;18:42:30|LT 4
355;26/09/2026 18:42:30;;CLIM /;DC09 / R02 / Terrazza tecnica;GF LT 4 / COMPRESSORE 03 /;Compressore 1: Richiesta /;0;Cambia a 1;Evento;GF LT;LT 4;Richiesta;1;18:42:30|LT 4
356;26/09/2026 18:42:48;;CLIM /;DC09 / R02 / SALA DATI B1/B3;GF FW B1-B3.2 / COMPRESSORE 01 /;Compressore 1: Pompa spenta /;0;Cambia a 1;Evento;GF FW;FW B1-B3.2;Pompa spenta;1;18:42:48|FW B1-B3.2
357;26/09/2026 18:42:52;;CLIM /;DC09 / R02 / SALA DATI B1/B3;GF FW B1-B3.2 / COMPRESSORE 01 /;Stato di funzionamento compressore 1 /;0;Cambia a 0;Evento;GF FW;FW B1-B3.2;Stato funzionamento;0;18:42:52|FW B1-B3.2
358;26/09/2026 18:42:52;;CLIM /;DC09 / R02 / SALA DATI B1/B3;GF FW B1-B3.2 / COMPRESSORE 01 /;Compressore 1: Pompa spenta /;0;Cambia a 0;Evento;GF FW;FW B1-B3.2;Pompa spenta;0;18:42:52|FW B1-B3.2
359;26/09/2026 18:42:52;;CLIM /;DC09 / R02 / SALA DATI B1/B3;GF FW B1-B3.2 / COMPRESSORE 01 /;Compressore 1: Piena potenza /;0;Cambia a 0;Evento;GF FW;FW B1-B3.2;Piena potenza;0;18:42:52|FW B1-B3.2
360;26/09/2026 18:42:52;;CLIM /;DC09 / R02 / SALA DATI B1/B3;GF FW B1-B3.2 / COMPRESSORE 01 /;Compressore 1: Richiesta /;0;Cambia a 0;Evento;GF FW;FW B1-B3.2;Richiesta;0;18:42:52|FW B1-B3.2
361;26/09/2026 18:43:21;;CLIM /;DC09 / R02 / Terrazza tecnica;GF CTA PRO A 1-2 / COMPRESSORE 01 /;Compressore 1: Stato operativo /;0;Cambia a 1;Evento;GF CTA PRO;CTA PRO A 1-2;Stato operativo;1;18:43:21|CTA PRO A 1-2
362;26/09/2026 18:43:21;;CLIM /;DC09 / R02 / Terrazza tecnica;GF CTA PRO A 1-2 / COMPRESSORE 01 /;Compressore 1: Acceso step 1 /;0;Cambia a 1;Evento;GF CTA PRO;CTA PRO A 1-2;Acceso step;1;18:43:21|CTA PRO A 1-2
363;26/09/2026 18:43:21;;CLIM /;DC09 / R02 / Terrazza tecnica;GF CTA PRO A 1-2 / COMPRESSORE 01 /;Compressore 1: Piena potenza /;0;Cambia a 1;Evento;GF CTA PRO;CTA PRO A 1-2;Piena potenza;1;18:43:21|CTA PRO A 1-2
364;26/09/2026 18:43:21;;CLIM /;DC09 / R02 / Terrazza tecnica;GF CTA PRO A 1-2 / COMPRESSORE 01 /;Compressore 1: Richiesta /;0;Cambia a 1;Evento;GF CTA PRO;CTA PRO A 1-2;Richiesta;1;18:43:21|CTA PRO A 1-2
365;26/09/2026 18:44:11;;CLIM /;DC09 / R02 / Terrazza tecnica;GF LT 6 / COMPRESSORE 01 /;Compressore 1 modalita operativa /;0;Cambia a 1;Evento;GF LT;LT 6;Modalità operativa;1;18:44:11|LT 6
366;26/09/2026 18:44:11;;CLIM /;DC09 / R02 / Terrazza tecnica;GF LT 6 / COMPRESSORE 01 /;Compressore 1: Acceso step 1 /;0;Cambia a 1;Evento;GF LT;LT 6;Acceso step;1;18:44:11|LT 6
367;26/09/2026 18:44:11;;CLIM /;DC09 / R02 / Terrazza tecnica;GF LT 6 / COMPRESSORE 01 /;Compressore 1: Piena potenza /;0;Cambia a 1;Evento;GF LT;LT 6;Piena potenza;1;18:44:11|LT 6
368;26/09/2026 18:44:11;;CLIM /;DC09 / R02 / Terrazza tecnica;GF LT 6 / COMPRESSORE 01 /;Compressore 1: Richiesta /;0;Cambia a 1;Evento;GF LT;LT 6;Richiesta;1;18:44:11|LT 6
369;26/09/2026 18:44:18;;CLIM /;DC09 / R02 / Terrazza tecnica;GF LT 2 / COMPRESSORE 03 /;Compressore 4 modalita operativa /;0;Cambia a 1;Evento;GF LT;LT 2;Modalità operativa;1;18:44:18|LT 2
370;26/09/2026 18:44:18;;CLIM /;DC09 / R02 / Terrazza tecnica;GF LT 2 / COMPRESSORE 04 /;Compressore 4: Acceso step 1 /;0;Cambia a 1;Evento;GF LT;LT 2;Acceso step;1;18:44:18|LT 2
371;26/09/2026 18:44:18;;CLIM /;DC09 / R02 / Terrazza tecnica;GF LT 2 / COMPRESSORE 04 /;Compressore 1: Piena potenza /;0;Cambia a 1;Evento;GF LT;LT 2;Piena potenza;1;18:44:18|LT 2
372;26/09/2026 18:44:18;;CLIM /;DC09 / R02 / Terrazza tecnica;GF LT 2 / COMPRESSORE 04 /;Compressore 4: Richiesta /;0;Cambia a 1;Evento;GF LT;LT 2;Richiesta;1;18:44:18|LT 2
373;26/09/2026 18:44:39;;CLIM /;DC09 / R02 / Terrazza tecnica;GF LT 2 / COMPRESSORE 01 /;Compressore 1 modalita operativa /;0;Cambia a 1;Evento;GF LT;LT 2;Modalità operativa;1;18:44:39|LT 2
374;26/09/2026 18:44:39;;CLIM /;DC09 / R02 / Terrazza tecnica;GF LT 2 / COMPRESSORE 01 /;Compressore 1: Acceso step 1 /;0;Cambia a 1;Evento;GF LT;LT 2;Acceso step;1;18:44:39|LT 2
375;26/09/2026 18:44:39;;CLIM /;DC09 / R02 / Terrazza tecnica;GF LT 2 / COMPRESSORE 01 /;Compressore 1: Piena potenza /;0;Cambia a 1;Evento;GF LT;LT 2;Piena potenza;1;18:44:39|LT 2
376;26/09/2026 18:44:39;;CLIM /;DC09 / R02 / Terrazza tecnica;GF LT 2 / COMPRESSORE 01 /;Compressore 1: Richiesta /;0;Cambia a 1;Evento;GF LT;LT 2;Richiesta;1;18:44:39|LT 2
377;26/09/2026 18:44:51;;CLIM /;DC09 / R02 / Terrazza tecnica;GF CTA PRO B 3-4 / COMPRESSORE 01 /;Compressore 1: Stato operativo /;0;Cambia a 1;Evento;GF CTA PRO;CTA PRO B 3-4;Stato operativo;1;18:44:51|CTA PRO B 3-4
378;26/09/2026 18:44:51;;CLIM /;DC09 / R02 / Terrazza tecnica;GF CTA PRO B 3-4 / COMPRESSORE 01 /;Compressore 1: Acceso step 1 /;0;Cambia a 1;Evento;GF CTA PRO;CTA PRO B 3-4;Acceso step;1;18:44:51|CTA PRO B 3-4
379;26/09/2026 18:44:51;;CLIM /;DC09 / R02 / Terrazza tecnica;GF CTA PRO B 3-4 / COMPRESSORE 01 /;Compressore 1: Piena potenza /;0;Cambia a 1;Evento;GF CTA PRO;CTA PRO B 3-4;Piena potenza;1;18:44:51|CTA PRO B 3-4
380;26/09/2026 18:44:51;;CLIM /;DC09 / R02 / Terrazza tecnica;GF CTA PRO B 3-4 / COMPRESSORE 01 /;Compressore 1: Richiesta /;0;Cambia a 1;Evento;GF CTA PRO;CTA PRO B 3-4;Richiesta;1;18:44:51|CTA PRO B 3-4
381;26/09/2026 18:45:09;;CLIM /;DC09 / R02 / SALA DATI B1/B3;GF FW B1-B3.4 / COMPRESSORE 02 /;Compressore 2: Acceso step 2 /;0;Cambia a 1;Evento;GF FW;FW B1-B3.4;Acceso step;1;18:45:09|FW B1-B3.4
382;26/09/2026 18:45:09;;CLIM /;DC09 / R02 / SALA DATI B1/B3;GF FW B1-B3.4 / COMPRESSORE 02 /;Compressore 2: Acceso step 1 /;0;Cambia a 0;Evento;GF FW;FW B1-B3.4;Acceso step;0;18:45:09|FW B1-B3.4
383;26/09/2026 18:45:10;;CLIM /;DC09 / R02 / Terrazza tecnica;GF LT 6 / COMPRESSORE 02 /;Compressore 2 modalita operativa /;0;Cambia a 0;Evento;GF LT;LT 6;Modalità operativa;0;18:45:10|LT 6
384;26/09/2026 18:45:10;;CLIM /;DC09 / R02 / Terrazza tecnica;GF LT 6 / COMPRESSORE 02 /;Compressore 2: Acceso step 1 /;0;Cambia a 0;Evento;GF LT;LT 6;Acceso step;0;18:45:10|LT 6
385;26/09/2026 18:45:10;;CLIM /;DC09 / R02 / Terrazza tecnica;GF LT 6 / COMPRESSORE 02 /;Compressore 1: Piena potenza /;0;Cambia a 0;Evento;GF LT;LT 6;Piena potenza;0;18:45:10|LT 6
386;26/09/2026 18:45:10;;CLIM /;DC09 / R02 / Terrazza tecnica;GF LT 6 / COMPRESSORE 02 /;Compressore 1: Richiesta /;0;Cambia a 0;Evento;GF LT;LT 6;Richiesta;0;18:45:10|LT 6
387;26/09/2026 18:45:30;;CLIM /;DC09 / R02 / Terrazza tecnica;GF LT 6 / COMPRESSORE 01 /;Compressore 1 modalita operativa /;0;Cambia a 0;Evento;GF LT;LT 6;Modalità operativa;0;18:45:30|LT 6
388;26/09/2026 18:45:30;;CLIM /;DC09 / R02 / Terrazza tecnica;GF LT 6 / COMPRESSORE 01 /;Compressore 1: Acceso step 1 /;0;Cambia a 0;Evento;GF LT;LT 6;Acceso step;0;18:45:30|LT 6
389;26/09/2026 18:45:30;;CLIM /;DC09 / R02 / Terrazza tecnica;GF LT 6 / COMPRESSORE 01 /;Compressore 1: Piena potenza /;0;Cambia a 0;Evento;GF LT;LT 6;Piena potenza;0;18:45:30|LT 6
390;26/09/2026 18:45:30;;CLIM /;DC09 / R02 / Terrazza tecnica;GF LT 6 / COMPRESSORE 01 /;Compressore 1: Richiesta /;0;Cambia a 0;Evento;GF LT;LT 6;Richiesta;0;18:45:30|LT 6
391;26/09/2026 18:45:34;;CLIM /;DC09 / R02 / SALA DATI B2/B4;GF FW B2-B4.5 / COMPRESSORE 01 /;Compressore 1: Richiesta /;0;Cambia a 1;Evento;GF FW;FW B2-B4.5;Richiesta;1;18:45:34|FW B2-B4.5
392;26/09/2026 18:45:36;;CLIM /;DC09 / R02 / SALA DATI B2/B4;GF FW B2-B4.5 / COMPRESSORE 01 /;Stato di funzionamento compressore 1 /;0;Cambia a 1;Evento;GF FW;FW B2-B4.5;Stato funzionamento;1;18:45:36|FW B2-B4.5
393;26/09/2026 18:45:36;;CLIM /;DC09 / R02 / SALA DATI B2/B4;GF FW B2-B4.5 / COMPRESSORE 01 /;Compressore 1: Piena potenza /;0;Cambia a 1;Evento;GF FW;FW B2-B4.5;Piena potenza;1;18:45:36|FW B2-B4.5
394;26/09/2026 18:45:57;;CLIM /;DC09 / R02 / Terrazza tecnica;GF LT 2 / COMPRESSORE 02 /;Compressore 2 modalita operativa /;0;Cambia a 0;Evento;GF LT;LT 2;Modalità operativa;0;18:45:57|LT 2
395;26/09/2026 18:45:57;;CLIM /;DC09 / R02 / Terrazza tecnica;GF LT 2 / COMPRESSORE 02 /;Compressore 2: Acceso step 1 /;0;Cambia a 0;Evento;GF LT;LT 2;Acceso step;0;18:45:57|LT 2
396;26/09/2026 18:45:57;;CLIM /;DC09 / R02 / Terrazza tecnica;GF LT 2 / COMPRESSORE 02 /;Compressore 1: Piena potenza /;0;Cambia a 0;Evento;GF LT;LT 2;Piena potenza;0;18:45:57|LT 2
397;26/09/2026 18:45:57;;CLIM /;DC09 / R02 / Terrazza tecnica;GF LT 2 / COMPRESSORE 02 /;Compressore 1: Richiesta /;0;Cambia a 0;Evento;GF LT;LT 2;Richiesta;0;18:45:57|LT 2
398;26/09/2026 18:46:06;;CLIM /;DC09 / R02 / Terrazza tecnica;GF LT 4 / COMPRESSORE 02 /;Compressore 3 modalita operativa /;0;Cambia a 0;Evento;GF LT;LT 4;Modalità operativa;0;18:46:06|LT 4
399;26/09/2026 18:46:06;;CLIM /;DC09 / R02 / Terrazza tecnica;GF LT 4 / COMPRESSORE 03 /;Compressore 3: Acceso step 1 /;0;Cambia a 0;Evento;GF LT;LT 4;Acceso step;0;18:46:06|LT 4
400;26/09/2026 18:46:06;;CLIM /;DC09 / R02 / Terrazza tecnica;GF LT 4 / COMPRESSORE 03 /;Compressore 1: Piena potenza /;0;Cambia a 0;Evento;GF LT;LT 4;Piena potenza;0;18:46:06|LT 4
401;26/09/2026 18:46:06;;CLIM /;DC09 / R02 / Terrazza tecnica;GF LT 4 / COMPRESSORE 03 /;Compressore 1: Richiesta /;0;Cambia a 0;Evento;GF LT;LT 4;Richiesta;0;18:46:06|LT 4
402;26/09/2026 18:46:17;;CLIM /;DC09 / R02 / Terrazza tecnica;GF CTA PRO A 1-2 / COMPRESSORE 01 /;Compressore 1: Stato operativo /;0;Cambia a 0;Evento;GF CTA PRO;CTA PRO A 1-2;Stato operativo;0;18:46:17|CTA PRO A 1-2
403;26/09/2026 18:46:17;;CLIM /;DC09 / R02 / Terrazza tecnica;GF CTA PRO A 1-2 / COMPRESSORE 01 /;Compressore 1: Acceso step 1 /;0;Cambia a 0;Evento;GF CTA PRO;CTA PRO A 1-2;Acceso step;0;18:46:17|CTA PRO A 1-2
404;26/09/2026 18:46:17;;CLIM /;DC09 / R02 / Terrazza tecnica;GF CTA PRO A 1-2 / COMPRESSORE 01 /;Compressore 1: Piena potenza /;0;Cambia a 0;Evento;GF CTA PRO;CTA PRO A 1-2;Piena potenza;0;18:46:17|CTA PRO A 1-2
405;26/09/2026 18:46:17;;CLIM /;DC09 / R02 / Terrazza tecnica;GF CTA PRO A 1-2 / COMPRESSORE 01 /;Compressore 1: Richiesta /;0;Cambia a 0;Evento;GF CTA PRO;CTA PRO A 1-2;Richiesta;0;18:46:17|CTA PRO A 1-2
406;26/09/2026 18:47:06;;CLIM /;DC09 / R02 / SALA DATI B1/B3;GF FW B1-B3.2 / COMPRESSORE 01 /;Compressore 1: Richiesta /;0;Cambia a 1;Evento;GF FW;FW B1-B3.2;Richiesta;1;18:47:06|FW B1-B3.2
407;26/09/2026 18:47:08;;CLIM /;DC09 / R02 / SALA DATI B1/B3;GF FW B1-B3.2 / COMPRESSORE 01 /;Stato di funzionamento compressore 1 /;0;Cambia a 1;Evento;GF FW;FW B1-B3.2;Stato funzionamento;1;18:47:08|FW B1-B3.2
408;26/09/2026 18:47:08;;CLIM /;DC09 / R02 / SALA DATI B1/B3;GF FW B1-B3.2 / COMPRESSORE 01 /;Compressore 1: Piena potenza /;0;Cambia a 1;Evento;GF FW;FW B1-B3.2;Piena potenza;1;18:47:08|FW B1-B3.2
409;26/09/2026 18:47:10;;CLIM /;DC09 / R02 / SALA DATI A1/A3;GF FW A1-A3.2 / COMPRESSORE 01 /;Compressore 1: Freecooling /;0;Cambia a 1;Evento;GF FW;FW A1-A3.2;Freecooling;1;18:47:10|FW A1-A3.2
410;26/09/2026 18:47:10;;CLIM /;DC09 / R02 / SALA DATI A1/A3;GF FW A1-A3.2 / COMPRESSORE 02 /;Compressore 2: Freecooling /;0;Cambia a 1;Evento;GF FW;FW A1-A3.2;Freecooling;1;18:47:10|FW A1-A3.2
411;26/09/2026 18:47:36;;CLIM /;DC09 / R02 / Terrazza tecnica;GF LT 2 / COMPRESSORE 03 /;Compressore 4 modalita operativa /;0;Cambia a 0;Evento;GF LT;LT 2;Modalità operativa;0;18:47:36|LT 2
412;26/09/2026 18:47:36;;CLIM /;DC09 / R02 / Terrazza tecnica;GF LT 2 / COMPRESSORE 04 /;Compressore 4: Acceso step 1 /;0;Cambia a 0;Evento;GF LT;LT 2;Acceso step;0;18:47:36|LT 2
413;26/09/2026 18:47:36;;CLIM /;DC09 / R02 / Terrazza tecnica;GF LT 2 / COMPRESSORE 04 /;Compressore 1: Piena potenza /;0;Cambia a 0;Evento;GF LT;LT 2;Piena potenza;0;18:47:36|LT 2
414;26/09/2026 18:47:36;;CLIM /;DC09 / R02 / Terrazza tecnica;GF LT 2 / COMPRESSORE 04 /;Compressore 4: Richiesta /;0;Cambia a 0;Evento;GF LT;LT 2;Richiesta;0;18:47:36|LT 2
415;26/09/2026 18:47:48;;CLIM /;DC09 / R02 / Terrazza tecnica;GF LT 6 / COMPRESSORE 03 /;Compressore 4 modalita operativa /;0;Cambia a 1;Evento;GF LT;LT 6;Modalità operativa;1;18:47:48|LT 6
416;26/09/2026 18:47:48;;CLIM /;DC09 / R02 / Terrazza tecnica;GF LT 6 / COMPRESSORE 04 /;Compressore 4: Acceso step 1 /;0;Cambia a 1;Evento;GF LT;LT 6;Acceso step;1;18:47:48|LT 6
417;26/09/2026 18:47:48;;CLIM /;DC09 / R02 / Terrazza tecnica;GF LT 6 / COMPRESSORE 04 /;Compressore 1: Piena potenza /;0;Cambia a 1;Evento;GF LT;LT 6;Piena potenza;1;18:47:48|LT 6
418;26/09/2026 18:47:48;;CLIM /;DC09 / R02 / Terrazza tecnica;GF LT 6 / COMPRESSORE 04 /;Compressore 4: Richiesta /;0;Cambia a 1;Evento;GF LT;LT 6;Richiesta;1;18:47:48|LT 6
419;26/09/2026 18:48:24;;CLIM /;DC09 / R02 / Terrazza tecnica;GF LT 4 / COMPRESSORE 02 /;Compressore 2 modalita operativa /;0;Cambia a 1;Evento;GF LT;LT 4;Modalità operativa;1;18:48:24|LT 4
420;26/09/2026 18:48:24;;CLIM /;DC09 / R02 / Terrazza tecnica;GF LT 4 / COMPRESSORE 02 /;Compressore 2: Acceso step 1 /;0;Cambia a 1;Evento;GF LT;LT 4;Acceso step;1;18:48:24|LT 4
421;26/09/2026 18:48:24;;CLIM /;DC09 / R02 / Terrazza tecnica;GF LT 4 / COMPRESSORE 02 /;Compressore 1: Piena potenza /;0;Cambia a 1;Evento;GF LT;LT 4;Piena potenza;1;18:48:24|LT 4
422;26/09/2026 18:48:24;;CLIM /;DC09 / R02 / Terrazza tecnica;GF LT 4 / COMPRESSORE 02 /;Compressore 1: Richiesta /;0;Cambia a 1;Evento;GF LT;LT 4;Richiesta;1;18:48:24|LT 4
423;26/09/2026 18:48:55;;CLIM /;DC09 / R02 / Terrazza tecnica;GF LT 5 / COMPRESSORE 03 /;Compressore 4 modalita operativa /;0;Cambia a 1;Evento;GF LT;LT 5;Modalità operativa;1;18:48:55|LT 5
424;26/09/2026 18:48:55;;CLIM /;DC09 / R02 / Terrazza tecnica;GF LT 5 / COMPRESSORE 04 /;Compressore 4: Acceso step 1 /;0;Cambia a 1;Evento;GF LT;LT 5;Acceso step;1;18:48:55|LT 5
425;26/09/2026 18:48:55;;CLIM /;DC09 / R02 / Terrazza tecnica;GF LT 5 / COMPRESSORE 04 /;Compressore 1: Piena potenza /;0;Cambia a 1;Evento;GF LT;LT 5;Piena potenza;1;18:48:55|LT 5
426;26/09/2026 18:48:55;;CLIM /;DC09 / R02 / Terrazza tecnica;GF LT 5 / COMPRESSORE 04 /;Compressore 4: Richiesta /;0;Cambia a 1;Evento;GF LT;LT 5;Richiesta;1;18:48:55|LT 5
427;26/09/2026 18:50:05;;CLIM /;DC09 / R02 / Terrazza tecnica;GF CTA PRO B 3-4 / COMPRESSORE 01 /;Compressore 1: Stato operativo /;0;Cambia a 0;Evento;GF CTA PRO;CTA PRO B 3-4;Stato operativo;0;18:50:05|CTA PRO B 3-4
428;26/09/2026 18:50:05;;CLIM /;DC09 / R02 / Terrazza tecnica;GF CTA PRO B 3-4 / COMPRESSORE 01 /;Compressore 1: Acceso step 1 /;0;Cambia a 0;Evento;GF CTA PRO;CTA PRO B 3-4;Acceso step;0;18:50:05|CTA PRO B 3-4
429;26/09/2026 18:50:05;;CLIM /;DC09 / R02 / Terrazza tecnica;GF CTA PRO B 3-4 / COMPRESSORE 01 /;Compressore 1: Piena potenza /;0;Cambia a 0;Evento;GF CTA PRO;CTA PRO B 3-4;Piena potenza;0;18:50:05|CTA PRO B 3-4
430;26/09/2026 18:50:05;;CLIM /;DC09 / R02 / Terrazza tecnica;GF CTA PRO B 3-4 / COMPRESSORE 01 /;Compressore 1: Richiesta /;0;Cambia a 0;Evento;GF CTA PRO;CTA PRO B 3-4;Richiesta;0;18:50:05|CTA PRO B 3-4
431;26/09/2026 18:50:06;;CLIM /;DC09 / R02 / SALA DATI A1/A3;GF FW A1-A3.2 / COMPRESSORE 02 /;Compressore 2: Pompa spenta /;0;Cambia a 1;Evento;GF FW;FW A1-A3.2;Pompa spenta;1;18:50:06|FW A1-A3.2
432;26/09/2026 18:50:06;;CLIM /;DC09 / R02 / SALA DATI A1/A3;GF FW A1-A3.2 / COMPRESSORE 02 /;Compressore 2: Acceso step 2 /;0;Cambia a 0;Evento;GF FW;FW A1-A3.2;Acceso step;0;18:50:06|FW A1-A3.2
433;26/09/2026 18:50:10;;CLIM /;DC09 / R02 / SALA DATI A1/A3;GF FW A1-A3.2 / COMPRESSORE 02 /;Stato di funzionamento compressore 2 /;0;Cambia a 0;Evento;GF FW;FW A1-A3.2;Stato funzionamento;0;18:50:10|FW A1-A3.2
434;26/09/2026 18:50:10;;CLIM /;DC09 / R02 / SALA DATI A1/A3;GF FW A1-A3.2 / COMPRESSORE 02 /;Compressore 2: Pompa spenta /;0;Cambia a 0;Evento;GF FW;FW A1-A3.2;Pompa spenta;0;18:50:10|FW A1-A3.2
435;26/09/2026 18:50:10;;CLIM /;DC09 / R02 / SALA DATI A1/A3;GF FW A1-A3.2 / COMPRESSORE 02 /;Compressore 2: Acceso step 2 /;0;Cambia a 1;Evento;GF FW;FW A1-A3.2;Acceso step;1;18:50:10|FW A1-A3.2
436;26/09/2026 18:50:10;;CLIM /;DC09 / R02 / SALA DATI A1/A3;GF FW A1-A3.2 / COMPRESSORE 02 /;Compressore 2: Piena potenza /;0;Cambia a 0;Evento;GF FW;FW A1-A3.2;Piena potenza;0;18:50:10|FW A1-A3.2
437;26/09/2026 18:50:10;;CLIM /;DC09 / R02 / SALA DATI A1/A3;GF FW A1-A3.2 / COMPRESSORE 02 /;Compressore 2: Richiesta /;0;Cambia a 0;Evento;GF FW;FW A1-A3.2;Richiesta;0;18:50:10|FW A1-A3.2
438;26/09/2026 18:50:22;;CLIM /;DC09 / R02 / Terrazza tecnica;GF LT 4 / COMPRESSORE 01 /;Compressore 1 modalita operativa /;0;Cambia a 1;Evento;GF LT;LT 4;Modalità operativa;1;18:50:22|LT 4
439;26/09/2026 18:50:22;;CLIM /;DC09 / R02 / Terrazza tecnica;GF LT 4 / COMPRESSORE 01 /;Compressore 1: Acceso step 1 /;0;Cambia a 1;Evento;GF LT;LT 4;Acceso step;1;18:50:22|LT 4
440;26/09/2026 18:50:22;;CLIM /;DC09 / R02 / Terrazza tecnica;GF LT 4 / COMPRESSORE 01 /;Compressore 1: Piena potenza /;0;Cambia a 1;Evento;GF LT;LT 4;Piena potenza;1;18:50:22|LT 4
441;26/09/2026 18:50:22;;CLIM /;DC09 / R02 / Terrazza tecnica;GF LT 4 / COMPRESSORE 01 /;Compressore 1: Richiesta /;0;Cambia a 1;Evento;GF LT;LT 4;Richiesta;1;18:50:22|LT 4
442;26/09/2026 18:50:51;;CLIM /;DC09 / R02 / Terrazza tecnica;GF CTA PRO B 1-2 / COMPRESSORE 01 /;Compressore 1: Acceso step 1 /;0;Cambia a 1;Evento;GF CTA PRO;CTA PRO B 1-2;Acceso step;1;18:50:51|CTA PRO B 1-2
443;26/09/2026 18:50:51;;CLIM /;DC09 / R02 / Terrazza tecnica;GF CTA PRO B 1-2 / COMPRESSORE 01 /;Compressore 1: Richiesta /;0;Cambia a 1;Evento;GF CTA PRO;CTA PRO B 1-2;Richiesta;1;18:50:51|CTA PRO B 1-2
444;26/09/2026 18:51:11;;CLIM /;DC09 / R02 / Terrazza tecnica;GF CTA PRO B 1-2 / COMPRESSORE 01 /;Compressore 1: Stato operativo /;0;Cambia a 1;Evento;GF CTA PRO;CTA PRO B 1-2;Stato operativo;1;18:51:11|CTA PRO B 1-2
445;26/09/2026 18:51:11;;CLIM /;DC09 / R02 / Terrazza tecnica;GF CTA PRO B 1-2 / COMPRESSORE 01 /;Compressore 1: Piena potenza /;0;Cambia a 1;Evento;GF CTA PRO;CTA PRO B 1-2;Piena potenza;1;18:51:11|CTA PRO B 1-2
446;26/09/2026 18:51:21;;CLIM /;DC09 / R02 / Terrazza tecnica;GF LT 4 / COMPRESSORE 02 /;Compressore 2 modalita operativa /;0;Cambia a 0;Evento;GF LT;LT 4;Modalità operativa;0;18:51:21|LT 4
447;26/09/2026 18:51:21;;CLIM /;DC09 / R02 / Terrazza tecnica;GF LT 4 / COMPRESSORE 02 /;Compressore 2: Acceso step 1 /;0;Cambia a 0;Evento;GF LT;LT 4;Acceso step;0;18:51:21|LT 4
448;26/09/2026 18:51:21;;CLIM /;DC09 / R02 / Terrazza tecnica;GF LT 4 / COMPRESSORE 02 /;Compressore 1: Piena potenza /;0;Cambia a 0;Evento;GF LT;LT 4;Piena potenza;0;18:51:21|LT 4
449;26/09/2026 18:51:21;;CLIM /;DC09 / R02 / Terrazza tecnica;GF LT 4 / COMPRESSORE 02 /;Compressore 1: Richiesta /;0;Cambia a 0;Evento;GF LT;LT 4;Richiesta;0;18:51:21|LT 4
450;26/09/2026 18:51:22;;CLIM /;DC09 / R02 / SALA DATI A2/A4;GF FW A2-A4.1 / COMPRESSORE 02 /;Compressore 2: Pompa spenta /;0;Cambia a 1;Evento;GF FW;FW A2-A4.1;Pompa spenta;1;18:51:22|FW A2-A4.1
451;26/09/2026 18:51:22;;CLIM /;DC09 / R02 / SALA DATI A2/A4;GF FW A2-A4.1 / COMPRESSORE 02 /;Compressore 2: Acceso step 2 /;0;Cambia a 0;Evento;GF FW;FW A2-A4.1;Acceso step;0;18:51:22|FW A2-A4.1
452;26/09/2026 18:51:24;;CLIM /;DC09 / R02 / Terrazza tecnica;GF LT 6 / COMPRESSORE 02 /;Compressore 3 modalita operativa /;0;Cambia a 1;Evento;GF LT;LT 6;Modalità operativa;1;18:51:24|LT 6
453;26/09/2026 18:51:24;;CLIM /;DC09 / R02 / Terrazza tecnica;GF LT 6 / COMPRESSORE 03 /;Compressore 3: Acceso step 1 /;0;Cambia a 1;Evento;GF LT;LT 6;Acceso step;1;18:51:24|LT 6
454;26/09/2026 18:51:24;;CLIM /;DC09 / R02 / Terrazza tecnica;GF LT 6 / COMPRESSORE 03 /;Compressore 1: Piena potenza /;0;Cambia a 1;Evento;GF LT;LT 6;Piena potenza;1;18:51:24|LT 6
455;26/09/2026 18:51:24;;CLIM /;DC09 / R02 / Terrazza tecnica;GF LT 6 / COMPRESSORE 03 /;Compressore 1: Richiesta /;0;Cambia a 1;Evento;GF LT;LT 6;Richiesta;1;18:51:24|LT 6
456;26/09/2026 18:51:26;;CLIM /;DC09 / R02 / SALA DATI A2/A4;GF FW A2-A4.1 / COMPRESSORE 02 /;Stato di funzionamento compressore 2 /;0;Cambia a 0;Evento;GF FW;FW A2-A4.1;Stato funzionamento;0;18:51:26|FW A2-A4.1
457;26/09/2026 18:51:26;;CLIM /;DC09 / R02 / SALA DATI A2/A4;GF FW A2-A4.1 / COMPRESSORE 02 /;Compressore 2: Pompa spenta /;0;Cambia a 0;Evento;GF FW;FW A2-A4.1;Pompa spenta;0;18:51:26|FW A2-A4.1
458;26/09/2026 18:51:26;;CLIM /;DC09 / R02 / SALA DATI A2/A4;GF FW A2-A4.1 / COMPRESSORE 02 /;Compressore 2: Acceso step 2 /;0;Cambia a 1;Evento;GF FW;FW A2-A4.1;Acceso step;1;18:51:26|FW A2-A4.1
459;26/09/2026 18:51:26;;CLIM /;DC09 / R02 / SALA DATI A2/A4;GF FW A2-A4.1 / COMPRESSORE 02 /;Compressore 2: Piena potenza /;0;Cambia a 0;Evento;GF FW;FW A2-A4.1;Piena potenza;0;18:51:26|FW A2-A4.1
460;26/09/2026 18:51:26;;CLIM /;DC09 / R02 / SALA DATI A2/A4;GF FW A2-A4.1 / COMPRESSORE 02 /;Compressore 2: Richiesta /;0;Cambia a 0;Evento;GF FW;FW A2-A4.1;Richiesta;0;18:51:26|FW A2-A4.1
461;26/09/2026 18:51:31;;CLIM /;DC09 / R02 / Terrazza tecnica;GF LT 2 / COMPRESSORE 02 /;Compressore 3 modalita operativa /;0;Cambia a 1;Evento;GF LT;LT 2;Modalità operativa;1;18:51:31|LT 2
462;26/09/2026 18:51:31;;CLIM /;DC09 / R02 / Terrazza tecnica;GF LT 2 / COMPRESSORE 03 /;Compressore 3: Acceso step 1 /;0;Cambia a 1;Evento;GF LT;LT 2;Acceso step;1;18:51:31|LT 2
463;26/09/2026 18:51:31;;CLIM /;DC09 / R02 / Terrazza tecnica;GF LT 2 / COMPRESSORE 03 /;Compressore 1: Piena potenza /;0;Cambia a 1;Evento;GF LT;LT 2;Piena potenza;1;18:51:31|LT 2
464;26/09/2026 18:51:31;;CLIM /;DC09 / R02 / Terrazza tecnica;GF LT 2 / COMPRESSORE 03 /;Compressore 1: Richiesta /;0;Cambia a 1;Evento;GF LT;LT 2;Richiesta;1;18:51:31|LT 2
465;26/09/2026 18:51:50;;CLIM /;DC09 / R02 / Terrazza tecnica;GF LT 2 / COMPRESSORE 03 /;Compressore 4 modalita operativa /;0;Cambia a 1;Evento;GF LT;LT 2;Modalità operativa;1;18:51:50|LT 2
466;26/09/2026 18:51:50;;CLIM /;DC09 / R02 / Terrazza tecnica;GF LT 2 / COMPRESSORE 04 /;Compressore 4: Acceso step 1 /;0;Cambia a 1;Evento;GF LT;LT 2;Acceso step;1;18:51:50|LT 2
467;26/09/2026 18:51:50;;CLIM /;DC09 / R02 / Terrazza tecnica;GF LT 2 / COMPRESSORE 04 /;Compressore 1: Piena potenza /;0;Cambia a 1;Evento;GF LT;LT 2;Piena potenza;1;18:51:50|LT 2
468;26/09/2026 18:51:50;;CLIM /;DC09 / R02 / Terrazza tecnica;GF LT 2 / COMPRESSORE 04 /;Compressore 4: Richiesta /;0;Cambia a 1;Evento;GF LT;LT 2;Richiesta;1;18:51:50|LT 2
469;26/09/2026 18:51:55;;CLIM /;DC09 / R02 / SALA DATI A1/A3;GF FW A1-A3.3 / COMPRESSORE 01 /;Compressore 1: Freecooling /;0;Cambia a 1;Evento;GF FW;FW A1-A3.3;Freecooling;1;18:51:55|FW A1-A3.3
470;26/09/2026 18:51:55;;CLIM /;DC09 / R02 / SALA DATI A1/A3;GF FW A1-A3.3 / COMPRESSORE 02 /;Compressore 2: Freecooling /;0;Cambia a 1;Evento;GF FW;FW A1-A3.3;Freecooling;1;18:51:55|FW A1-A3.3
471;26/09/2026 18:52:00;;CLIM /;DC09 / R02 / Terrazza tecnica;GF LT 4 / COMPRESSORE 01 /;Compressore 1 modalita operativa /;0;Cambia a 0;Evento;GF LT;LT 4;Modalità operativa;0;18:52:00|LT 4
472;26/09/2026 18:52:00;;CLIM /;DC09 / R02 / Terrazza tecnica;GF LT 4 / COMPRESSORE 01 /;Compressore 1: Acceso step 1 /;0;Cambia a 0;Evento;GF LT;LT 4;Acceso step;0;18:52:00|LT 4
473;26/09/2026 18:52:00;;CLIM /;DC09 / R02 / Terrazza tecnica;GF LT 4 / COMPRESSORE 01 /;Compressore 1: Piena potenza /;0;Cambia a 0;Evento;GF LT;LT 4;Piena potenza;0;18:52:00|LT 4
474;26/09/2026 18:52:00;;CLIM /;DC09 / R02 / Terrazza tecnica;GF LT 4 / COMPRESSORE 01 /;Compressore 1: Richiesta /;0;Cambia a 0;Evento;GF LT;LT 4;Richiesta;0;18:52:00|LT 4
475;26/09/2026 18:52:23;;CLIM /;DC09 / R02 / Terrazza tecnica;GF LT 6 / COMPRESSORE 03 /;Compressore 4 modalita operativa /;0;Cambia a 0;Evento;GF LT;LT 6;Modalità operativa;0;18:52:23|LT 6
476;26/09/2026 18:52:23;;CLIM /;DC09 / R02 / Terrazza tecnica;GF LT 6 / COMPRESSORE 04 /;Compressore 4: Acceso step 1 /;0;Cambia a 0;Evento;GF LT;LT 6;Acceso step;0;18:52:23|LT 6
477;26/09/2026 18:52:23;;CLIM /;DC09 / R02 / Terrazza tecnica;GF LT 6 / COMPRESSORE 04 /;Compressore 1: Piena potenza /;0;Cambia a 0;Evento;GF LT;LT 6;Piena potenza;0;18:52:23|LT 6
478;26/09/2026 18:52:23;;CLIM /;DC09 / R02 / Terrazza tecnica;GF LT 6 / COMPRESSORE 04 /;Compressore 4: Richiesta /;0;Cambia a 0;Evento;GF LT;LT 6;Richiesta;0;18:52:23|LT 6
479;26/09/2026 18:53:09;;CLIM /;DC09 / R02 / Terrazza tecnica;GF LT 2 / COMPRESSORE 02 /;Compressore 3 modalita operativa /;0;Cambia a 0;Evento;GF LT;LT 2;Modalità operativa;0;18:53:09|LT 2
480;26/09/2026 18:53:09;;CLIM /;DC09 / R02 / Terrazza tecnica;GF LT 2 / COMPRESSORE 03 /;Compressore 3: Acceso step 1 /;0;Cambia a 0;Evento;GF LT;LT 2;Acceso step;0;18:53:09|LT 2
481;26/09/2026 18:53:09;;CLIM /;DC09 / R02 / Terrazza tecnica;GF LT 2 / COMPRESSORE 03 /;Compressore 1: Piena potenza /;0;Cambia a 0;Evento;GF LT;LT 2;Piena potenza;0;18:53:09|LT 2
482;26/09/2026 18:53:09;;CLIM /;DC09 / R02 / Terrazza tecnica;GF LT 2 / COMPRESSORE 03 /;Compressore 1: Richiesta /;0;Cambia a 0;Evento;GF LT;LT 2;Richiesta;0;18:53:09|LT 2
483;26/09/2026 18:53:49;;CLIM /;DC09 / R02 / Terrazza tecnica;GF LT 5 / COMPRESSORE 03 /;Compressore 4 modalita operativa /;0;Cambia a 0;Evento;GF LT;LT 5;Modalità operativa;0;18:53:49|LT 5
484;26/09/2026 18:53:49;;CLIM /;DC09 / R02 / Terrazza tecnica;GF LT 5 / COMPRESSORE 04 /;Compressore 4: Acceso step 1 /;0;Cambia a 0;Evento;GF LT;LT 5;Acceso step;0;18:53:49|LT 5
485;26/09/2026 18:53:49;;CLIM /;DC09 / R02 / Terrazza tecnica;GF LT 5 / COMPRESSORE 04 /;Compressore 1: Piena potenza /;0;Cambia a 0;Evento;GF LT;LT 5;Piena potenza;0;18:53:49|LT 5
486;26/09/2026 18:53:49;;CLIM /;DC09 / R02 / Terrazza tecnica;GF LT 5 / COMPRESSORE 04 /;Compressore 4: Richiesta /;0;Cambia a 0;Evento;GF LT;LT 5;Richiesta;0;18:53:49|LT 5
487;26/09/2026 18:54:09;;CLIM /;DC09 / R02 / Terrazza tecnica;GF CTA PRO A 1-2 / COMPRESSORE 02 /;Compressore 2: Stato operativo /;0;Cambia a 1;Evento;GF CTA PRO;CTA PRO A 1-2;Stato operativo;1;18:54:09|CTA PRO A 1-2
488;26/09/2026 18:54:09;;CLIM /;DC09 / R02 / Terrazza tecnica;GF CTA PRO A 1-2 / COMPRESSORE 02 /;Compressore 2: Acceso step 1 /;0;Cambia a 1;Evento;GF CTA PRO;CTA PRO A 1-2;Acceso step;1;18:54:09|CTA PRO A 1-2
489;26/09/2026 18:54:09;;CLIM /;DC09 / R02 / Terrazza tecnica;GF CTA PRO A 1-2 / COMPRESSORE 02 /;Compressore 2: Piena potenza /;0;Cambia a 1;Evento;GF CTA PRO;CTA PRO A 1-2;Piena potenza;1;18:54:09|CTA PRO A 1-2
490;26/09/2026 18:54:09;;CLIM /;DC09 / R02 / Terrazza tecnica;GF CTA PRO A 1-2 / COMPRESSORE 02 /;Compressore 2: Richiesta /;0;Cambia a 1;Evento;GF CTA PRO;CTA PRO A 1-2;Richiesta;1;18:54:09|CTA PRO A 1-2
491;26/09/2026 18:54:37;;CLIM /;DC09 / R02 / Terrazza tecnica;GF LT 4 / COMPRESSORE 03 /;Compressore 4 modalita operativa /;0;Cambia a 1;Evento;GF LT;LT 4;Modalità operativa;1;18:54:37|LT 4
492;26/09/2026 18:54:37;;CLIM /;DC09 / R02 / Terrazza tecnica;GF LT 4 / COMPRESSORE 04 /;Compressore 4: Acceso step 1 /;0;Cambia a 1;Evento;GF LT;LT 4;Acceso step;1;18:54:37|LT 4
493;26/09/2026 18:54:37;;CLIM /;DC09 / R02 / Terrazza tecnica;GF LT 4 / COMPRESSORE 04 /;Compressore 1: Piena potenza /;0;Cambia a 1;Evento;GF LT;LT 4;Piena potenza;1;18:54:37|LT 4
494;26/09/2026 18:54:37;;CLIM /;DC09 / R02 / Terrazza tecnica;GF LT 4 / COMPRESSORE 04 /;Compressore 4: Richiesta /;0;Cambia a 1;Evento;GF LT;LT 4;Richiesta;1;18:54:37|LT 4
495;26/09/2026 18:54:40;;CLIM /;DC09 / R02 / Terrazza tecnica;GF LT 6 / COMPRESSORE 02 /;Compressore 3 modalita operativa /;0;Cambia a 0;Evento;GF LT;LT 6;Modalità operativa;0;18:54:40|LT 6
496;26/09/2026 18:54:40;;CLIM /;DC09 / R02 / Terrazza tecnica;GF LT 6 / COMPRESSORE 03 /;Compressore 3: Acceso step 1 /;0;Cambia a 0;Evento;GF LT;LT 6;Acceso step;0;18:54:40|LT 6
497;26/09/2026 18:54:40;;CLIM /;DC09 / R02 / Terrazza tecnica;GF LT 6 / COMPRESSORE 03 /;Compressore 1: Piena potenza /;0;Cambia a 0;Evento;GF LT;LT 6;Piena potenza;0;18:54:40|LT 6
498;26/09/2026 18:54:40;;CLIM /;DC09 / R02 / Terrazza tecnica;GF LT 6 / COMPRESSORE 03 /;Compressore 1: Richiesta /;0;Cambia a 0;Evento;GF LT;LT 6;Richiesta;0;18:54:40|LT 6
499;26/09/2026 18:54:47;;CLIM /;DC09 / R02 / Terrazza tecnica;GF LT 2 / COMPRESSORE 03 /;Compressore 4 modalita operativa /;0;Cambia a 0;Evento;GF LT;LT 2;Modalità operativa;0;18:54:47|LT 2
500;26/09/2026 18:54:47;;CLIM /;DC09 / R02 / Terrazza tecnica;GF LT 2 / COMPRESSORE 04 /;Compressore 4: Acceso step 1 /;0;Cambia a 0;Evento;GF LT;LT 2;Acceso step;0;18:54:47|LT 2
501;26/09/2026 18:54:47;;CLIM /;DC09 / R02 / Terrazza tecnica;GF LT 2 / COMPRESSORE 04 /;Compressore 1: Piena potenza /;0;Cambia a 0;Evento;GF LT;LT 2;Piena potenza;0;18:54:47|LT 2
502;26/09/2026 18:54:47;;CLIM /;DC09 / R02 / Terrazza tecnica;GF LT 2 / COMPRESSORE 04 /;Compressore 4: Richiesta /;0;Cambia a 0;Evento;GF LT;LT 2;Richiesta;0;18:54:47|LT 2
503;26/09/2026 18:55:38;;CLIM /;DC09 / R02 / Terrazza tecnica;GF CTA PRO B 3-4 / COMPRESSORE 02 /;Compressore 2: Stato operativo /;0;Cambia a 1;Evento;GF CTA PRO;CTA PRO B 3-4;Stato operativo;1;18:55:38|CTA PRO B 3-4
504;26/09/2026 18:55:38;;CLIM /;DC09 / R02 / Terrazza tecnica;GF CTA PRO B 3-4 / COMPRESSORE 02 /;Compressore 2: Acceso step 1 /;0;Cambia a 1;Evento;GF CTA PRO;CTA PRO B 3-4;Acceso step;1;18:55:38|CTA PRO B 3-4
505;26/09/2026 18:55:38;;CLIM /;DC09 / R02 / Terrazza tecnica;GF CTA PRO B 3-4 / COMPRESSORE 02 /;Compressore 2: Piena potenza /;0;Cambia a 1;Evento;GF CTA PRO;CTA PRO B 3-4;Piena potenza;1;18:55:38|CTA PRO B 3-4
506;26/09/2026 18:55:38;;CLIM /;DC09 / R02 / Terrazza tecnica;GF CTA PRO B 3-4 / COMPRESSORE 02 /;Compressore 2: Richiesta /;0;Cambia a 1;Evento;GF CTA PRO;CTA PRO B 3-4;Richiesta;1;18:55:38|CTA PRO B 3-4
507;26/09/2026 18:56:34;;CLIM /;DC09 / R02 / Terrazza tecnica;GF CTA PRO A 3-4 / COMPRESSORE 02 /;Compressore 2: Stato operativo /;0;Cambia a 1;Evento;GF CTA PRO;CTA PRO A 3-4;Stato operativo;1;18:56:34|CTA PRO A 3-4
508;26/09/2026 18:56:34;;CLIM /;DC09 / R02 / Terrazza tecnica;GF CTA PRO A 3-4 / COMPRESSORE 02 /;Compressore 2: Acceso step 1 /;0;Cambia a 1;Evento;GF CTA PRO;CTA PRO A 3-4;Acceso step;1;18:56:34|CTA PRO A 3-4
509;26/09/2026 18:56:34;;CLIM /;DC09 / R02 / Terrazza tecnica;GF CTA PRO A 3-4 / COMPRESSORE 02 /;Compressore 2: Piena potenza /;0;Cambia a 1;Evento;GF CTA PRO;CTA PRO A 3-4;Piena potenza;1;18:56:34|CTA PRO A 3-4
510;26/09/2026 18:56:34;;CLIM /;DC09 / R02 / Terrazza tecnica;GF CTA PRO A 3-4 / COMPRESSORE 02 /;Compressore 2: Richiesta /;0;Cambia a 1;Evento;GF CTA PRO;CTA PRO A 3-4;Richiesta;1;18:56:34|CTA PRO A 3-4
511;26/09/2026 18:56:38;;CLIM /;DC09 / R02 / Terrazza tecnica;GF LT 6 / COMPRESSORE 02 /;Compressore 2 modalita operativa /;0;Cambia a 1;Evento;GF LT;LT 6;Modalità operativa;1;18:56:38|LT 6
512;26/09/2026 18:56:38;;CLIM /;DC09 / R02 / Terrazza tecnica;GF LT 6 / COMPRESSORE 02 /;Compressore 2: Acceso step 1 /;0;Cambia a 1;Evento;GF LT;LT 6;Acceso step;1;18:56:38|LT 6
513;26/09/2026 18:56:38;;CLIM /;DC09 / R02 / Terrazza tecnica;GF LT 6 / COMPRESSORE 02 /;Compressore 1: Piena potenza /;0;Cambia a 1;Evento;GF LT;LT 6;Piena potenza;1;18:56:38|LT 6
514;26/09/2026 18:56:38;;CLIM /;DC09 / R02 / Terrazza tecnica;GF LT 6 / COMPRESSORE 02 /;Compressore 1: Richiesta /;0;Cambia a 1;Evento;GF LT;LT 6;Richiesta;1;18:56:38|LT 6
515;26/09/2026 18:56:54;;CLIM /;DC09 / R02 / Terrazza tecnica;GF LT 4 / COMPRESSORE 03 /;Compressore 4 modalita operativa /;0;Cambia a 0;Evento;GF LT;LT 4;Modalità operativa;0;18:56:54|LT 4
516;26/09/2026 18:56:54;;CLIM /;DC09 / R02 / Terrazza tecnica;GF LT 4 / COMPRESSORE 04 /;Compressore 4: Acceso step 1 /;0;Cambia a 0;Evento;GF LT;LT 4;Acceso step;0;18:56:54|LT 4
517;26/09/2026 18:56:54;;CLIM /;DC09 / R02 / Terrazza tecnica;GF LT 4 / COMPRESSORE 04 /;Compressore 1: Piena potenza /;0;Cambia a 0;Evento;GF LT;LT 4;Piena potenza;0;18:56:54|LT 4
518;26/09/2026 18:56:54;;CLIM /;DC09 / R02 / Terrazza tecnica;GF LT 4 / COMPRESSORE 04 /;Compressore 4: Richiesta /;0;Cambia a 0;Evento;GF LT;LT 4;Richiesta;0;18:56:54|LT 4
519;26/09/2026 18:57:06;;CLIM /;DC09 / R02 / Terrazza tecnica;GF CTA PRO A 1-2 / COMPRESSORE 02 /;Compressore 2: Stato operativo /;0;Cambia a 0;Evento;GF CTA PRO;CTA PRO A 1-2;Stato operativo;0;18:57:06|CTA PRO A 1-2
520;26/09/2026 18:57:06;;CLIM /;DC09 / R02 / Terrazza tecnica;GF CTA PRO A 1-2 / COMPRESSORE 02 /;Compressore 2: Acceso step 1 /;0;Cambia a 0;Evento;GF CTA PRO;CTA PRO A 1-2;Acceso step;0;18:57:06|CTA PRO A 1-2
521;26/09/2026 18:57:06;;CLIM /;DC09 / R02 / Terrazza tecnica;GF CTA PRO A 1-2 / COMPRESSORE 02 /;Compressore 2: Piena potenza /;0;Cambia a 0;Evento;GF CTA PRO;CTA PRO A 1-2;Piena potenza;0;18:57:06|CTA PRO A 1-2
522;26/09/2026 18:57:06;;CLIM /;DC09 / R02 / Terrazza tecnica;GF CTA PRO A 1-2 / COMPRESSORE 02 /;Compressore 2: Richiesta /;0;Cambia a 0;Evento;GF CTA PRO;CTA PRO A 1-2;Richiesta;0;18:57:06|CTA PRO A 1-2
523;26/09/2026 18:58:24;;CLIM /;DC09 / R02 / SALA DATI B1/B3;GF FW B1-B3.4 / COMPRESSORE 02 /;Compressore 2: Acceso step 2 /;0;Cambia a 0;Evento;GF FW;FW B1-B3.4;Acceso step;0;18:58:24|FW B1-B3.4
524;26/09/2026 18:58:24;;CLIM /;DC09 / R02 / SALA DATI B1/B3;GF FW B1-B3.4 / COMPRESSORE 02 /;Compressore 2: Acceso step 1 /;0;Cambia a 1;Evento;GF FW;FW B1-B3.4;Acceso step;1;18:58:24|FW B1-B3.4
525;26/09/2026 18:58:27;;CLIM /;DC09 / R02 / SALA DATI A2/A4;GF FW A2-A4.3 / COMPRESSORE 01 /;Compressore 1: Freecooling /;0;Cambia a 1;Evento;GF FW;FW A2-A4.3;Freecooling;1;18:58:27|FW A2-A4.3
526;26/09/2026 18:58:27;;CLIM /;DC09 / R02 / SALA DATI A2/A4;GF FW A2-A4.3 / COMPRESSORE 02 /;Compressore 2: Freecooling /;0;Cambia a 1;Evento;GF FW;FW A2-A4.3;Freecooling;1;18:58:27|FW A2-A4.3
527;26/09/2026 18:59:02;;CLIM /;DC09 / R02 / Terrazza tecnica;GF LT 2 / COMPRESSORE 02 /;Compressore 3 modalita operativa /;0;Cambia a 1;Evento;GF LT;LT 2;Modalità operativa;1;18:59:02|LT 2
528;26/09/2026 18:59:02;;CLIM /;DC09 / R02 / Terrazza tecnica;GF LT 2 / COMPRESSORE 03 /;Compressore 3: Acceso step 1 /;0;Cambia a 1;Evento;GF LT;LT 2;Acceso step;1;18:59:02|LT 2
529;26/09/2026 18:59:02;;CLIM /;DC09 / R02 / Terrazza tecnica;GF LT 2 / COMPRESSORE 03 /;Compressore 1: Piena potenza /;0;Cambia a 1;Evento;GF LT;LT 2;Piena potenza;1;18:59:02|LT 2
530;26/09/2026 18:59:02;;CLIM /;DC09 / R02 / Terrazza tecnica;GF LT 2 / COMPRESSORE 03 /;Compressore 1: Richiesta /;0;Cambia a 1;Evento;GF LT;LT 2;Richiesta;1;18:59:02|LT 2
531;26/09/2026 18:59:02;;CLIM /;DC09 / R02 / Terrazza tecnica;GF CTA PRO B 1-2 / COMPRESSORE 01 /;Compressore 1: Stato operativo /;0;Cambia a 0;Evento;GF CTA PRO;CTA PRO B 1-2;Stato operativo;0;18:59:02|CTA PRO B 1-2
532;26/09/2026 18:59:02;;CLIM /;DC09 / R02 / Terrazza tecnica;GF CTA PRO B 1-2 / COMPRESSORE 01 /;Compressore 1: Acceso step 1 /;0;Cambia a 0;Evento;GF CTA PRO;CTA PRO B 1-2;Acceso step;0;18:59:02|CTA PRO B 1-2
533;26/09/2026 18:59:02;;CLIM /;DC09 / R02 / Terrazza tecnica;GF CTA PRO B 1-2 / COMPRESSORE 01 /;Compressore 1: Piena potenza /;0;Cambia a 0;Evento;GF CTA PRO;CTA PRO B 1-2;Piena potenza;0;18:59:02|CTA PRO B 1-2
534;26/09/2026 18:59:02;;CLIM /;DC09 / R02 / Terrazza tecnica;GF CTA PRO B 1-2 / COMPRESSORE 01 /;Compressore 1: Richiesta /;0;Cambia a 0;Evento;GF CTA PRO;CTA PRO B 1-2;Richiesta;0;18:59:02|CTA PRO B 1-2
535;26/09/2026 18:59:14;;CLIM /;DC09 / R02 / SALA DATI B2/B4;GF FW B2-B4.3 / COMPRESSORE 02 /;Compressore 2: Acceso step 2 /;0;Cambia a 0;Evento;GF FW;FW B2-B4.3;Acceso step;0;18:59:14|FW B2-B4.3
536;26/09/2026 18:59:14;;CLIM /;DC09 / R02 / SALA DATI B2/B4;GF FW B2-B4.3 / COMPRESSORE 02 /;Compressore 2: Acceso step 1 /;0;Cambia a 1;Evento;GF FW;FW B2-B4.3;Acceso step;1;18:59:14|FW B2-B4.3
537;26/09/2026 19:00:11;;CLIM /;DC09 / R02 / Terrazza tecnica;GF LT 4 / COMPRESSORE 02 /;Compressore 2 modalita operativa /;0;Cambia a 1;Evento;GF LT;LT 4;Modalità operativa;1;19:00:11|LT 4
538;26/09/2026 19:00:11;;CLIM /;DC09 / R02 / Terrazza tecnica;GF LT 4 / COMPRESSORE 02 /;Compressore 2: Acceso step 1 /;0;Cambia a 1;Evento;GF LT;LT 4;Acceso step;1;19:00:11|LT 4
539;26/09/2026 19:00:11;;CLIM /;DC09 / R02 / Terrazza tecnica;GF LT 4 / COMPRESSORE 02 /;Compressore 1: Piena potenza /;0;Cambia a 1;Evento;GF LT;LT 4;Piena potenza;1;19:00:11|LT 4
540;26/09/2026 19:00:11;;CLIM /;DC09 / R02 / Terrazza tecnica;GF LT 4 / COMPRESSORE 02 /;Compressore 1: Richiesta /;0;Cambia a 1;Evento;GF LT;LT 4;Richiesta;1;19:00:11|LT 4
541;26/09/2026 19:00:49;;CLIM /;DC09 / R02 / Terrazza tecnica;GF CTA PRO A 3-4 / COMPRESSORE 02 /;Compressore 2: Stato operativo /;0;Cambia a 0;Evento;GF CTA PRO;CTA PRO A 3-4;Stato operativo;0;19:00:49|CTA PRO A 3-4
542;26/09/2026 19:00:49;;CLIM /;DC09 / R02 / Terrazza tecnica;GF CTA PRO A 3-4 / COMPRESSORE 02 /;Compressore 2: Acceso step 1 /;0;Cambia a 0;Evento;GF CTA PRO;CTA PRO A 3-4;Acceso step;0;19:00:49|CTA PRO A 3-4
543;26/09/2026 19:00:49;;CLIM /;DC09 / R02 / Terrazza tecnica;GF CTA PRO A 3-4 / COMPRESSORE 02 /;Compressore 2: Piena potenza /;0;Cambia a 0;Evento;GF CTA PRO;CTA PRO A 3-4;Piena potenza;0;19:00:49|CTA PRO A 3-4
544;26/09/2026 19:00:49;;CLIM /;DC09 / R02 / Terrazza tecnica;GF CTA PRO A 3-4 / COMPRESSORE 02 /;Compressore 2: Richiesta /;0;Cambia a 0;Evento;GF CTA PRO;CTA PRO A 3-4;Richiesta;0;19:00:49|CTA PRO A 3-4
545;26/09/2026 19:00:52;;CLIM /;DC09 / R02 / Terrazza tecnica;GF CTA PRO B 3-4 / COMPRESSORE 02 /;Compressore 2: Stato operativo /;0;Cambia a 0;Evento;GF CTA PRO;CTA PRO B 3-4;Stato operativo;0;19:00:52|CTA PRO B 3-4
546;26/09/2026 19:00:52;;CLIM /;DC09 / R02 / Terrazza tecnica;GF CTA PRO B 3-4 / COMPRESSORE 02 /;Compressore 2: Acceso step 1 /;0;Cambia a 0;Evento;GF CTA PRO;CTA PRO B 3-4;Acceso step;0;19:00:52|CTA PRO B 3-4
547;26/09/2026 19:00:52;;CLIM /;DC09 / R02 / Terrazza tecnica;GF CTA PRO B 3-4 / COMPRESSORE 02 /;Compressore 2: Piena potenza /;0;Cambia a 0;Evento;GF CTA PRO;CTA PRO B 3-4;Piena potenza;0;19:00:52|CTA PRO B 3-4
548;26/09/2026 19:00:52;;CLIM /;DC09 / R02 / Terrazza tecnica;GF CTA PRO B 3-4 / COMPRESSORE 02 /;Compressore 2: Richiesta /;0;Cambia a 0;Evento;GF CTA PRO;CTA PRO B 3-4;Richiesta;0;19:00:52|CTA PRO B 3-4
549;26/09/2026 19:01:00;;CLIM /;DC09 / R02 / Terrazza tecnica;GF LT 2 / COMPRESSORE 02 /;Compressore 2 modalita operativa /;0;Cambia a 1;Evento;GF LT;LT 2;Modalità operativa;1;19:01:00|LT 2
550;26/09/2026 19:01:00;;CLIM /;DC09 / R02 / Terrazza tecnica;GF LT 2 / COMPRESSORE 02 /;Compressore 2: Acceso step 1 /;0;Cambia a 1;Evento;GF LT;LT 2;Acceso step;1;19:01:00|LT 2
551;26/09/2026 19:01:00;;CLIM /;DC09 / R02 / Terrazza tecnica;GF LT 2 / COMPRESSORE 02 /;Compressore 1: Piena potenza /;0;Cambia a 1;Evento;GF LT;LT 2;Piena potenza;1;19:01:00|LT 2
552;26/09/2026 19:01:00;;CLIM /;DC09 / R02 / Terrazza tecnica;GF LT 2 / COMPRESSORE 02 /;Compressore 1: Richiesta /;0;Cambia a 1;Evento;GF LT;LT 2;Richiesta;1;19:01:00|LT 2
553;26/09/2026 19:01:59;;CLIM /;DC09 / R02 / Terrazza tecnica;GF LT 2 / COMPRESSORE 01 /;Compressore 1 modalita operativa /;0;Cambia a 0;Evento;GF LT;LT 2;Modalità operativa;0;19:01:59|LT 2
554;26/09/2026 19:01:59;;CLIM /;DC09 / R02 / Terrazza tecnica;GF LT 2 / COMPRESSORE 01 /;Compressore 1: Acceso step 1 /;0;Cambia a 0;Evento;GF LT;LT 2;Acceso step;0;19:01:59|LT 2
555;26/09/2026 19:01:59;;CLIM /;DC09 / R02 / Terrazza tecnica;GF LT 2 / COMPRESSORE 01 /;Compressore 1: Piena potenza /;0;Cambia a 0;Evento;GF LT;LT 2;Piena potenza;0;19:01:59|LT 2
556;26/09/2026 19:01:59;;CLIM /;DC09 / R02 / Terrazza tecnica;GF LT 2 / COMPRESSORE 01 /;Compressore 1: Richiesta /;0;Cambia a 0;Evento;GF LT;LT 2;Richiesta;0;19:01:59|LT 2
557;26/09/2026 19:02:58;;CLIM /;DC09 / R02 / Terrazza tecnica;GF LT 2 / COMPRESSORE 02 /;Compressore 3 modalita operativa /;0;Cambia a 0;Evento;GF LT;LT 2;Modalità operativa;0;19:02:58|LT 2
558;26/09/2026 19:02:58;;CLIM /;DC09 / R02 / Terrazza tecnica;GF LT 2 / COMPRESSORE 03 /;Compressore 3: Acceso step 1 /;0;Cambia a 0;Evento;GF LT;LT 2;Acceso step;0;19:02:58|LT 2
559;26/09/2026 19:02:58;;CLIM /;DC09 / R02 / Terrazza tecnica;GF LT 2 / COMPRESSORE 03 /;Compressore 1: Piena potenza /;0;Cambia a 0;Evento;GF LT;LT 2;Piena potenza;0;19:02:58|LT 2
560;26/09/2026 19:02:58;;CLIM /;DC09 / R02 / Terrazza tecnica;GF LT 2 / COMPRESSORE 03 /;Compressore 1: Richiesta /;0;Cambia a 0;Evento;GF LT;LT 2;Richiesta;0;19:02:58|LT 2
561;26/09/2026 19:03:29;;CLIM /;DC09 / R02 / Terrazza tecnica;GF LT 4 / COMPRESSORE 02 /;Compressore 2 modalita operativa /;0;Cambia a 0;Evento;GF LT;LT 4;Modalità operativa;0;19:03:29|LT 4
562;26/09/2026 19:03:29;;CLIM /;DC09 / R02 / Terrazza tecnica;GF LT 4 / COMPRESSORE 02 /;Compressore 2: Acceso step 1 /;0;Cambia a 0;Evento;GF LT;LT 4;Acceso step;0;19:03:29|LT 4
563;26/09/2026 19:03:29;;CLIM /;DC09 / R02 / Terrazza tecnica;GF LT 4 / COMPRESSORE 02 /;Compressore 1: Piena potenza /;0;Cambia a 0;Evento;GF LT;LT 4;Piena potenza;0;19:03:29|LT 4
564;26/09/2026 19:03:29;;CLIM /;DC09 / R02 / Terrazza tecnica;GF LT 4 / COMPRESSORE 02 /;Compressore 1: Richiesta /;0;Cambia a 0;Evento;GF LT;LT 4;Richiesta;0;19:03:29|LT 4
565;26/09/2026 19:05:16;;CLIM /;DC09 / R02 / Terrazza tecnica;GF CTA PRO A 1-2 / COMPRESSORE 01 /;Compressore 1: Stato operativo /;0;Cambia a 1;Evento;GF CTA PRO;CTA PRO A 1-2;Stato operativo;1;19:05:16|CTA PRO A 1-2
566;26/09/2026 19:05:16;;CLIM /;DC09 / R02 / Terrazza tecnica;GF CTA PRO A 1-2 / COMPRESSORE 01 /;Compressore 1: Acceso step 1 /;0;Cambia a 1;Evento;GF CTA PRO;CTA PRO A 1-2;Acceso step;1;19:05:16|CTA PRO A 1-2
567;26/09/2026 19:05:16;;CLIM /;DC09 / R02 / Terrazza tecnica;GF CTA PRO A 1-2 / COMPRESSORE 01 /;Compressore 1: Piena potenza /;0;Cambia a 1;Evento;GF CTA PRO;CTA PRO A 1-2;Piena potenza;1;19:05:16|CTA PRO A 1-2
568;26/09/2026 19:05:16;;CLIM /;DC09 / R02 / Terrazza tecnica;GF CTA PRO A 1-2 / COMPRESSORE 01 /;Compressore 1: Richiesta /;0;Cambia a 1;Evento;GF CTA PRO;CTA PRO A 1-2;Richiesta;1;19:05:16|CTA PRO A 1-2
569;26/09/2026 19:06:05;;CLIM /;DC09 / R02 / Terrazza tecnica;GF LT 4 / COMPRESSORE 02 /;Compressore 3 modalita operativa /;0;Cambia a 1;Evento;GF LT;LT 4;Modalità operativa;1;19:06:05|LT 4
570;26/09/2026 19:06:05;;CLIM /;DC09 / R02 / Terrazza tecnica;GF LT 4 / COMPRESSORE 03 /;Compressore 3: Acceso step 1 /;0;Cambia a 1;Evento;GF LT;LT 4;Acceso step;1;19:06:05|LT 4
571;26/09/2026 19:06:05;;CLIM /;DC09 / R02 / Terrazza tecnica;GF LT 4 / COMPRESSORE 03 /;Compressore 1: Piena potenza /;0;Cambia a 1;Evento;GF LT;LT 4;Piena potenza;1;19:06:05|LT 4
572;26/09/2026 19:06:05;;CLIM /;DC09 / R02 / Terrazza tecnica;GF LT 4 / COMPRESSORE 03 /;Compressore 1: Richiesta /;0;Cambia a 1;Evento;GF LT;LT 4;Richiesta;1;19:06:05|LT 4
573;26/09/2026 19:06:26;;CLIM /;DC09 / R02 / Terrazza tecnica;GF CTA PRO B 3-4 / COMPRESSORE 01 /;Compressore 1: Stato operativo /;0;Cambia a 1;Evento;GF CTA PRO;CTA PRO B 3-4;Stato operativo;1;19:06:26|CTA PRO B 3-4
574;26/09/2026 19:06:26;;CLIM /;DC09 / R02 / Terrazza tecnica;GF CTA PRO B 3-4 / COMPRESSORE 01 /;Compressore 1: Acceso step 1 /;0;Cambia a 1;Evento;GF CTA PRO;CTA PRO B 3-4;Acceso step;1;19:06:26|CTA PRO B 3-4
575;26/09/2026 19:06:26;;CLIM /;DC09 / R02 / Terrazza tecnica;GF CTA PRO B 3-4 / COMPRESSORE 01 /;Compressore 1: Piena potenza /;0;Cambia a 1;Evento;GF CTA PRO;CTA PRO B 3-4;Piena potenza;1;19:06:26|CTA PRO B 3-4
576;26/09/2026 19:06:26;;CLIM /;DC09 / R02 / Terrazza tecnica;GF CTA PRO B 3-4 / COMPRESSORE 01 /;Compressore 1: Richiesta /;0;Cambia a 1;Evento;GF CTA PRO;CTA PRO B 3-4;Richiesta;1;19:06:26|CTA PRO B 3-4
577;26/09/2026 19:07:13;;CLIM /;DC09 / R02 / Terrazza tecnica;GF LT 2 / COMPRESSORE 03 /;Compressore 4 modalita operativa /;0;Cambia a 1;Evento;GF LT;LT 2;Modalità operativa;1;19:07:13|LT 2
578;26/09/2026 19:07:13;;CLIM /;DC09 / R02 / Terrazza tecnica;GF LT 2 / COMPRESSORE 04 /;Compressore 4: Acceso step 1 /;0;Cambia a 1;Evento;GF LT;LT 2;Acceso step;1;19:07:13|LT 2
579;26/09/2026 19:07:13;;CLIM /;DC09 / R02 / Terrazza tecnica;GF LT 2 / COMPRESSORE 04 /;Compressore 1: Piena potenza /;0;Cambia a 1;Evento;GF LT;LT 2;Piena potenza;1;19:07:13|LT 2
580;26/09/2026 19:07:13;;CLIM /;DC09 / R02 / Terrazza tecnica;GF LT 2 / COMPRESSORE 04 /;Compressore 4: Richiesta /;0;Cambia a 1;Evento;GF LT;LT 2;Richiesta;1;19:07:13|LT 2
581;26/09/2026 19:07:15;;CLIM /;DC09 / R02 / Terrazza tecnica;GF LT 5 / COMPRESSORE 01 /;Compressore 1: Acceso step 1 /;0;Cambia a 1;Evento;GF LT;LT 5;Acceso step;1;19:07:15|LT 5
582;26/09/2026 19:07:15;;CLIM /;DC09 / R02 / Terrazza tecnica;GF LT 5 / COMPRESSORE 01 /;Compressore 1: Richiesta /;0;Cambia a 1;Evento;GF LT;LT 5;Richiesta;1;19:07:15|LT 5
583;26/09/2026 19:07:32;;CLIM /;DC09 / R02 / Terrazza tecnica;GF CTA PRO B 1-2 / COMPRESSORE 02 /;Compressore 2: Acceso step 1 /;0;Cambia a 1;Evento;GF CTA PRO;CTA PRO B 1-2;Acceso step;1;19:07:32|CTA PRO B 1-2
584;26/09/2026 19:07:32;;CLIM /;DC09 / R02 / Terrazza tecnica;GF CTA PRO B 1-2 / COMPRESSORE 02 /;Compressore 2: Richiesta /;0;Cambia a 1;Evento;GF CTA PRO;CTA PRO B 1-2;Richiesta;1;19:07:32|CTA PRO B 1-2
585;26/09/2026 19:07:34;;CLIM /;DC09 / R02 / Terrazza tecnica;GF LT 5 / COMPRESSORE 01 /;Compressore 1 modalita operativa /;0;Cambia a 1;Evento;GF LT;LT 5;Modalità operativa;1;19:07:34|LT 5
586;26/09/2026 19:07:34;;CLIM /;DC09 / R02 / Terrazza tecnica;GF LT 5 / COMPRESSORE 01 /;Compressore 1: Piena potenza /;0;Cambia a 1;Evento;GF LT;LT 5;Piena potenza;1;19:07:34|LT 5
587;26/09/2026 19:07:51;;CLIM /;DC09 / R02 / Terrazza tecnica;GF CTA PRO B 1-2 / COMPRESSORE 02 /;Compressore 2: Stato operativo /;0;Cambia a 1;Evento;GF CTA PRO;CTA PRO B 1-2;Stato operativo;1;19:07:51|CTA PRO B 1-2
588;26/09/2026 19:07:51;;CLIM /;DC09 / R02 / Terrazza tecnica;GF CTA PRO B 1-2 / COMPRESSORE 02 /;Compressore 2: Piena potenza /;0;Cambia a 1;Evento;GF CTA PRO;CTA PRO B 1-2;Piena potenza;1;19:07:51|CTA PRO B 1-2
589;26/09/2026 19:07:53;;CLIM /;DC09 / R02 / Terrazza tecnica;GF CTA PRO A 1-2 / COMPRESSORE 01 /;Compressore 1: Stato operativo /;0;Cambia a 0;Evento;GF CTA PRO;CTA PRO A 1-2;Stato operativo;0;19:07:53|CTA PRO A 1-2
590;26/09/2026 19:07:53;;CLIM /;DC09 / R02 / Terrazza tecnica;GF CTA PRO A 1-2 / COMPRESSORE 01 /;Compressore 1: Acceso step 1 /;0;Cambia a 0;Evento;GF CTA PRO;CTA PRO A 1-2;Acceso step;0;19:07:53|CTA PRO A 1-2
591;26/09/2026 19:07:53;;CLIM /;DC09 / R02 / Terrazza tecnica;GF CTA PRO A 1-2 / COMPRESSORE 01 /;Compressore 1: Piena potenza /;0;Cambia a 0;Evento;GF CTA PRO;CTA PRO A 1-2;Piena potenza;0;19:07:53|CTA PRO A 1-2
592;26/09/2026 19:07:53;;CLIM /;DC09 / R02 / Terrazza tecnica;GF CTA PRO A 1-2 / COMPRESSORE 01 /;Compressore 1: Richiesta /;0;Cambia a 0;Evento;GF CTA PRO;CTA PRO A 1-2;Richiesta;0;19:07:53|CTA PRO A 1-2
593;26/09/2026 19:07:57;;CLIM /;DC09 / R02 / SALA DATI B2/B4;GF FW B2-B4.5 / COMPRESSORE 01 /;Compressore 1: Pompa spenta /;0;Cambia a 1;Evento;GF FW;FW B2-B4.5;Pompa spenta;1;19:07:57|FW B2-B4.5
594;26/09/2026 19:08:02;;CLIM /;DC09 / R02 / SALA DATI B2/B4;GF FW B2-B4.5 / COMPRESSORE 01 /;Stato di funzionamento compressore 1 /;0;Cambia a 0;Evento;GF FW;FW B2-B4.5;Stato funzionamento;0;19:08:02|FW B2-B4.5
595;26/09/2026 19:08:02;;CLIM /;DC09 / R02 / SALA DATI B2/B4;GF FW B2-B4.5 / COMPRESSORE 01 /;Compressore 1: Pompa spenta /;0;Cambia a 0;Evento;GF FW;FW B2-B4.5;Pompa spenta;0;19:08:02|FW B2-B4.5
596;26/09/2026 19:08:02;;CLIM /;DC09 / R02 / SALA DATI B2/B4;GF FW B2-B4.5 / COMPRESSORE 01 /;Compressore 1: Piena potenza /;0;Cambia a 0;Evento;GF FW;FW B2-B4.5;Piena potenza;0;19:08:02|FW B2-B4.5
597;26/09/2026 19:08:02;;CLIM /;DC09 / R02 / SALA DATI B2/B4;GF FW B2-B4.5 / COMPRESSORE 01 /;Compressore 1: Richiesta /;0;Cambia a 0;Evento;GF FW;FW B2-B4.5;Richiesta;0;19:08:02|FW B2-B4.5
598;26/09/2026 19:08:04;;CLIM /;DC09 / R02 / Terrazza tecnica;GF LT 4 / COMPRESSORE 03 /;Compressore 4 modalita operativa /;0;Cambia a 1;Evento;GF LT;LT 4;Modalità operativa;1;19:08:04|LT 4
599;26/09/2026 19:08:04;;CLIM /;DC09 / R02 / Terrazza tecnica;GF LT 4 / COMPRESSORE 04 /;Compressore 4: Acceso step 1 /;0;Cambia a 1;Evento;GF LT;LT 4;Acceso step;1;19:08:04|LT 4
600;26/09/2026 19:08:04;;CLIM /;DC09 / R02 / Terrazza tecnica;GF LT 4 / COMPRESSORE 04 /;Compressore 1: Piena potenza /;0;Cambia a 1;Evento;GF LT;LT 4;Piena potenza;1;19:08:04|LT 4
601;26/09/2026 19:08:04;;CLIM /;DC09 / R02 / Terrazza tecnica;GF LT 4 / COMPRESSORE 04 /;Compressore 4: Richiesta /;0;Cambia a 1;Evento;GF LT;LT 4;Richiesta;1;19:08:04|LT 4
602;26/09/2026 19:09:03;;CLIM /;DC09 / R02 / Terrazza tecnica;GF LT 4 / COMPRESSORE 02 /;Compressore 3 modalita operativa /;0;Cambia a 0;Evento;GF LT;LT 4;Modalità operativa;0;19:09:03|LT 4
603;26/09/2026 19:09:03;;CLIM /;DC09 / R02 / Terrazza tecnica;GF LT 4 / COMPRESSORE 03 /;Compressore 3: Acceso step 1 /;0;Cambia a 0;Evento;GF LT;LT 4;Acceso step;0;19:09:03|LT 4
604;26/09/2026 19:09:03;;CLIM /;DC09 / R02 / Terrazza tecnica;GF LT 4 / COMPRESSORE 03 /;Compressore 1: Piena potenza /;0;Cambia a 0;Evento;GF LT;LT 4;Piena potenza;0;19:09:03|LT 4
605;26/09/2026 19:09:03;;CLIM /;DC09 / R02 / Terrazza tecnica;GF LT 4 / COMPRESSORE 03 /;Compressore 1: Richiesta /;0;Cambia a 0;Evento;GF LT;LT 4;Richiesta;0;19:09:03|LT 4
606;26/09/2026 19:09:11;;CLIM /;DC09 / R02 / SALA DATI A1/A3;GF FW A1-A3.4 / COMPRESSORE 02 /;Compressore 2: Richiesta /;0;Cambia a 1;Evento;GF FW;FW A1-A3.4;Richiesta;1;19:09:11|FW A1-A3.4
607;26/09/2026 19:09:13;;CLIM /;DC09 / R02 / SALA DATI A1/A3;GF FW A1-A3.4 / COMPRESSORE 02 /;Stato di funzionamento compressore 2 /;0;Cambia a 1;Evento;GF FW;FW A1-A3.4;Stato funzionamento;1;19:09:13|FW A1-A3.4
608;26/09/2026 19:09:13;;CLIM /;DC09 / R02 / SALA DATI A1/A3;GF FW A1-A3.4 / COMPRESSORE 02 /;Compressore 2: Piena potenza /;0;Cambia a 1;Evento;GF FW;FW A1-A3.4;Piena potenza;1;19:09:13|FW A1-A3.4
609;26/09/2026 19:09:29;;CLIM /;DC09 / R02 / SALA DATI A1/A3;GF FW A1-A3.4 / COMPRESSORE 02 /;Compressore 2: Acceso step 2 /;0;Cambia a 0;Evento;GF FW;FW A1-A3.4;Acceso step;0;19:09:29|FW A1-A3.4
610;26/09/2026 19:09:29;;CLIM /;DC09 / R02 / SALA DATI A1/A3;GF FW A1-A3.4 / COMPRESSORE 02 /;Compressore 2: Acceso step 1 /;0;Cambia a 1;Evento;GF FW;FW A1-A3.4;Acceso step;1;19:09:29|FW A1-A3.4
611;26/09/2026 19:09:41;;CLIM /;DC09 / R02 / Terrazza tecnica;GF LT 4 / COMPRESSORE 03 /;Compressore 4 modalita operativa /;0;Cambia a 0;Evento;GF LT;LT 4;Modalità operativa;0;19:09:41|LT 4
612;26/09/2026 19:09:41;;CLIM /;DC09 / R02 / Terrazza tecnica;GF LT 4 / COMPRESSORE 04 /;Compressore 4: Acceso step 1 /;0;Cambia a 0;Evento;GF LT;LT 4;Acceso step;0;19:09:41|LT 4
613;26/09/2026 19:09:41;;CLIM /;DC09 / R02 / Terrazza tecnica;GF LT 4 / COMPRESSORE 04 /;Compressore 1: Piena potenza /;0;Cambia a 0;Evento;GF LT;LT 4;Piena potenza;0;19:09:41|LT 4
614;26/09/2026 19:09:41;;CLIM /;DC09 / R02 / Terrazza tecnica;GF LT 4 / COMPRESSORE 04 /;Compressore 4: Richiesta /;0;Cambia a 0;Evento;GF LT;LT 4;Richiesta;0;19:09:41|LT 4
615;26/09/2026 19:11:20;;CLIM /;DC09 / R02 / Terrazza tecnica;GF LT 6 / COMPRESSORE 01 /;Compressore 1 modalita operativa /;0;Cambia a 1;Evento;GF LT;LT 6;Modalità operativa;1;19:11:20|LT 6
616;26/09/2026 19:11:20;;CLIM /;DC09 / R02 / Terrazza tecnica;GF LT 6 / COMPRESSORE 01 /;Compressore 1: Acceso step 1 /;0;Cambia a 1;Evento;GF LT;LT 6;Acceso step;1;19:11:20|LT 6
617;26/09/2026 19:11:20;;CLIM /;DC09 / R02 / Terrazza tecnica;GF LT 6 / COMPRESSORE 01 /;Compressore 1: Piena potenza /;0;Cambia a 1;Evento;GF LT;LT 6;Piena potenza;1;19:11:20|LT 6
618;26/09/2026 19:11:20;;CLIM /;DC09 / R02 / Terrazza tecnica;GF LT 6 / COMPRESSORE 01 /;Compressore 1: Richiesta /;0;Cambia a 1;Evento;GF LT;LT 6;Richiesta;1;19:11:20|LT 6
619;26/09/2026 19:11:27;;CLIM /;DC09 / R02 / Terrazza tecnica;GF LT 2 / COMPRESSORE 03 /;Compressore 4 modalita operativa /;0;Cambia a 0;Evento;GF LT;LT 2;Modalità operativa;0;19:11:27|LT 2
620;26/09/2026 19:11:27;;CLIM /;DC09 / R02 / Terrazza tecnica;GF LT 2 / COMPRESSORE 04 /;Compressore 4: Acceso step 1 /;0;Cambia a 0;Evento;GF LT;LT 2;Acceso step;0;19:11:27|LT 2
621;26/09/2026 19:11:27;;CLIM /;DC09 / R02 / Terrazza tecnica;GF LT 2 / COMPRESSORE 04 /;Compressore 1: Piena potenza /;0;Cambia a 0;Evento;GF LT;LT 2;Piena potenza;0;19:11:27|LT 2
622;26/09/2026 19:11:27;;CLIM /;DC09 / R02 / Terrazza tecnica;GF LT 2 / COMPRESSORE 04 /;Compressore 4: Richiesta /;0;Cambia a 0;Evento;GF LT;LT 2;Richiesta;0;19:11:27|LT 2
623;26/09/2026 19:11:40;;CLIM /;DC09 / R02 / Terrazza tecnica;GF CTA PRO B 3-4 / COMPRESSORE 01 /;Compressore 1: Stato operativo /;0;Cambia a 0;Evento;GF CTA PRO;CTA PRO B 3-4;Stato operativo;0;19:11:40|CTA PRO B 3-4
624;26/09/2026 19:11:40;;CLIM /;DC09 / R02 / Terrazza tecnica;GF CTA PRO B 3-4 / COMPRESSORE 01 /;Compressore 1: Acceso step 1 /;0;Cambia a 0;Evento;GF CTA PRO;CTA PRO B 3-4;Acceso step;0;19:11:40|CTA PRO B 3-4
625;26/09/2026 19:11:40;;CLIM /;DC09 / R02 / Terrazza tecnica;GF CTA PRO B 3-4 / COMPRESSORE 01 /;Compressore 1: Piena potenza /;0;Cambia a 0;Evento;GF CTA PRO;CTA PRO B 3-4;Piena potenza;0;19:11:40|CTA PRO B 3-4
626;26/09/2026 19:11:40;;CLIM /;DC09 / R02 / Terrazza tecnica;GF CTA PRO B 3-4 / COMPRESSORE 01 /;Compressore 1: Richiesta /;0;Cambia a 0;Evento;GF CTA PRO;CTA PRO B 3-4;Richiesta;0;19:11:40|CTA PRO B 3-4
627;26/09/2026 19:12:19;;CLIM /;DC09 / R02 / Terrazza tecnica;GF LT 6 / COMPRESSORE 02 /;Compressore 2 modalita operativa /;0;Cambia a 0;Evento;GF LT;LT 6;Modalità operativa;0;19:12:19|LT 6
628;26/09/2026 19:12:19;;CLIM /;DC09 / R02 / Terrazza tecnica;GF LT 6 / COMPRESSORE 02 /;Compressore 2: Acceso step 1 /;0;Cambia a 0;Evento;GF LT;LT 6;Acceso step;0;19:12:19|LT 6
629;26/09/2026 19:12:19;;CLIM /;DC09 / R02 / Terrazza tecnica;GF LT 6 / COMPRESSORE 02 /;Compressore 1: Piena potenza /;0;Cambia a 0;Evento;GF LT;LT 6;Piena potenza;0;19:12:19|LT 6
630;26/09/2026 19:12:19;;CLIM /;DC09 / R02 / Terrazza tecnica;GF LT 6 / COMPRESSORE 02 /;Compressore 1: Richiesta /;0;Cambia a 0;Evento;GF LT;LT 6;Richiesta;0;19:12:19|LT 6
631;26/09/2026 19:12:47;;CLIM /;DC09 / R02 / Terrazza tecnica;GF LT 5 / COMPRESSORE 01 /;Compressore 1 modalita operativa /;0;Cambia a 0;Evento;GF LT;LT 5;Modalità operativa;0;19:12:47|LT 5
632;26/09/2026 19:12:47;;CLIM /;DC09 / R02 / Terrazza tecnica;GF LT 5 / COMPRESSORE 01 /;Compressore 1: Acceso step 1 /;0;Cambia a 0;Evento;GF LT;LT 5;Acceso step;0;19:12:47|LT 5
633;26/09/2026 19:12:47;;CLIM /;DC09 / R02 / Terrazza tecnica;GF LT 5 / COMPRESSORE 01 /;Compressore 1: Piena potenza /;0;Cambia a 0;Evento;GF LT;LT 5;Piena potenza;0;19:12:47|LT 5
634;26/09/2026 19:12:47;;CLIM /;DC09 / R02 / Terrazza tecnica;GF LT 5 / COMPRESSORE 01 /;Compressore 1: Richiesta /;0;Cambia a 0;Evento;GF LT;LT 5;Richiesta;0;19:12:47|LT 5
635;26/09/2026 19:12:58;;CLIM /;DC09 / R02 / Terrazza tecnica;GF LT 4 / COMPRESSORE 01 /;Compressore 1 modalita operativa /;0;Cambia a 1;Evento;GF LT;LT 4;Modalità operativa;1;19:12:58|LT 4
636;26/09/2026 19:12:58;;CLIM /;DC09 / R02 / Terrazza tecnica;GF LT 4 / COMPRESSORE 01 /;Compressore 1: Acceso step 1 /;0;Cambia a 1;Evento;GF LT;LT 4;Acceso step;1;19:12:58|LT 4
637;26/09/2026 19:12:58;;CLIM /;DC09 / R02 / Terrazza tecnica;GF LT 4 / COMPRESSORE 01 /;Compressore 1: Piena potenza /;0;Cambia a 1;Evento;GF LT;LT 4;Piena potenza;1;19:12:58|LT 4
638;26/09/2026 19:12:58;;CLIM /;DC09 / R02 / Terrazza tecnica;GF LT 4 / COMPRESSORE 01 /;Compressore 1: Richiesta /;0;Cambia a 1;Evento;GF LT;LT 4;Richiesta;1;19:12:58|LT 4
639;26/09/2026 19:12:59;;CLIM /;DC09 / R02 / Terrazza tecnica;GF LT 6 / COMPRESSORE 01 /;Compressore 1 modalita operativa /;0;Cambia a 0;Evento;GF LT;LT 6;Modalità operativa;0;19:12:59|LT 6
640;26/09/2026 19:12:59;;CLIM /;DC09 / R02 / Terrazza tecnica;GF LT 6 / COMPRESSORE 01 /;Compressore 1: Acceso step 1 /;0;Cambia a 0;Evento;GF LT;LT 6;Acceso step;0;19:12:59|LT 6
641;26/09/2026 19:12:59;;CLIM /;DC09 / R02 / Terrazza tecnica;GF LT 6 / COMPRESSORE 01 /;Compressore 1: Piena potenza /;0;Cambia a 0;Evento;GF LT;LT 6;Piena potenza;0;19:12:59|LT 6
642;26/09/2026 19:12:59;;CLIM /;DC09 / R02 / Terrazza tecnica;GF LT 6 / COMPRESSORE 01 /;Compressore 1: Richiesta /;0;Cambia a 0;Evento;GF LT;LT 6;Richiesta;0;19:12:59|LT 6
643;26/09/2026 19:13:14;;CLIM /;DC09 / R02 / SALA DATI B2/B4;GF FW B2-B4.5 / COMPRESSORE 01 /;Compressore 1: Richiesta /;0;Cambia a 1;Evento;GF FW;FW B2-B4.5;Richiesta;1;19:13:14|FW B2-B4.5
644;26/09/2026 19:13:19;;CLIM /;DC09 / R02 / SALA DATI B2/B4;GF FW B2-B4.5 / COMPRESSORE 01 /;Stato di funzionamento compressore 1 /;0;Cambia a 1;Evento;GF FW;FW B2-B4.5;Stato funzionamento;1;19:13:19|FW B2-B4.5
645;26/09/2026 19:13:19;;CLIM /;DC09 / R02 / SALA DATI B2/B4;GF FW B2-B4.5 / COMPRESSORE 01 /;Compressore 1: Piena potenza /;0;Cambia a 1;Evento;GF FW;FW B2-B4.5;Piena potenza;1;19:13:19|FW B2-B4.5
646;26/09/2026 19:15:10;;CLIM /;DC09 / R02 / SALA DATI A2/A4;GF FW A2-A4.1 / COMPRESSORE 02 /;Compressore 2: Richiesta /;0;Cambia a 1;Evento;GF FW;FW A2-A4.1;Richiesta;1;19:15:10|FW A2-A4.1
647;26/09/2026 19:15:12;;CLIM /;DC09 / R02 / SALA DATI A2/A4;GF FW A2-A4.1 / COMPRESSORE 02 /;Stato di funzionamento compressore 2 /;0;Cambia a 1;Evento;GF FW;FW A2-A4.1;Stato funzionamento;1;19:15:12|FW A2-A4.1
648;26/09/2026 19:15:12;;CLIM /;DC09 / R02 / SALA DATI A2/A4;GF FW A2-A4.1 / COMPRESSORE 02 /;Compressore 2: Piena potenza /;0;Cambia a 1;Evento;GF FW;FW A2-A4.1;Piena potenza;1;19:15:12|FW A2-A4.1
649;26/09/2026 19:15:15;;CLIM /;DC09 / R02 / Terrazza tecnica;GF LT 4 / COMPRESSORE 01 /;Compressore 1 modalita operativa /;0;Cambia a 0;Evento;GF LT;LT 4;Modalità operativa;0;19:15:15|LT 4
650;26/09/2026 19:15:15;;CLIM /;DC09 / R02 / Terrazza tecnica;GF LT 4 / COMPRESSORE 01 /;Compressore 1: Acceso step 1 /;0;Cambia a 0;Evento;GF LT;LT 4;Acceso step;0;19:15:15|LT 4
651;26/09/2026 19:15:15;;CLIM /;DC09 / R02 / Terrazza tecnica;GF LT 4 / COMPRESSORE 01 /;Compressore 1: Piena potenza /;0;Cambia a 0;Evento;GF LT;LT 4;Piena potenza;0;19:15:15|LT 4
652;26/09/2026 19:15:15;;CLIM /;DC09 / R02 / Terrazza tecnica;GF LT 4 / COMPRESSORE 01 /;Compressore 1: Richiesta /;0;Cambia a 0;Evento;GF LT;LT 4;Richiesta;0;19:15:15|LT 4
653;26/09/2026 19:15:17;;CLIM /;DC09 / R02 / Terrazza tecnica;GF LT 6 / COMPRESSORE 03 /;Compressore 4 modalita operativa /;0;Cambia a 1;Evento;GF LT;LT 6;Modalità operativa;1;19:15:17|LT 6
654;26/09/2026 19:15:17;;CLIM /;DC09 / R02 / Terrazza tecnica;GF LT 6 / COMPRESSORE 04 /;Compressore 4: Acceso step 1 /;0;Cambia a 1;Evento;GF LT;LT 6;Acceso step;1;19:15:17|LT 6
655;26/09/2026 19:15:17;;CLIM /;DC09 / R02 / Terrazza tecnica;GF LT 6 / COMPRESSORE 04 /;Compressore 1: Piena potenza /;0;Cambia a 1;Evento;GF LT;LT 6;Piena potenza;1;19:15:17|LT 6
656;26/09/2026 19:15:17;;CLIM /;DC09 / R02 / Terrazza tecnica;GF LT 6 / COMPRESSORE 04 /;Compressore 4: Richiesta /;0;Cambia a 1;Evento;GF LT;LT 6;Richiesta;1;19:15:17|LT 6
657;26/09/2026 19:15:29;;CLIM /;DC09 / R02 / SALA DATI A2/A4;GF FW A2-A4.1 / COMPRESSORE 02 /;Compressore 2: Acceso step 2 /;0;Cambia a 0;Evento;GF FW;FW A2-A4.1;Acceso step;0;19:15:29|FW A2-A4.1
658;26/09/2026 19:15:29;;CLIM /;DC09 / R02 / SALA DATI A2/A4;GF FW A2-A4.1 / COMPRESSORE 02 /;Compressore 2: Acceso step 1 /;0;Cambia a 1;Evento;GF FW;FW A2-A4.1;Acceso step;1;19:15:29|FW A2-A4.1
659;26/09/2026 19:15:42;;CLIM /;DC09 / R02 / Terrazza tecnica;GF LT 2 / COMPRESSORE 02 /;Compressore 3 modalita operativa /;0;Cambia a 1;Evento;GF LT;LT 2;Modalità operativa;1;19:15:42|LT 2
660;26/09/2026 19:15:42;;CLIM /;DC09 / R02 / Terrazza tecnica;GF LT 2 / COMPRESSORE 03 /;Compressore 3: Acceso step 1 /;0;Cambia a 1;Evento;GF LT;LT 2;Acceso step;1;19:15:42|LT 2
661;26/09/2026 19:15:42;;CLIM /;DC09 / R02 / Terrazza tecnica;GF LT 2 / COMPRESSORE 03 /;Compressore 1: Piena potenza /;0;Cambia a 1;Evento;GF LT;LT 2;Piena potenza;1;19:15:42|LT 2
662;26/09/2026 19:15:42;;CLIM /;DC09 / R02 / Terrazza tecnica;GF LT 2 / COMPRESSORE 03 /;Compressore 1: Richiesta /;0;Cambia a 1;Evento;GF LT;LT 2;Richiesta;1;19:15:42|LT 2
663;26/09/2026 19:16:02;;CLIM /;DC09 / R02 / Terrazza tecnica;GF CTA PRO B 1-2 / COMPRESSORE 02 /;Compressore 2: Stato operativo /;0;Cambia a 0;Evento;GF CTA PRO;CTA PRO B 1-2;Stato operativo;0;19:16:02|CTA PRO B 1-2
664;26/09/2026 19:16:02;;CLIM /;DC09 / R02 / Terrazza tecnica;GF CTA PRO B 1-2 / COMPRESSORE 02 /;Compressore 2: Acceso step 1 /;0;Cambia a 0;Evento;GF CTA PRO;CTA PRO B 1-2;Acceso step;0;19:16:02|CTA PRO B 1-2
665;26/09/2026 19:16:02;;CLIM /;DC09 / R02 / Terrazza tecnica;GF CTA PRO B 1-2 / COMPRESSORE 02 /;Compressore 2: Piena potenza /;0;Cambia a 0;Evento;GF CTA PRO;CTA PRO B 1-2;Piena potenza;0;19:16:02|CTA PRO B 1-2
666;26/09/2026 19:16:02;;CLIM /;DC09 / R02 / Terrazza tecnica;GF CTA PRO B 1-2 / COMPRESSORE 02 /;Compressore 2: Richiesta /;0;Cambia a 0;Evento;GF CTA PRO;CTA PRO B 1-2;Richiesta;0;19:16:02|CTA PRO B 1-2
667;26/09/2026 19:16:04;;CLIM /;DC09 / R02 / Terrazza tecnica;GF CTA PRO A 1-2 / COMPRESSORE 02 /;Compressore 2: Stato operativo /;0;Cambia a 1;Evento;GF CTA PRO;CTA PRO A 1-2;Stato operativo;1;19:16:04|CTA PRO A 1-2
668;26/09/2026 19:16:04;;CLIM /;DC09 / R02 / Terrazza tecnica;GF CTA PRO A 1-2 / COMPRESSORE 02 /;Compressore 2: Acceso step 1 /;0;Cambia a 1;Evento;GF CTA PRO;CTA PRO A 1-2;Acceso step;1;19:16:04|CTA PRO A 1-2
669;26/09/2026 19:16:04;;CLIM /;DC09 / R02 / Terrazza tecnica;GF CTA PRO A 1-2 / COMPRESSORE 02 /;Compressore 2: Piena potenza /;0;Cambia a 1;Evento;GF CTA PRO;CTA PRO A 1-2;Piena potenza;1;19:16:04|CTA PRO A 1-2
670;26/09/2026 19:16:04;;CLIM /;DC09 / R02 / Terrazza tecnica;GF CTA PRO A 1-2 / COMPRESSORE 02 /;Compressore 2: Richiesta /;0;Cambia a 1;Evento;GF CTA PRO;CTA PRO A 1-2;Richiesta;1;19:16:04|CTA PRO A 1-2
671;26/09/2026 19:17:01;;CLIM /;DC09 / R02 / Terrazza tecnica;GF LT 2 / COMPRESSORE 01 /;Compressore 1 modalita operativa /;0;Cambia a 1;Evento;GF LT;LT 2;Modalità operativa;1;19:17:01|LT 2
672;26/09/2026 19:17:01;;CLIM /;DC09 / R02 / Terrazza tecnica;GF LT 2 / COMPRESSORE 01 /;Compressore 1: Acceso step 1 /;0;Cambia a 1;Evento;GF LT;LT 2;Acceso step;1;19:17:01|LT 2
673;26/09/2026 19:17:01;;CLIM /;DC09 / R02 / Terrazza tecnica;GF LT 2 / COMPRESSORE 01 /;Compressore 1: Piena potenza /;0;Cambia a 1;Evento;GF LT;LT 2;Piena potenza;1;19:17:01|LT 2
674;26/09/2026 19:17:01;;CLIM /;DC09 / R02 / Terrazza tecnica;GF LT 2 / COMPRESSORE 01 /;Compressore 1: Richiesta /;0;Cambia a 1;Evento;GF LT;LT 2;Richiesta;1;19:17:01|LT 2
675;26/09/2026 19:17:14;;CLIM /;DC09 / R02 / Terrazza tecnica;GF CTA PRO B 3-4 / COMPRESSORE 02 /;Compressore 2: Stato operativo /;0;Cambia a 1;Evento;GF CTA PRO;CTA PRO B 3-4;Stato operativo;1;19:17:14|CTA PRO B 3-4
676;26/09/2026 19:17:14;;CLIM /;DC09 / R02 / Terrazza tecnica;GF CTA PRO B 3-4 / COMPRESSORE 02 /;Compressore 2: Acceso step 1 /;0;Cambia a 1;Evento;GF CTA PRO;CTA PRO B 3-4;Acceso step;1;19:17:14|CTA PRO B 3-4
677;26/09/2026 19:17:14;;CLIM /;DC09 / R02 / Terrazza tecnica;GF CTA PRO B 3-4 / COMPRESSORE 02 /;Compressore 2: Piena potenza /;0;Cambia a 1;Evento;GF CTA PRO;CTA PRO B 3-4;Piena potenza;1;19:17:14|CTA PRO B 3-4
678;26/09/2026 19:17:14;;CLIM /;DC09 / R02 / Terrazza tecnica;GF CTA PRO B 3-4 / COMPRESSORE 02 /;Compressore 2: Richiesta /;0;Cambia a 1;Evento;GF CTA PRO;CTA PRO B 3-4;Richiesta;1;19:17:14|CTA PRO B 3-4
679;26/09/2026 19:17:38;;CMF /;DC09 / R01 / Break Area;/ FC-101 /;Velocita ventola 1 /;0;Cambia a 1;Evento;FC (Break Area);FC-101;Velocità ventola;1;19:17:38|FC-101
680;26/09/2026 19:17:42;;CMF /;DC09 / R01 / Break Area;/ FC-103 /;Velocita ventola 1 /;0;Cambia a 1;Evento;FC (Break Area);FC-103;Velocità ventola;1;19:17:42|FC-103
681;26/09/2026 19:17:49;;CLIM /;DC09 / R02 / Terrazza tecnica;GF CTA PRO A 3-4 / COMPRESSORE 01 /;Compressore 1: Acceso step 1 /;0;Cambia a 1;Evento;GF CTA PRO;CTA PRO A 3-4;Acceso step;1;19:17:49|CTA PRO A 3-4
682;26/09/2026 19:17:49;;CLIM /;DC09 / R02 / Terrazza tecnica;GF CTA PRO A 3-4 / COMPRESSORE 01 /;Compressore 1: Richiesta /;0;Cambia a 1;Evento;GF CTA PRO;CTA PRO A 3-4;Richiesta;1;19:17:49|CTA PRO A 3-4
683;26/09/2026 19:18:00;;CLIM /;DC09 / R02 / Terrazza tecnica;GF LT 2 / COMPRESSORE 02 /;Compressore 2 modalita operativa /;0;Cambia a 0;Evento;GF LT;LT 2;Modalità operativa;0;19:18:00|LT 2
684;26/09/2026 19:18:00;;CLIM /;DC09 / R02 / Terrazza tecnica;GF LT 2 / COMPRESSORE 02 /;Compressore 2: Acceso step 1 /;0;Cambia a 0;Evento;GF LT;LT 2;Acceso step;0;19:18:00|LT 2
685;26/09/2026 19:18:00;;CLIM /;DC09 / R02 / Terrazza tecnica;GF LT 2 / COMPRESSORE 02 /;Compressore 1: Piena potenza /;0;Cambia a 0;Evento;GF LT;LT 2;Piena potenza;0;19:18:00|LT 2
686;26/09/2026 19:18:00;;CLIM /;DC09 / R02 / Terrazza tecnica;GF LT 2 / COMPRESSORE 02 /;Compressore 1: Richiesta /;0;Cambia a 0;Evento;GF LT;LT 2;Richiesta;0;19:18:00|LT 2
687;26/09/2026 19:18:09;;CLIM /;DC09 / R02 / Terrazza tecnica;GF CTA PRO A 3-4 / COMPRESSORE 01 /;Compressore 1: Stato operativo /;0;Cambia a 1;Evento;GF CTA PRO;CTA PRO A 3-4;Stato operativo;1;19:18:09|CTA PRO A 3-4
688;26/09/2026 19:18:09;;CLIM /;DC09 / R02 / Terrazza tecnica;GF CTA PRO A 3-4 / COMPRESSORE 01 /;Compressore 1: Piena potenza /;0;Cambia a 1;Evento;GF CTA PRO;CTA PRO A 3-4;Piena potenza;1;19:18:09|CTA PRO A 3-4
689;26/09/2026 19:18:13;;CLIM /;DC09 / R02 / Terrazza tecnica;GF LT 4 / COMPRESSORE 02 /;Compressore 3 modalita operativa /;0;Cambia a 1;Evento;GF LT;LT 4;Modalità operativa;1;19:18:13|LT 4
690;26/09/2026 19:18:13;;CLIM /;DC09 / R02 / Terrazza tecnica;GF LT 4 / COMPRESSORE 03 /;Compressore 3: Acceso step 1 /;0;Cambia a 1;Evento;GF LT;LT 4;Acceso step;1;19:18:13|LT 4
691;26/09/2026 19:18:13;;CLIM /;DC09 / R02 / Terrazza tecnica;GF LT 4 / COMPRESSORE 03 /;Compressore 1: Piena potenza /;0;Cambia a 1;Evento;GF LT;LT 4;Piena potenza;1;19:18:13|LT 4
692;26/09/2026 19:18:13;;CLIM /;DC09 / R02 / Terrazza tecnica;GF LT 4 / COMPRESSORE 03 /;Compressore 1: Richiesta /;0;Cambia a 1;Evento;GF LT;LT 4;Richiesta;1;19:18:13|LT 4
693;26/09/2026 19:18:49;;CLIM /;DC09 / R02 / SALA DATI B2/B4;GF FW B2-B4.3 / COMPRESSORE 02 /;Compressore 2: Acceso step 2 /;0;Cambia a 1;Evento;GF FW;FW B2-B4.3;Acceso step;1;19:18:49|FW B2-B4.3
694;26/09/2026 19:18:49;;CLIM /;DC09 / R02 / SALA DATI B2/B4;GF FW B2-B4.3 / COMPRESSORE 02 /;Compressore 2: Acceso step 1 /;0;Cambia a 0;Evento;GF FW;FW B2-B4.3;Acceso step;0;19:18:49|FW B2-B4.3
695;26/09/2026 19:19:01;;CLIM /;DC09 / R02 / Terrazza tecnica;GF CTA PRO A 1-2 / COMPRESSORE 02 /;Compressore 2: Stato operativo /;0;Cambia a 0;Evento;GF CTA PRO;CTA PRO A 1-2;Stato operativo;0;19:19:01|CTA PRO A 1-2
696;26/09/2026 19:19:01;;CLIM /;DC09 / R02 / Terrazza tecnica;GF CTA PRO A 1-2 / COMPRESSORE 02 /;Compressore 2: Acceso step 1 /;0;Cambia a 0;Evento;GF CTA PRO;CTA PRO A 1-2;Acceso step;0;19:19:01|CTA PRO A 1-2
697;26/09/2026 19:19:01;;CLIM /;DC09 / R02 / Terrazza tecnica;GF CTA PRO A 1-2 / COMPRESSORE 02 /;Compressore 2: Piena potenza /;0;Cambia a 0;Evento;GF CTA PRO;CTA PRO A 1-2;Piena potenza;0;19:19:01|CTA PRO A 1-2
698;26/09/2026 19:19:01;;CLIM /;DC09 / R02 / Terrazza tecnica;GF CTA PRO A 1-2 / COMPRESSORE 02 /;Compressore 2: Richiesta /;0;Cambia a 0;Evento;GF CTA PRO;CTA PRO A 1-2;Richiesta;0;19:19:01|CTA PRO A 1-2
699;26/09/2026 19:19:18;;CLIM /;DC09 / R02 / Terrazza tecnica;GF LT 2 / COMPRESSORE 02 /;Compressore 3 modalita operativa /;0;Cambia a 0;Evento;GF LT;LT 2;Modalità operativa;0;19:19:18|LT 2
700;26/09/2026 19:19:18;;CLIM /;DC09 / R02 / Terrazza tecnica;GF LT 2 / COMPRESSORE 03 /;Compressore 3: Acceso step 1 /;0;Cambia a 0;Evento;GF LT;LT 2;Acceso step;0;19:19:18|LT 2
701;26/09/2026 19:19:18;;CLIM /;DC09 / R02 / Terrazza tecnica;GF LT 2 / COMPRESSORE 03 /;Compressore 1: Piena potenza /;0;Cambia a 0;Evento;GF LT;LT 2;Piena potenza;0;19:19:18|LT 2
702;26/09/2026 19:19:18;;CLIM /;DC09 / R02 / Terrazza tecnica;GF LT 2 / COMPRESSORE 03 /;Compressore 1: Richiesta /;0;Cambia a 0;Evento;GF LT;LT 2;Richiesta;0;19:19:18|LT 2
703;26/09/2026 19:20:55;;CLIM /;DC09 / R02 / SALA DATI B2/B4;GF FW B2-B4.3 / COMPRESSORE 01 /;Compressore 1: Freecooling /;0;Cambia a 1;Evento;GF FW;FW B2-B4.3;Freecooling;1;19:20:55|FW B2-B4.3
704;26/09/2026 19:20:55;;CLIM /;DC09 / R02 / SALA DATI B2/B4;GF FW B2-B4.3 / COMPRESSORE 02 /;Compressore 2: Freecooling /;0;Cambia a 1;Evento;GF FW;FW B2-B4.3;Freecooling;1;19:20:55|FW B2-B4.3
705;26/09/2026 19:21:09;;CLIM /;DC09 / R02 / Terrazza tecnica;GF LT 4 / COMPRESSORE 02 /;Compressore 3 modalita operativa /;0;Cambia a 0;Evento;GF LT;LT 4;Modalità operativa;0;19:21:09|LT 4
706;26/09/2026 19:21:09;;CLIM /;DC09 / R02 / Terrazza tecnica;GF LT 4 / COMPRESSORE 03 /;Compressore 3: Acceso step 1 /;0;Cambia a 0;Evento;GF LT;LT 4;Acceso step;0;19:21:09|LT 4
707;26/09/2026 19:21:09;;CLIM /;DC09 / R02 / Terrazza tecnica;GF LT 4 / COMPRESSORE 03 /;Compressore 1: Piena potenza /;0;Cambia a 0;Evento;GF LT;LT 4;Piena potenza;0;19:21:09|LT 4
708;26/09/2026 19:21:09;;CLIM /;DC09 / R02 / Terrazza tecnica;GF LT 4 / COMPRESSORE 03 /;Compressore 1: Richiesta /;0;Cambia a 0;Evento;GF LT;LT 4;Richiesta;0;19:21:09|LT 4
709;26/09/2026 19:21:34;;CLIM /;DC09 / R02 / SALA DATI A2/A4;GF FW A2-A4.6 / COMPRESSORE 01 /;Compressore 1: Freecooling /;0;Cambia a 1;Evento;GF FW;FW A2-A4.6;Freecooling;1;19:21:34|FW A2-A4.6
710;26/09/2026 19:21:34;;CLIM /;DC09 / R02 / SALA DATI A2/A4;GF FW A2-A4.6 / COMPRESSORE 02 /;Compressore 2: Freecooling /;0;Cambia a 1;Evento;GF FW;FW A2-A4.6;Freecooling;1;19:21:34|FW A2-A4.6
711;26/09/2026 19:22:04;;CLIM /;DC09 / R02 / Terrazza tecnica;GF CTA PRO A 3-4 / COMPRESSORE 01 /;Compressore 1: Stato operativo /;0;Cambia a 0;Evento;GF CTA PRO;CTA PRO A 3-4;Stato operativo;0;19:22:04|CTA PRO A 3-4
712;26/09/2026 19:22:04;;CLIM /;DC09 / R02 / Terrazza tecnica;GF CTA PRO A 3-4 / COMPRESSORE 01 /;Compressore 1: Acceso step 1 /;0;Cambia a 0;Evento;GF CTA PRO;CTA PRO A 3-4;Acceso step;0;19:22:04|CTA PRO A 3-4
713;26/09/2026 19:22:04;;CLIM /;DC09 / R02 / Terrazza tecnica;GF CTA PRO A 3-4 / COMPRESSORE 01 /;Compressore 1: Piena potenza /;0;Cambia a 0;Evento;GF CTA PRO;CTA PRO A 3-4;Piena potenza;0;19:22:04|CTA PRO A 3-4
714;26/09/2026 19:22:04;;CLIM /;DC09 / R02 / Terrazza tecnica;GF CTA PRO A 3-4 / COMPRESSORE 01 /;Compressore 1: Richiesta /;0;Cambia a 0;Evento;GF CTA PRO;CTA PRO A 3-4;Richiesta;0;19:22:04|CTA PRO A 3-4
715;26/09/2026 19:22:22;;CLIM /;DC09 / R02 / SALA DATI B1/B3;GF FW B1-B3.2 / COMPRESSORE 01 /;Compressore 1: Pompa spenta /;0;Cambia a 1;Evento;GF FW;FW B1-B3.2;Pompa spenta;1;19:22:22|FW B1-B3.2
716;26/09/2026 19:22:26;;CLIM /;DC09 / R02 / SALA DATI B1/B3;GF FW B1-B3.2 / COMPRESSORE 01 /;Stato di funzionamento compressore 1 /;0;Cambia a 0;Evento;GF FW;FW B1-B3.2;Stato funzionamento;0;19:22:26|FW B1-B3.2
717;26/09/2026 19:22:26;;CLIM /;DC09 / R02 / SALA DATI B1/B3;GF FW B1-B3.2 / COMPRESSORE 01 /;Compressore 1: Pompa spenta /;0;Cambia a 0;Evento;GF FW;FW B1-B3.2;Pompa spenta;0;19:22:26|FW B1-B3.2
718;26/09/2026 19:22:26;;CLIM /;DC09 / R02 / SALA DATI B1/B3;GF FW B1-B3.2 / COMPRESSORE 01 /;Compressore 1: Piena potenza /;0;Cambia a 0;Evento;GF FW;FW B1-B3.2;Piena potenza;0;19:22:26|FW B1-B3.2
719;26/09/2026 19:22:26;;CLIM /;DC09 / R02 / SALA DATI B1/B3;GF FW B1-B3.2 / COMPRESSORE 01 /;Compressore 1: Richiesta /;0;Cambia a 0;Evento;GF FW;FW B1-B3.2;Richiesta;0;19:22:26|FW B1-B3.2
720;26/09/2026 19:22:35;;CMF /;DC09 / R01 / Break Area;/ FC-103 /;Velocita ventola 1 /;0;Cambia a 0;Evento;FC (Break Area);FC-103;Velocità ventola;0;19:22:35|FC-103
721;26/09/2026 19:22:41;;CMF /;DC09 / R01 / Break Area;/ FC-101 /;Velocita ventola 1 /;0;Cambia a 0;Evento;FC (Break Area);FC-101;Velocità ventola;0;19:22:41|FC-101
722;26/09/2026 19:22:48;;CLIM /;DC09 / R02 / Terrazza tecnica;GF CTA PRO B 3-4 / COMPRESSORE 02 /;Compressore 2: Stato operativo /;0;Cambia a 0;Evento;GF CTA PRO;CTA PRO B 3-4;Stato operativo;0;19:22:48|CTA PRO B 3-4
723;26/09/2026 19:22:48;;CLIM /;DC09 / R02 / Terrazza tecnica;GF CTA PRO B 3-4 / COMPRESSORE 02 /;Compressore 2: Acceso step 1 /;0;Cambia a 0;Evento;GF CTA PRO;CTA PRO B 3-4;Acceso step;0;19:22:48|CTA PRO B 3-4
724;26/09/2026 19:22:48;;CLIM /;DC09 / R02 / Terrazza tecnica;GF CTA PRO B 3-4 / COMPRESSORE 02 /;Compressore 2: Piena potenza /;0;Cambia a 0;Evento;GF CTA PRO;CTA PRO B 3-4;Piena potenza;0;19:22:48|CTA PRO B 3-4
725;26/09/2026 19:22:48;;CLIM /;DC09 / R02 / Terrazza tecnica;GF CTA PRO B 3-4 / COMPRESSORE 02 /;Compressore 2: Richiesta /;0;Cambia a 0;Evento;GF CTA PRO;CTA PRO B 3-4;Richiesta;0;19:22:48|CTA PRO B 3-4
726;26/09/2026 19:23:11;;CMF /;DC09 / R01 / Break Area;/ FC-101 /;Velocita ventola 1 /;0;Cambia a 1;Evento;FC (Break Area);FC-101;Velocità ventola;1;19:23:11|FC-101
727;26/09/2026 19:23:15;;CMF /;DC09 / R01 / Break Area;/ FC-103 /;Velocita ventola 1 /;0;Cambia a 1;Evento;FC (Break Area);FC-103;Velocità ventola;1;19:23:15|FC-103
728;26/09/2026 19:23:33;;CLIM /;DC09 / R02 / Terrazza tecnica;GF LT 2 / COMPRESSORE 03 /;Compressore 4 modalita operativa /;0;Cambia a 1;Evento;GF LT;LT 2;Modalità operativa;1;19:23:33|LT 2
729;26/09/2026 19:23:33;;CLIM /;DC09 / R02 / Terrazza tecnica;GF LT 2 / COMPRESSORE 04 /;Compressore 4: Acceso step 1 /;0;Cambia a 1;Evento;GF LT;LT 2;Acceso step;1;19:23:33|LT 2
730;26/09/2026 19:23:33;;CLIM /;DC09 / R02 / Terrazza tecnica;GF LT 2 / COMPRESSORE 04 /;Compressore 1: Piena potenza /;0;Cambia a 1;Evento;GF LT;LT 2;Piena potenza;1;19:23:33|LT 2
731;26/09/2026 19:23:33;;CLIM /;DC09 / R02 / Terrazza tecnica;GF LT 2 / COMPRESSORE 04 /;Compressore 4: Richiesta /;0;Cambia a 1;Evento;GF LT;LT 2;Richiesta;1;19:23:33|LT 2
732;26/09/2026 19:24:07;;CLIM /;DC09 / R02 / Terrazza tecnica;GF LT 4 / COMPRESSORE 02 /;Compressore 2 modalita operativa /;0;Cambia a 1;Evento;GF LT;LT 4;Modalità operativa;1;19:24:07|LT 4
733;26/09/2026 19:24:07;;CLIM /;DC09 / R02 / Terrazza tecnica;GF LT 4 / COMPRESSORE 02 /;Compressore 2: Acceso step 1 /;0;Cambia a 1;Evento;GF LT;LT 4;Acceso step;1;19:24:07|LT 4
734;26/09/2026 19:24:07;;CLIM /;DC09 / R02 / Terrazza tecnica;GF LT 4 / COMPRESSORE 02 /;Compressore 1: Piena potenza /;0;Cambia a 1;Evento;GF LT;LT 4;Piena potenza;1;19:24:07|LT 4
735;26/09/2026 19:24:07;;CLIM /;DC09 / R02 / Terrazza tecnica;GF LT 4 / COMPRESSORE 02 /;Compressore 1: Richiesta /;0;Cambia a 1;Evento;GF LT;LT 4;Richiesta;1;19:24:07|LT 4
736;26/09/2026 19:24:51;;CLIM /;DC09 / R02 / Terrazza tecnica;GF LT 2 / COMPRESSORE 02 /;Compressore 3 modalita operativa /;0;Cambia a 1;Evento;GF LT;LT 2;Modalità operativa;1;19:24:51|LT 2
737;26/09/2026 19:24:51;;CLIM /;DC09 / R02 / Terrazza tecnica;GF LT 2 / COMPRESSORE 03 /;Compressore 3: Acceso step 1 /;0;Cambia a 1;Evento;GF LT;LT 2;Acceso step;1;19:24:51|LT 2
738;26/09/2026 19:24:51;;CLIM /;DC09 / R02 / Terrazza tecnica;GF LT 2 / COMPRESSORE 03 /;Compressore 1: Piena potenza /;0;Cambia a 1;Evento;GF LT;LT 2;Piena potenza;1;19:24:51|LT 2
739;26/09/2026 19:24:51;;CLIM /;DC09 / R02 / Terrazza tecnica;GF LT 2 / COMPRESSORE 03 /;Compressore 1: Richiesta /;0;Cambia a 1;Evento;GF LT;LT 2;Richiesta;1;19:24:51|LT 2
740;26/09/2026 19:25:11;;CLIM /;DC09 / R02 / Terrazza tecnica;GF CTA PRO B 1-2 / COMPRESSORE 01 /;Compressore 1: Stato operativo /;0;Cambia a 1;Evento;GF CTA PRO;CTA PRO B 1-2;Stato operativo;1;19:25:11|CTA PRO B 1-2
741;26/09/2026 19:25:11;;CLIM /;DC09 / R02 / Terrazza tecnica;GF CTA PRO B 1-2 / COMPRESSORE 01 /;Compressore 1: Acceso step 1 /;0;Cambia a 1;Evento;GF CTA PRO;CTA PRO B 1-2;Acceso step;1;19:25:11|CTA PRO B 1-2
742;26/09/2026 19:25:11;;CLIM /;DC09 / R02 / Terrazza tecnica;GF CTA PRO B 1-2 / COMPRESSORE 01 /;Compressore 1: Piena potenza /;0;Cambia a 1;Evento;GF CTA PRO;CTA PRO B 1-2;Piena potenza;1;19:25:11|CTA PRO B 1-2
743;26/09/2026 19:25:11;;CLIM /;DC09 / R02 / Terrazza tecnica;GF CTA PRO B 1-2 / COMPRESSORE 01 /;Compressore 1: Richiesta /;0;Cambia a 1;Evento;GF CTA PRO;CTA PRO B 1-2;Richiesta;1;19:25:11|CTA PRO B 1-2
744;26/09/2026 19:26:10;;CLIM /;DC09 / R02 / Terrazza tecnica;GF LT 2 / COMPRESSORE 03 /;Compressore 4 modalita operativa /;0;Cambia a 0;Evento;GF LT;LT 2;Modalità operativa;0;19:26:10|LT 2
745;26/09/2026 19:26:10;;CLIM /;DC09 / R02 / Terrazza tecnica;GF LT 2 / COMPRESSORE 04 /;Compressore 4: Acceso step 1 /;0;Cambia a 0;Evento;GF LT;LT 2;Acceso step;0;19:26:10|LT 2
746;26/09/2026 19:26:10;;CLIM /;DC09 / R02 / Terrazza tecnica;GF LT 2 / COMPRESSORE 04 /;Compressore 1: Piena potenza /;0;Cambia a 0;Evento;GF LT;LT 2;Piena potenza;0;19:26:10|LT 2
747;26/09/2026 19:26:10;;CLIM /;DC09 / R02 / Terrazza tecnica;GF LT 2 / COMPRESSORE 04 /;Compressore 4: Richiesta /;0;Cambia a 0;Evento;GF LT;LT 2;Richiesta;0;19:26:10|LT 2
748;26/09/2026 19:26:24;;CLIM /;DC09 / R02 / Terrazza tecnica;GF LT 6 / COMPRESSORE 03 /;Compressore 4 modalita operativa /;0;Cambia a 0;Evento;GF LT;LT 6;Modalità operativa;0;19:26:24|LT 6
749;26/09/2026 19:26:24;;CLIM /;DC09 / R02 / Terrazza tecnica;GF LT 6 / COMPRESSORE 04 /;Compressore 4: Acceso step 1 /;0;Cambia a 0;Evento;GF LT;LT 6;Acceso step;0;19:26:24|LT 6
750;26/09/2026 19:26:24;;CLIM /;DC09 / R02 / Terrazza tecnica;GF LT 6 / COMPRESSORE 04 /;Compressore 1: Piena potenza /;0;Cambia a 0;Evento;GF LT;LT 6;Piena potenza;0;19:26:24|LT 6
751;26/09/2026 19:26:24;;CLIM /;DC09 / R02 / Terrazza tecnica;GF LT 6 / COMPRESSORE 04 /;Compressore 4: Richiesta /;0;Cambia a 0;Evento;GF LT;LT 6;Richiesta;0;19:26:24|LT 6
752;26/09/2026 19:26:28;;CLIM /;DC09 / R02 / SALA DATI B1/B3;GF FW B1-B3.2 / COMPRESSORE 01 /;Compressore 1: Richiesta /;0;Cambia a 1;Evento;GF FW;FW B1-B3.2;Richiesta;1;19:26:28|FW B1-B3.2
753;26/09/2026 19:26:30;;CLIM /;DC09 / R02 / SALA DATI B1/B3;GF FW B1-B3.2 / COMPRESSORE 01 /;Stato di funzionamento compressore 1 /;0;Cambia a 1;Evento;GF FW;FW B1-B3.2;Stato funzionamento;1;19:26:30|FW B1-B3.2
754;26/09/2026 19:26:30;;CLIM /;DC09 / R02 / SALA DATI B1/B3;GF FW B1-B3.2 / COMPRESSORE 01 /;Compressore 1: Piena potenza /;0;Cambia a 1;Evento;GF FW;FW B1-B3.2;Piena potenza;1;19:26:30|FW B1-B3.2
755;26/09/2026 19:26:51;;CLIM /;DC09 / R02 / Terrazza tecnica;GF LT 5 / COMPRESSORE 02 /;Compressore 3 modalita operativa /;0;Cambia a 1;Evento;GF LT;LT 5;Modalità operativa;1;19:26:51|LT 5
756;26/09/2026 19:26:51;;CLIM /;DC09 / R02 / Terrazza tecnica;GF LT 5 / COMPRESSORE 03 /;Compressore 3: Acceso step 1 /;0;Cambia a 1;Evento;GF LT;LT 5;Acceso step;1;19:26:51|LT 5
757;26/09/2026 19:26:51;;CLIM /;DC09 / R02 / Terrazza tecnica;GF LT 5 / COMPRESSORE 03 /;Compressore 1: Piena potenza /;0;Cambia a 1;Evento;GF LT;LT 5;Piena potenza;1;19:26:51|LT 5
758;26/09/2026 19:26:51;;CLIM /;DC09 / R02 / Terrazza tecnica;GF LT 5 / COMPRESSORE 03 /;Compressore 1: Richiesta /;0;Cambia a 1;Evento;GF LT;LT 5;Richiesta;1;19:26:51|LT 5
759;26/09/2026 19:26:53;;CLIM /;DC09 / R02 / Terrazza tecnica;GF CTA PRO A 1-2 / COMPRESSORE 01 /;Compressore 1: Stato operativo /;0;Cambia a 1;Evento;GF CTA PRO;CTA PRO A 1-2;Stato operativo;1;19:26:53|CTA PRO A 1-2
760;26/09/2026 19:26:53;;CLIM /;DC09 / R02 / Terrazza tecnica;GF CTA PRO A 1-2 / COMPRESSORE 01 /;Compressore 1: Acceso step 1 /;0;Cambia a 1;Evento;GF CTA PRO;CTA PRO A 1-2;Acceso step;1;19:26:53|CTA PRO A 1-2
761;26/09/2026 19:26:53;;CLIM /;DC09 / R02 / Terrazza tecnica;GF CTA PRO A 1-2 / COMPRESSORE 01 /;Compressore 1: Piena potenza /;0;Cambia a 1;Evento;GF CTA PRO;CTA PRO A 1-2;Piena potenza;1;19:26:53|CTA PRO A 1-2
762;26/09/2026 19:26:53;;CLIM /;DC09 / R02 / Terrazza tecnica;GF CTA PRO A 1-2 / COMPRESSORE 01 /;Compressore 1: Richiesta /;0;Cambia a 1;Evento;GF CTA PRO;CTA PRO A 1-2;Richiesta;1;19:26:53|CTA PRO A 1-2
763;26/09/2026 19:27:08;;CLIM /;DC09 / R02 / SALA DATI B1/B3;GF FW B1-B3.4 / COMPRESSORE 02 /;Compressore 2: Acceso step 2 /;0;Cambia a 1;Evento;GF FW;FW B1-B3.4;Acceso step;1;19:27:08|FW B1-B3.4
764;26/09/2026 19:27:08;;CLIM /;DC09 / R02 / SALA DATI B1/B3;GF FW B1-B3.4 / COMPRESSORE 02 /;Compressore 2: Acceso step 1 /;0;Cambia a 0;Evento;GF FW;FW B1-B3.4;Acceso step;0;19:27:08|FW B1-B3.4
765;26/09/2026 19:27:09;;CLIM /;DC09 / R02 / Terrazza tecnica;GF LT 2 / COMPRESSORE 02 /;Compressore 3 modalita operativa /;0;Cambia a 0;Evento;GF LT;LT 2;Modalità operativa;0;19:27:09|LT 2
766;26/09/2026 19:27:09;;CLIM /;DC09 / R02 / Terrazza tecnica;GF LT 2 / COMPRESSORE 03 /;Compressore 3: Acceso step 1 /;0;Cambia a 0;Evento;GF LT;LT 2;Acceso step;0;19:27:09|LT 2
767;26/09/2026 19:27:09;;CLIM /;DC09 / R02 / Terrazza tecnica;GF LT 2 / COMPRESSORE 03 /;Compressore 1: Piena potenza /;0;Cambia a 0;Evento;GF LT;LT 2;Piena potenza;0;19:27:09|LT 2
768;26/09/2026 19:27:09;;CLIM /;DC09 / R02 / Terrazza tecnica;GF LT 2 / COMPRESSORE 03 /;Compressore 1: Richiesta /;0;Cambia a 0;Evento;GF LT;LT 2;Richiesta;0;19:27:09|LT 2
769;26/09/2026 19:27:22;;CLIM /;DC09 / R02 / Terrazza tecnica;GF LT 4 / COMPRESSORE 02 /;Compressore 2 modalita operativa /;0;Cambia a 0;Evento;GF LT;LT 4;Modalità operativa;0;19:27:22|LT 4
770;26/09/2026 19:27:22;;CLIM /;DC09 / R02 / Terrazza tecnica;GF LT 4 / COMPRESSORE 02 /;Compressore 2: Acceso step 1 /;0;Cambia a 0;Evento;GF LT;LT 4;Acceso step;0;19:27:22|LT 4
771;26/09/2026 19:27:22;;CLIM /;DC09 / R02 / Terrazza tecnica;GF LT 4 / COMPRESSORE 02 /;Compressore 1: Piena potenza /;0;Cambia a 0;Evento;GF LT;LT 4;Piena potenza;0;19:27:22|LT 4
772;26/09/2026 19:27:22;;CLIM /;DC09 / R02 / Terrazza tecnica;GF LT 4 / COMPRESSORE 02 /;Compressore 1: Richiesta /;0;Cambia a 0;Evento;GF LT;LT 4;Richiesta;0;19:27:22|LT 4
773;26/09/2026 19:28:21;;CLIM /;DC09 / R02 / Terrazza tecnica;GF LT 6 / COMPRESSORE 01 /;Compressore 1 modalita operativa /;0;Cambia a 1;Evento;GF LT;LT 6;Modalità operativa;1;19:28:21|LT 6
774;26/09/2026 19:28:21;;CLIM /;DC09 / R02 / Terrazza tecnica;GF LT 6 / COMPRESSORE 01 /;Compressore 1: Acceso step 1 /;0;Cambia a 1;Evento;GF LT;LT 6;Acceso step;1;19:28:21|LT 6
775;26/09/2026 19:28:21;;CLIM /;DC09 / R02 / Terrazza tecnica;GF LT 6 / COMPRESSORE 01 /;Compressore 1: Piena potenza /;0;Cambia a 1;Evento;GF LT;LT 6;Piena potenza;1;19:28:21|LT 6
776;26/09/2026 19:28:21;;CLIM /;DC09 / R02 / Terrazza tecnica;GF LT 6 / COMPRESSORE 01 /;Compressore 1: Richiesta /;0;Cambia a 1;Evento;GF LT;LT 6;Richiesta;1;19:28:21|LT 6
777;26/09/2026 19:28:40;;CLIM /;DC09 / R02 / Terrazza tecnica;GF CTA PRO B 3-4 / COMPRESSORE 01 /;Compressore 1: Stato operativo /;0;Cambia a 1;Evento;GF CTA PRO;CTA PRO B 3-4;Stato operativo;1;19:28:40|CTA PRO B 3-4
778;26/09/2026 19:28:40;;CLIM /;DC09 / R02 / Terrazza tecnica;GF CTA PRO B 3-4 / COMPRESSORE 01 /;Compressore 1: Acceso step 1 /;0;Cambia a 1;Evento;GF CTA PRO;CTA PRO B 3-4;Acceso step;1;19:28:40|CTA PRO B 3-4
779;26/09/2026 19:28:40;;CLIM /;DC09 / R02 / Terrazza tecnica;GF CTA PRO B 3-4 / COMPRESSORE 01 /;Compressore 1: Piena potenza /;0;Cambia a 1;Evento;GF CTA PRO;CTA PRO B 3-4;Piena potenza;1;19:28:40|CTA PRO B 3-4
780;26/09/2026 19:28:40;;CLIM /;DC09 / R02 / Terrazza tecnica;GF CTA PRO B 3-4 / COMPRESSORE 01 /;Compressore 1: Richiesta /;0;Cambia a 1;Evento;GF CTA PRO;CTA PRO B 3-4;Richiesta;1;19:28:40|CTA PRO B 3-4
781;26/09/2026 19:29:30;;CLIM /;DC09 / R02 / Terrazza tecnica;GF CTA PRO A 1-2 / COMPRESSORE 01 /;Compressore 1: Stato operativo /;0;Cambia a 0;Evento;GF CTA PRO;CTA PRO A 1-2;Stato operativo;0;19:29:30|CTA PRO A 1-2
782;26/09/2026 19:29:30;;CLIM /;DC09 / R02 / Terrazza tecnica;GF CTA PRO A 1-2 / COMPRESSORE 01 /;Compressore 1: Acceso step 1 /;0;Cambia a 0;Evento;GF CTA PRO;CTA PRO A 1-2;Acceso step;0;19:29:30|CTA PRO A 1-2
783;26/09/2026 19:29:30;;CLIM /;DC09 / R02 / Terrazza tecnica;GF CTA PRO A 1-2 / COMPRESSORE 01 /;Compressore 1: Piena potenza /;0;Cambia a 0;Evento;GF CTA PRO;CTA PRO A 1-2;Piena potenza;0;19:29:30|CTA PRO A 1-2
784;26/09/2026 19:29:30;;CLIM /;DC09 / R02 / Terrazza tecnica;GF CTA PRO A 1-2 / COMPRESSORE 01 /;Compressore 1: Richiesta /;0;Cambia a 0;Evento;GF CTA PRO;CTA PRO A 1-2;Richiesta;0;19:29:30|CTA PRO A 1-2
785;26/09/2026 19:30:00;;CLIM /;DC09 / R02 / Terrazza tecnica;GF LT 4 / COMPRESSORE 03 /;Compressore 4 modalita operativa /;0;Cambia a 1;Evento;GF LT;LT 4;Modalità operativa;1;19:30:00|LT 4
786;26/09/2026 19:30:00;;CLIM /;DC09 / R02 / Terrazza tecnica;GF LT 4 / COMPRESSORE 04 /;Compressore 4: Acceso step 1 /;0;Cambia a 1;Evento;GF LT;LT 4;Acceso step;1;19:30:00|LT 4
787;26/09/2026 19:30:00;;CLIM /;DC09 / R02 / Terrazza tecnica;GF LT 4 / COMPRESSORE 04 /;Compressore 1: Piena potenza /;0;Cambia a 1;Evento;GF LT;LT 4;Piena potenza;1;19:30:00|LT 4
788;26/09/2026 19:30:00;;CLIM /;DC09 / R02 / Terrazza tecnica;GF LT 4 / COMPRESSORE 04 /;Compressore 4: Richiesta /;0;Cambia a 1;Evento;GF LT;LT 4;Richiesta;1;19:30:00|LT 4
789;26/09/2026 19:31:26;;CLIM /;DC09 / R02 / Terrazza tecnica;GF LT 5 / COMPRESSORE 02 /;Compressore 3 modalita operativa /;0;Cambia a 0;Evento;GF LT;LT 5;Modalità operativa;0;19:31:26|LT 5
790;26/09/2026 19:31:26;;CLIM /;DC09 / R02 / Terrazza tecnica;GF LT 5 / COMPRESSORE 03 /;Compressore 3: Acceso step 1 /;0;Cambia a 0;Evento;GF LT;LT 5;Acceso step;0;19:31:26|LT 5
791;26/09/2026 19:31:26;;CLIM /;DC09 / R02 / Terrazza tecnica;GF LT 5 / COMPRESSORE 03 /;Compressore 1: Piena potenza /;0;Cambia a 0;Evento;GF LT;LT 5;Piena potenza;0;19:31:26|LT 5
792;26/09/2026 19:31:26;;CLIM /;DC09 / R02 / Terrazza tecnica;GF LT 5 / COMPRESSORE 03 /;Compressore 1: Richiesta /;0;Cambia a 0;Evento;GF LT;LT 5;Richiesta;0;19:31:26|LT 5
793;26/09/2026 19:31:43;;CLIM /;DC09 / R02 / Terrazza tecnica;GF LT 2 / COMPRESSORE 03 /;Compressore 4 modalita operativa /;0;Cambia a 1;Evento;GF LT;LT 2;Modalità operativa;1;19:31:43|LT 2
794;26/09/2026 19:31:43;;CLIM /;DC09 / R02 / Terrazza tecnica;GF LT 2 / COMPRESSORE 04 /;Compressore 4: Acceso step 1 /;0;Cambia a 1;Evento;GF LT;LT 2;Acceso step;1;19:31:43|LT 2
795;26/09/2026 19:31:43;;CLIM /;DC09 / R02 / Terrazza tecnica;GF LT 2 / COMPRESSORE 04 /;Compressore 1: Piena potenza /;0;Cambia a 1;Evento;GF LT;LT 2;Piena potenza;1;19:31:43|LT 2
796;26/09/2026 19:31:43;;CLIM /;DC09 / R02 / Terrazza tecnica;GF LT 2 / COMPRESSORE 04 /;Compressore 4: Richiesta /;0;Cambia a 1;Evento;GF LT;LT 2;Richiesta;1;19:31:43|LT 2
797;26/09/2026 19:32:27;;CLIM /;DC09 / R02 / SALA DATI A2/A4;GF FW A2-A4.1 / COMPRESSORE 02 /;Compressore 2: Pompa spenta /;0;Cambia a 1;Evento;GF FW;FW A2-A4.1;Pompa spenta;1;19:32:27|FW A2-A4.1
798;26/09/2026 19:32:27;;CLIM /;DC09 / R02 / SALA DATI A2/A4;GF FW A2-A4.1 / COMPRESSORE 02 /;Compressore 2: Acceso step 2 /;0;Cambia a 0;Evento;GF FW;FW A2-A4.1;Acceso step;0;19:32:27|FW A2-A4.1
799;26/09/2026 19:32:31;;CLIM /;DC09 / R02 / SALA DATI A2/A4;GF FW A2-A4.1 / COMPRESSORE 02 /;Stato di funzionamento compressore 2 /;0;Cambia a 0;Evento;GF FW;FW A2-A4.1;Stato funzionamento;0;19:32:31|FW A2-A4.1
800;26/09/2026 19:32:31;;CLIM /;DC09 / R02 / SALA DATI A2/A4;GF FW A2-A4.1 / COMPRESSORE 02 /;Compressore 2: Pompa spenta /;0;Cambia a 0;Evento;GF FW;FW A2-A4.1;Pompa spenta;0;19:32:31|FW A2-A4.1
801;26/09/2026 19:32:31;;CLIM /;DC09 / R02 / SALA DATI A2/A4;GF FW A2-A4.1 / COMPRESSORE 02 /;Compressore 2: Acceso step 2 /;0;Cambia a 1;Evento;GF FW;FW A2-A4.1;Acceso step;1;19:32:31|FW A2-A4.1
802;26/09/2026 19:32:31;;CLIM /;DC09 / R02 / SALA DATI A2/A4;GF FW A2-A4.1 / COMPRESSORE 02 /;Compressore 2: Piena potenza /;0;Cambia a 0;Evento;GF FW;FW A2-A4.1;Piena potenza;0;19:32:31|FW A2-A4.1
803;26/09/2026 19:32:31;;CLIM /;DC09 / R02 / SALA DATI A2/A4;GF FW A2-A4.1 / COMPRESSORE 02 /;Compressore 2: Richiesta /;0;Cambia a 0;Evento;GF FW;FW A2-A4.1;Richiesta;0;19:32:31|FW A2-A4.1
804;26/09/2026 19:33:01;;CLIM /;DC09 / R02 / Terrazza tecnica;GF CTA PRO B 1-2 / COMPRESSORE 01 /;Compressore 1: Stato operativo /;0;Cambia a 0;Evento;GF CTA PRO;CTA PRO B 1-2;Stato operativo;0;19:33:01|CTA PRO B 1-2
805;26/09/2026 19:33:01;;CLIM /;DC09 / R02 / Terrazza tecnica;GF CTA PRO B 1-2 / COMPRESSORE 01 /;Compressore 1: Acceso step 1 /;0;Cambia a 0;Evento;GF CTA PRO;CTA PRO B 1-2;Acceso step;0;19:33:01|CTA PRO B 1-2
806;26/09/2026 19:33:01;;CLIM /;DC09 / R02 / Terrazza tecnica;GF CTA PRO B 1-2 / COMPRESSORE 01 /;Compressore 1: Piena potenza /;0;Cambia a 0;Evento;GF CTA PRO;CTA PRO B 1-2;Piena potenza;0;19:33:01|CTA PRO B 1-2
807;26/09/2026 19:33:01;;CLIM /;DC09 / R02 / Terrazza tecnica;GF CTA PRO B 1-2 / COMPRESSORE 01 /;Compressore 1: Richiesta /;0;Cambia a 0;Evento;GF CTA PRO;CTA PRO B 1-2;Richiesta;0;19:33:01|CTA PRO B 1-2
808;26/09/2026 19:33:02;;CLIM /;DC09 / R02 / Terrazza tecnica;GF LT 2 / COMPRESSORE 02 /;Compressore 2 modalita operativa /;0;Cambia a 1;Evento;GF LT;LT 2;Modalità operativa;1;19:33:02|LT 2
809;26/09/2026 19:33:02;;CLIM /;DC09 / R02 / Terrazza tecnica;GF LT 2 / COMPRESSORE 02 /;Compressore 2: Acceso step 1 /;0;Cambia a 1;Evento;GF LT;LT 2;Acceso step;1;19:33:02|LT 2
810;26/09/2026 19:33:02;;CLIM /;DC09 / R02 / Terrazza tecnica;GF LT 2 / COMPRESSORE 02 /;Compressore 1: Piena potenza /;0;Cambia a 1;Evento;GF LT;LT 2;Piena potenza;1;19:33:02|LT 2
811;26/09/2026 19:33:02;;CLIM /;DC09 / R02 / Terrazza tecnica;GF LT 2 / COMPRESSORE 02 /;Compressore 1: Richiesta /;0;Cambia a 1;Evento;GF LT;LT 2;Richiesta;1;19:33:02|LT 2
812;26/09/2026 19:33:14;;CLIM /;DC09 / R02 / SALA DATI A1/A3;GF FW A1-A3.4 / COMPRESSORE 02 /;Compressore 2: Pompa spenta /;0;Cambia a 1;Evento;GF FW;FW A1-A3.4;Pompa spenta;1;19:33:14|FW A1-A3.4
813;26/09/2026 19:33:14;;CLIM /;DC09 / R02 / SALA DATI A1/A3;GF FW A1-A3.4 / COMPRESSORE 02 /;Compressore 2: Acceso step 2 /;0;Cambia a 0;Evento;GF FW;FW A1-A3.4;Acceso step;0;19:33:14|FW A1-A3.4
814;26/09/2026 19:33:16;;CLIM /;DC09 / R02 / Terrazza tecnica;GF CTA PRO B 3-4 / COMPRESSORE 01 /;Compressore 1: Stato operativo /;0;Cambia a 0;Evento;GF CTA PRO;CTA PRO B 3-4;Stato operativo;0;19:33:16|CTA PRO B 3-4
815;26/09/2026 19:33:16;;CLIM /;DC09 / R02 / Terrazza tecnica;GF CTA PRO B 3-4 / COMPRESSORE 01 /;Compressore 1: Acceso step 1 /;0;Cambia a 0;Evento;GF CTA PRO;CTA PRO B 3-4;Acceso step;0;19:33:16|CTA PRO B 3-4
816;26/09/2026 19:33:16;;CLIM /;DC09 / R02 / Terrazza tecnica;GF CTA PRO B 3-4 / COMPRESSORE 01 /;Compressore 1: Piena potenza /;0;Cambia a 0;Evento;GF CTA PRO;CTA PRO B 3-4;Piena potenza;0;19:33:16|CTA PRO B 3-4
817;26/09/2026 19:33:16;;CLIM /;DC09 / R02 / Terrazza tecnica;GF CTA PRO B 3-4 / COMPRESSORE 01 /;Compressore 1: Richiesta /;0;Cambia a 0;Evento;GF CTA PRO;CTA PRO B 3-4;Richiesta;0;19:33:16|CTA PRO B 3-4
818;26/09/2026 19:33:17;;CLIM /;DC09 / R02 / Terrazza tecnica;GF LT 4 / COMPRESSORE 03 /;Compressore 4 modalita operativa /;0;Cambia a 0;Evento;GF LT;LT 4;Modalità operativa;0;19:33:17|LT 4
819;26/09/2026 19:33:17;;CLIM /;DC09 / R02 / Terrazza tecnica;GF LT 4 / COMPRESSORE 04 /;Compressore 4: Acceso step 1 /;0;Cambia a 0;Evento;GF LT;LT 4;Acceso step;0;19:33:17|LT 4
820;26/09/2026 19:33:17;;CLIM /;DC09 / R02 / Terrazza tecnica;GF LT 4 / COMPRESSORE 04 /;Compressore 1: Piena potenza /;0;Cambia a 0;Evento;GF LT;LT 4;Piena potenza;0;19:33:17|LT 4
821;26/09/2026 19:33:17;;CLIM /;DC09 / R02 / Terrazza tecnica;GF LT 4 / COMPRESSORE 04 /;Compressore 4: Richiesta /;0;Cambia a 0;Evento;GF LT;LT 4;Richiesta;0;19:33:17|LT 4
822;26/09/2026 19:33:18;;CLIM /;DC09 / R02 / SALA DATI A1/A3;GF FW A1-A3.4 / COMPRESSORE 02 /;Stato di funzionamento compressore 2 /;0;Cambia a 0;Evento;GF FW;FW A1-A3.4;Stato funzionamento;0;19:33:18|FW A1-A3.4
823;26/09/2026 19:33:18;;CLIM /;DC09 / R02 / SALA DATI A1/A3;GF FW A1-A3.4 / COMPRESSORE 02 /;Compressore 2: Pompa spenta /;0;Cambia a 0;Evento;GF FW;FW A1-A3.4;Pompa spenta;0;19:33:18|FW A1-A3.4
824;26/09/2026 19:33:18;;CLIM /;DC09 / R02 / SALA DATI A1/A3;GF FW A1-A3.4 / COMPRESSORE 02 /;Compressore 2: Acceso step 2 /;0;Cambia a 1;Evento;GF FW;FW A1-A3.4;Acceso step;1;19:33:18|FW A1-A3.4
825;26/09/2026 19:33:18;;CLIM /;DC09 / R02 / SALA DATI A1/A3;GF FW A1-A3.4 / COMPRESSORE 02 /;Compressore 2: Piena potenza /;0;Cambia a 0;Evento;GF FW;FW A1-A3.4;Piena potenza;0;19:33:18|FW A1-A3.4
826;26/09/2026 19:33:18;;CLIM /;DC09 / R02 / SALA DATI A1/A3;GF FW A1-A3.4 / COMPRESSORE 02 /;Compressore 2: Richiesta /;0;Cambia a 0;Evento;GF FW;FW A1-A3.4;Richiesta;0;19:33:18|FW A1-A3.4
827;26/09/2026 19:33:43;;CLIM /;DC09 / R02 / SALA DATI A2/A4;GF FW A2-A4.2 / COMPRESSORE 02 /;Compressore 2: Pompa spenta /;0;Cambia a 1;Evento;GF FW;FW A2-A4.2;Pompa spenta;1;19:33:43|FW A2-A4.2
828;26/09/2026 19:33:43;;CLIM /;DC09 / R02 / SALA DATI A2/A4;GF FW A2-A4.2 / COMPRESSORE 02 /;Compressore 2: Acceso step 2 /;0;Cambia a 0;Evento;GF FW;FW A2-A4.2;Acceso step;0;19:33:43|FW A2-A4.2
829;26/09/2026 19:33:48;;CLIM /;DC09 / R02 / SALA DATI A2/A4;GF FW A2-A4.2 / COMPRESSORE 02 /;Stato di funzionamento compressore 2 /;0;Cambia a 0;Evento;GF FW;FW A2-A4.2;Stato funzionamento;0;19:33:48|FW A2-A4.2
830;26/09/2026 19:33:48;;CLIM /;DC09 / R02 / SALA DATI A2/A4;GF FW A2-A4.2 / COMPRESSORE 02 /;Compressore 2: Pompa spenta /;0;Cambia a 0;Evento;GF FW;FW A2-A4.2;Pompa spenta;0;19:33:48|FW A2-A4.2
831;26/09/2026 19:33:48;;CLIM /;DC09 / R02 / SALA DATI A2/A4;GF FW A2-A4.2 / COMPRESSORE 02 /;Compressore 2: Acceso step 2 /;0;Cambia a 1;Evento;GF FW;FW A2-A4.2;Acceso step;1;19:33:48|FW A2-A4.2
832;26/09/2026 19:33:48;;CLIM /;DC09 / R02 / SALA DATI A2/A4;GF FW A2-A4.2 / COMPRESSORE 02 /;Compressore 2: Piena potenza /;0;Cambia a 0;Evento;GF FW;FW A2-A4.2;Piena potenza;0;19:33:48|FW A2-A4.2
833;26/09/2026 19:33:48;;CLIM /;DC09 / R02 / SALA DATI A2/A4;GF FW A2-A4.2 / COMPRESSORE 02 /;Compressore 2: Richiesta /;0;Cambia a 0;Evento;GF FW;FW A2-A4.2;Richiesta;0;19:33:48|FW A2-A4.2
834;26/09/2026 19:34:01;;CLIM /;DC09 / R02 / Terrazza tecnica;GF LT 2 / COMPRESSORE 01 /;Compressore 1 modalita operativa /;0;Cambia a 0;Evento;GF LT;LT 2;Modalità operativa;0;19:34:01|LT 2
835;26/09/2026 19:34:01;;CLIM /;DC09 / R02 / Terrazza tecnica;GF LT 2 / COMPRESSORE 01 /;Compressore 1: Acceso step 1 /;0;Cambia a 0;Evento;GF LT;LT 2;Acceso step;0;19:34:01|LT 2
836;26/09/2026 19:34:01;;CLIM /;DC09 / R02 / Terrazza tecnica;GF LT 2 / COMPRESSORE 01 /;Compressore 1: Piena potenza /;0;Cambia a 0;Evento;GF LT;LT 2;Piena potenza;0;19:34:01|LT 2
837;26/09/2026 19:34:01;;CLIM /;DC09 / R02 / Terrazza tecnica;GF LT 2 / COMPRESSORE 01 /;Compressore 1: Richiesta /;0;Cambia a 0;Evento;GF LT;LT 2;Richiesta;0;19:34:01|LT 2
838;26/09/2026 19:35:20;;CLIM /;DC09 / R02 / Terrazza tecnica;GF LT 2 / COMPRESSORE 03 /;Compressore 4 modalita operativa /;0;Cambia a 0;Evento;GF LT;LT 2;Modalità operativa;0;19:35:20|LT 2
839;26/09/2026 19:35:20;;CLIM /;DC09 / R02 / Terrazza tecnica;GF LT 2 / COMPRESSORE 04 /;Compressore 4: Acceso step 1 /;0;Cambia a 0;Evento;GF LT;LT 2;Acceso step;0;19:35:20|LT 2
840;26/09/2026 19:35:20;;CLIM /;DC09 / R02 / Terrazza tecnica;GF LT 2 / COMPRESSORE 04 /;Compressore 1: Piena potenza /;0;Cambia a 0;Evento;GF LT;LT 2;Piena potenza;0;19:35:20|LT 2
841;26/09/2026 19:35:20;;CLIM /;DC09 / R02 / Terrazza tecnica;GF LT 2 / COMPRESSORE 04 /;Compressore 4: Richiesta /;0;Cambia a 0;Evento;GF LT;LT 2;Richiesta;0;19:35:20|LT 2
842;26/09/2026 19:36:13;;CLIM /;DC09 / R02 / Terrazza tecnica;GF LT 4 / COMPRESSORE 01 /;Compressore 1: Acceso step 1 /;0;Cambia a 1;Evento;GF LT;LT 4;Acceso step;1;19:36:13|LT 4
843;26/09/2026 19:36:13;;CLIM /;DC09 / R02 / Terrazza tecnica;GF LT 4 / COMPRESSORE 01 /;Compressore 1: Richiesta /;0;Cambia a 1;Evento;GF LT;LT 4;Richiesta;1;19:36:13|LT 4
844;26/09/2026 19:36:19;;CLIM /;DC09 / R02 / SALA DATI B2/B4;GF FW B2-B4.5 / COMPRESSORE 01 /;Compressore 1: Pompa spenta /;0;Cambia a 1;Evento;GF FW;FW B2-B4.5;Pompa spenta;1;19:36:19|FW B2-B4.5
845;26/09/2026 19:36:23;;CLIM /;DC09 / R02 / SALA DATI B2/B4;GF FW B2-B4.5 / COMPRESSORE 01 /;Stato di funzionamento compressore 1 /;0;Cambia a 0;Evento;GF FW;FW B2-B4.5;Stato funzionamento;0;19:36:23|FW B2-B4.5
846;26/09/2026 19:36:23;;CLIM /;DC09 / R02 / SALA DATI B2/B4;GF FW B2-B4.5 / COMPRESSORE 01 /;Compressore 1: Pompa spenta /;0;Cambia a 0;Evento;GF FW;FW B2-B4.5;Pompa spenta;0;19:36:23|FW B2-B4.5
847;26/09/2026 19:36:23;;CLIM /;DC09 / R02 / SALA DATI B2/B4;GF FW B2-B4.5 / COMPRESSORE 01 /;Compressore 1: Piena potenza /;0;Cambia a 0;Evento;GF FW;FW B2-B4.5;Piena potenza;0;19:36:23|FW B2-B4.5
848;26/09/2026 19:36:23;;CLIM /;DC09 / R02 / SALA DATI B2/B4;GF FW B2-B4.5 / COMPRESSORE 01 /;Compressore 1: Richiesta /;0;Cambia a 0;Evento;GF FW;FW B2-B4.5;Richiesta;0;19:36:23|FW B2-B4.5
849;26/09/2026 19:36:34;;CLIM /;DC09 / R02 / Terrazza tecnica;GF LT 4 / COMPRESSORE 01 /;Compressore 1 modalita operativa /;0;Cambia a 1;Evento;GF LT;LT 4;Modalità operativa;1;19:36:34|LT 4
850;26/09/2026 19:36:34;;CLIM /;DC09 / R02 / Terrazza tecnica;GF LT 4 / COMPRESSORE 01 /;Compressore 1: Piena potenza /;0;Cambia a 1;Evento;GF LT;LT 4;Piena potenza;1;19:36:34|LT 4
851;26/09/2026 19:36:36;;CLIM /;DC09 / R02 / SALA DATI B2/B4;GF FW B2-B4.3 / COMPRESSORE 01 /;Compressore 1: Freecooling /;0;Cambia a 0;Evento;GF FW;FW B2-B4.3;Freecooling;0;19:36:36|FW B2-B4.3
852;26/09/2026 19:36:36;;CLIM /;DC09 / R02 / SALA DATI B2/B4;GF FW B2-B4.3 / COMPRESSORE 02 /;Compressore 2: Freecooling /;0;Cambia a 0;Evento;GF FW;FW B2-B4.3;Freecooling;0;19:36:36|FW B2-B4.3
853;26/09/2026 19:37:02;;CLIM /;DC09 / R02 / SALA DATI B1/B3;GF FW B1-B3.4 / COMPRESSORE 02 /;Compressore 2: Acceso step 2 /;0;Cambia a 0;Evento;GF FW;FW B1-B3.4;Acceso step;0;19:37:02|FW B1-B3.4
854;26/09/2026 19:37:02;;CLIM /;DC09 / R02 / SALA DATI B1/B3;GF FW B1-B3.4 / COMPRESSORE 02 /;Compressore 2: Acceso step 1 /;0;Cambia a 1;Evento;GF FW;FW B1-B3.4;Acceso step;1;19:37:02|FW B1-B3.4
855;26/09/2026 19:37:10;;CMF /;DC09 / R01 / Break Area;/ FC-101 /;Velocita ventola 1 /;0;Cambia a 0;Evento;FC (Break Area);FC-101;Velocità ventola;0;19:37:10|FC-101
856;26/09/2026 19:37:10;;CMF /;DC09 / R01 / Break Area;/ FC-101 /;Velocita ventola 2 /;0;Cambia a 1;Evento;FC (Break Area);FC-101;Velocità ventola;1;19:37:10|FC-101
857;26/09/2026 19:37:14;;CMF /;DC09 / R01 / Break Area;/ FC-103 /;Velocita ventola 1 /;0;Cambia a 0;Evento;FC (Break Area);FC-103;Velocità ventola;0;19:37:14|FC-103
858;26/09/2026 19:37:14;;CMF /;DC09 / R01 / Break Area;/ FC-103 /;Velocita ventola 2 /;0;Cambia a 1;Evento;FC (Break Area);FC-103;Velocità ventola;1;19:37:14|FC-103
859;26/09/2026 19:37:31;;CLIM /;DC09 / R02 / SALA DATI B2/B4;GF FW B2-B4.3 / COMPRESSORE 02 /;Compressore 2: Acceso step 2 /;0;Cambia a 0;Evento;GF FW;FW B2-B4.3;Acceso step;0;19:37:31|FW B2-B4.3
860;26/09/2026 19:37:31;;CLIM /;DC09 / R02 / SALA DATI B2/B4;GF FW B2-B4.3 / COMPRESSORE 02 /;Compressore 2: Acceso step 1 /;0;Cambia a 1;Evento;GF FW;FW B2-B4.3;Acceso step;1;19:37:31|FW B2-B4.3
861;26/09/2026 19:37:41;;CLIM /;DC09 / R02 / Terrazza tecnica;GF CTA PRO A 1-2 / COMPRESSORE 02 /;Compressore 2: Stato operativo /;0;Cambia a 1;Evento;GF CTA PRO;CTA PRO A 1-2;Stato operativo;1;19:37:41|CTA PRO A 1-2
862;26/09/2026 19:37:41;;CLIM /;DC09 / R02 / Terrazza tecnica;GF CTA PRO A 1-2 / COMPRESSORE 02 /;Compressore 2: Acceso step 1 /;0;Cambia a 1;Evento;GF CTA PRO;CTA PRO A 1-2;Acceso step;1;19:37:41|CTA PRO A 1-2
863;26/09/2026 19:37:41;;CLIM /;DC09 / R02 / Terrazza tecnica;GF CTA PRO A 1-2 / COMPRESSORE 02 /;Compressore 2: Piena potenza /;0;Cambia a 1;Evento;GF CTA PRO;CTA PRO A 1-2;Piena potenza;1;19:37:41|CTA PRO A 1-2
864;26/09/2026 19:37:41;;CLIM /;DC09 / R02 / Terrazza tecnica;GF CTA PRO A 1-2 / COMPRESSORE 02 /;Compressore 2: Richiesta /;0;Cambia a 1;Evento;GF CTA PRO;CTA PRO A 1-2;Richiesta;1;19:37:41|CTA PRO A 1-2
865;26/09/2026 19:38:49;;CLIM /;DC09 / R02 / Terrazza tecnica;GF CTA PRO B 3-4 / COMPRESSORE 02 /;Compressore 2: Stato operativo /;0;Cambia a 1;Evento;GF CTA PRO;CTA PRO B 3-4;Stato operativo;1;19:38:49|CTA PRO B 3-4
866;26/09/2026 19:38:49;;CLIM /;DC09 / R02 / Terrazza tecnica;GF CTA PRO B 3-4 / COMPRESSORE 02 /;Compressore 2: Acceso step 1 /;0;Cambia a 1;Evento;GF CTA PRO;CTA PRO B 3-4;Acceso step;1;19:38:49|CTA PRO B 3-4
867;26/09/2026 19:38:49;;CLIM /;DC09 / R02 / Terrazza tecnica;GF CTA PRO B 3-4 / COMPRESSORE 02 /;Compressore 2: Piena potenza /;0;Cambia a 1;Evento;GF CTA PRO;CTA PRO B 3-4;Piena potenza;1;19:38:49|CTA PRO B 3-4
868;26/09/2026 19:38:49;;CLIM /;DC09 / R02 / Terrazza tecnica;GF CTA PRO B 3-4 / COMPRESSORE 02 /;Compressore 2: Richiesta /;0;Cambia a 1;Evento;GF CTA PRO;CTA PRO B 3-4;Richiesta;1;19:38:49|CTA PRO B 3-4
869;26/09/2026 19:39:30;;CLIM /;DC09 / R02 / Terrazza tecnica;GF LT 4 / COMPRESSORE 01 /;Compressore 1 modalita operativa /;0;Cambia a 0;Evento;GF LT;LT 4;Modalità operativa;0;19:39:30|LT 4
870;26/09/2026 19:39:30;;CLIM /;DC09 / R02 / Terrazza tecnica;GF LT 4 / COMPRESSORE 01 /;Compressore 1: Acceso step 1 /;0;Cambia a 0;Evento;GF LT;LT 4;Acceso step;0;19:39:30|LT 4
871;26/09/2026 19:39:30;;CLIM /;DC09 / R02 / Terrazza tecnica;GF LT 4 / COMPRESSORE 01 /;Compressore 1: Piena potenza /;0;Cambia a 0;Evento;GF LT;LT 4;Piena potenza;0;19:39:30|LT 4
872;26/09/2026 19:39:30;;CLIM /;DC09 / R02 / Terrazza tecnica;GF LT 4 / COMPRESSORE 01 /;Compressore 1: Richiesta /;0;Cambia a 0;Evento;GF LT;LT 4;Richiesta;0;19:39:30|LT 4
873;26/09/2026 19:39:34;;CLIM /;DC09 / R02 / Terrazza tecnica;GF LT 2 / COMPRESSORE 02 /;Compressore 3 modalita operativa /;0;Cambia a 1;Evento;GF LT;LT 2;Modalità operativa;1;19:39:34|LT 2
874;26/09/2026 19:39:34;;CLIM /;DC09 / R02 / Terrazza tecnica;GF LT 2 / COMPRESSORE 03 /;Compressore 3: Acceso step 1 /;0;Cambia a 1;Evento;GF LT;LT 2;Acceso step;1;19:39:34|LT 2
875;26/09/2026 19:39:34;;CLIM /;DC09 / R02 / Terrazza tecnica;GF LT 2 / COMPRESSORE 03 /;Compressore 1: Piena potenza /;0;Cambia a 1;Evento;GF LT;LT 2;Piena potenza;1;19:39:34|LT 2
876;26/09/2026 19:39:34;;CLIM /;DC09 / R02 / Terrazza tecnica;GF LT 2 / COMPRESSORE 03 /;Compressore 1: Richiesta /;0;Cambia a 1;Evento;GF LT;LT 2;Richiesta;1;19:39:34|LT 2
877;26/09/2026 19:39:44;;CLIM /;DC09 / R02 / Terrazza tecnica;GF CTA PRO A 3-4 / COMPRESSORE 02 /;Compressore 2: Stato operativo /;0;Cambia a 1;Evento;GF CTA PRO;CTA PRO A 3-4;Stato operativo;1;19:39:44|CTA PRO A 3-4
878;26/09/2026 19:39:44;;CLIM /;DC09 / R02 / Terrazza tecnica;GF CTA PRO A 3-4 / COMPRESSORE 02 /;Compressore 2: Acceso step 1 /;0;Cambia a 1;Evento;GF CTA PRO;CTA PRO A 3-4;Acceso step;1;19:39:44|CTA PRO A 3-4
879;26/09/2026 19:39:44;;CLIM /;DC09 / R02 / Terrazza tecnica;GF CTA PRO A 3-4 / COMPRESSORE 02 /;Compressore 2: Piena potenza /;0;Cambia a 1;Evento;GF CTA PRO;CTA PRO A 3-4;Piena potenza;1;19:39:44|CTA PRO A 3-4
880;26/09/2026 19:39:44;;CLIM /;DC09 / R02 / Terrazza tecnica;GF CTA PRO A 3-4 / COMPRESSORE 02 /;Compressore 2: Richiesta /;0;Cambia a 1;Evento;GF CTA PRO;CTA PRO A 3-4;Richiesta;1;19:39:44|CTA PRO A 3-4
881;26/09/2026 19:40:37;;CLIM /;DC09 / R02 / Terrazza tecnica;GF CTA PRO A 1-2 / COMPRESSORE 02 /;Compressore 2: Stato operativo /;0;Cambia a 0;Evento;GF CTA PRO;CTA PRO A 1-2;Stato operativo;0;19:40:37|CTA PRO A 1-2
882;26/09/2026 19:40:37;;CLIM /;DC09 / R02 / Terrazza tecnica;GF CTA PRO A 1-2 / COMPRESSORE 02 /;Compressore 2: Acceso step 1 /;0;Cambia a 0;Evento;GF CTA PRO;CTA PRO A 1-2;Acceso step;0;19:40:37|CTA PRO A 1-2
883;26/09/2026 19:40:37;;CLIM /;DC09 / R02 / Terrazza tecnica;GF CTA PRO A 1-2 / COMPRESSORE 02 /;Compressore 2: Piena potenza /;0;Cambia a 0;Evento;GF CTA PRO;CTA PRO A 1-2;Piena potenza;0;19:40:37|CTA PRO A 1-2
884;26/09/2026 19:40:37;;CLIM /;DC09 / R02 / Terrazza tecnica;GF CTA PRO A 1-2 / COMPRESSORE 02 /;Compressore 2: Richiesta /;0;Cambia a 0;Evento;GF CTA PRO;CTA PRO A 1-2;Richiesta;0;19:40:37|CTA PRO A 1-2
885;26/09/2026 19:41:23;;CLIM /;DC09 / R02 / SALA DATI B2/B4;GF FW B2-B4.5 / COMPRESSORE 01 /;Compressore 1: Richiesta /;0;Cambia a 1;Evento;GF FW;FW B2-B4.5;Richiesta;1;19:41:23|FW B2-B4.5
886;26/09/2026 19:41:25;;CLIM /;DC09 / R02 / SALA DATI B2/B4;GF FW B2-B4.5 / COMPRESSORE 01 /;Stato di funzionamento compressore 1 /;0;Cambia a 1;Evento;GF FW;FW B2-B4.5;Stato funzionamento;1;19:41:25|FW B2-B4.5
887;26/09/2026 19:41:25;;CLIM /;DC09 / R02 / SALA DATI B2/B4;GF FW B2-B4.5 / COMPRESSORE 01 /;Compressore 1: Piena potenza /;0;Cambia a 1;Evento;GF FW;FW B2-B4.5;Piena potenza;1;19:41:25|FW B2-B4.5
888;26/09/2026 19:41:50;;CLIM /;DC09 / R02 / Terrazza tecnica;GF CTA PRO B 1-2 / COMPRESSORE 02 /;Compressore 2: Acceso step 1 /;0;Cambia a 1;Evento;GF CTA PRO;CTA PRO B 1-2;Acceso step;1;19:41:50|CTA PRO B 1-2
889;26/09/2026 19:41:50;;CLIM /;DC09 / R02 / Terrazza tecnica;GF CTA PRO B 1-2 / COMPRESSORE 02 /;Compressore 2: Richiesta /;0;Cambia a 1;Evento;GF CTA PRO;CTA PRO B 1-2;Richiesta;1;19:41:50|CTA PRO B 1-2
890;26/09/2026 19:42:10;;CLIM /;DC09 / R02 / Terrazza tecnica;GF CTA PRO B 1-2 / COMPRESSORE 02 /;Compressore 2: Stato operativo /;0;Cambia a 1;Evento;GF CTA PRO;CTA PRO B 1-2;Stato operativo;1;19:42:10|CTA PRO B 1-2
891;26/09/2026 19:42:10;;CLIM /;DC09 / R02 / Terrazza tecnica;GF CTA PRO B 1-2 / COMPRESSORE 02 /;Compressore 2: Piena potenza /;0;Cambia a 1;Evento;GF CTA PRO;CTA PRO B 1-2;Piena potenza;1;19:42:10|CTA PRO B 1-2
892;26/09/2026 19:42:28;;CLIM /;DC09 / R02 / Terrazza tecnica;GF LT 4 / COMPRESSORE 02 /;Compressore 3 modalita operativa /;0;Cambia a 1;Evento;GF LT;LT 4;Modalità operativa;1;19:42:28|LT 4
893;26/09/2026 19:42:28;;CLIM /;DC09 / R02 / Terrazza tecnica;GF LT 4 / COMPRESSORE 03 /;Compressore 3: Acceso step 1 /;0;Cambia a 1;Evento;GF LT;LT 4;Acceso step;1;19:42:28|LT 4
894;26/09/2026 19:42:28;;CLIM /;DC09 / R02 / Terrazza tecnica;GF LT 4 / COMPRESSORE 03 /;Compressore 1: Piena potenza /;0;Cambia a 1;Evento;GF LT;LT 4;Piena potenza;1;19:42:28|LT 4
895;26/09/2026 19:42:28;;CLIM /;DC09 / R02 / Terrazza tecnica;GF LT 4 / COMPRESSORE 03 /;Compressore 1: Richiesta /;0;Cambia a 1;Evento;GF LT;LT 4;Richiesta;1;19:42:28|LT 4
896;26/09/2026 19:43:05;;CLIM /;DC09 / R02 / Terrazza tecnica;GF LT 6 / COMPRESSORE 02 /;Compressore 2 modalita operativa /;0;Cambia a 1;Evento;GF LT;LT 6;Modalità operativa;1;19:43:05|LT 6
897;26/09/2026 19:43:05;;CLIM /;DC09 / R02 / Terrazza tecnica;GF LT 6 / COMPRESSORE 02 /;Compressore 2: Acceso step 1 /;0;Cambia a 1;Evento;GF LT;LT 6;Acceso step;1;19:43:05|LT 6
898;26/09/2026 19:43:05;;CLIM /;DC09 / R02 / Terrazza tecnica;GF LT 6 / COMPRESSORE 02 /;Compressore 1: Piena potenza /;0;Cambia a 1;Evento;GF LT;LT 6;Piena potenza;1;19:43:05|LT 6
899;26/09/2026 19:43:05;;CLIM /;DC09 / R02 / Terrazza tecnica;GF LT 6 / COMPRESSORE 02 /;Compressore 1: Richiesta /;0;Cambia a 1;Evento;GF LT;LT 6;Richiesta;1;19:43:05|LT 6
900;26/09/2026 19:43:30;;CLIM /;DC09 / R02 / Terrazza tecnica;GF LT 2 / COMPRESSORE 02 /;Compressore 3 modalita operativa /;0;Cambia a 0;Evento;GF LT;LT 2;Modalità operativa;0;19:43:30|LT 2
901;26/09/2026 19:43:30;;CLIM /;DC09 / R02 / Terrazza tecnica;GF LT 2 / COMPRESSORE 03 /;Compressore 3: Acceso step 1 /;0;Cambia a 0;Evento;GF LT;LT 2;Acceso step;0;19:43:30|LT 2
902;26/09/2026 19:43:30;;CLIM /;DC09 / R02 / Terrazza tecnica;GF LT 2 / COMPRESSORE 03 /;Compressore 1: Piena potenza /;0;Cambia a 0;Evento;GF LT;LT 2;Piena potenza;0;19:43:30|LT 2
903;26/09/2026 19:43:30;;CLIM /;DC09 / R02 / Terrazza tecnica;GF LT 2 / COMPRESSORE 03 /;Compressore 1: Richiesta /;0;Cambia a 0;Evento;GF LT;LT 2;Richiesta;0;19:43:30|LT 2
904;26/09/2026 19:43:39;;CLIM /;DC09 / R02 / Terrazza tecnica;GF CTA PRO A 3-4 / COMPRESSORE 02 /;Compressore 2: Stato operativo /;0;Cambia a 0;Evento;GF CTA PRO;CTA PRO A 3-4;Stato operativo;0;19:43:39|CTA PRO A 3-4
905;26/09/2026 19:43:39;;CLIM /;DC09 / R02 / Terrazza tecnica;GF CTA PRO A 3-4 / COMPRESSORE 02 /;Compressore 2: Acceso step 1 /;0;Cambia a 0;Evento;GF CTA PRO;CTA PRO A 3-4;Acceso step;0;19:43:39|CTA PRO A 3-4
906;26/09/2026 19:43:39;;CLIM /;DC09 / R02 / Terrazza tecnica;GF CTA PRO A 3-4 / COMPRESSORE 02 /;Compressore 2: Piena potenza /;0;Cambia a 0;Evento;GF CTA PRO;CTA PRO A 3-4;Piena potenza;0;19:43:39|CTA PRO A 3-4
907;26/09/2026 19:43:39;;CLIM /;DC09 / R02 / Terrazza tecnica;GF CTA PRO A 3-4 / COMPRESSORE 02 /;Compressore 2: Richiesta /;0;Cambia a 0;Evento;GF CTA PRO;CTA PRO A 3-4;Richiesta;0;19:43:39|CTA PRO A 3-4
908;26/09/2026 19:44:04;;CLIM /;DC09 / R02 / Terrazza tecnica;GF LT 6 / COMPRESSORE 01 /;Compressore 1 modalita operativa /;0;Cambia a 0;Evento;GF LT;LT 6;Modalità operativa;0;19:44:04|LT 6
909;26/09/2026 19:44:04;;CLIM /;DC09 / R02 / Terrazza tecnica;GF LT 6 / COMPRESSORE 01 /;Compressore 1: Acceso step 1 /;0;Cambia a 0;Evento;GF LT;LT 6;Acceso step;0;19:44:04|LT 6
910;26/09/2026 19:44:04;;CLIM /;DC09 / R02 / Terrazza tecnica;GF LT 6 / COMPRESSORE 01 /;Compressore 1: Piena potenza /;0;Cambia a 0;Evento;GF LT;LT 6;Piena potenza;0;19:44:04|LT 6
911;26/09/2026 19:44:04;;CLIM /;DC09 / R02 / Terrazza tecnica;GF LT 6 / COMPRESSORE 01 /;Compressore 1: Richiesta /;0;Cambia a 0;Evento;GF LT;LT 6;Richiesta;0;19:44:04|LT 6
912;26/09/2026 19:44:04;;CLIM /;DC09 / R02 / Terrazza tecnica;GF CTA PRO B 3-4 / COMPRESSORE 02 /;Compressore 2: Stato operativo /;0;Cambia a 0;Evento;GF CTA PRO;CTA PRO B 3-4;Stato operativo;0;19:44:04|CTA PRO B 3-4
913;26/09/2026 19:44:04;;CLIM /;DC09 / R02 / Terrazza tecnica;GF CTA PRO B 3-4 / COMPRESSORE 02 /;Compressore 2: Acceso step 1 /;0;Cambia a 0;Evento;GF CTA PRO;CTA PRO B 3-4;Acceso step;0;19:44:04|CTA PRO B 3-4
914;26/09/2026 19:44:04;;CLIM /;DC09 / R02 / Terrazza tecnica;GF CTA PRO B 3-4 / COMPRESSORE 02 /;Compressore 2: Piena potenza /;0;Cambia a 0;Evento;GF CTA PRO;CTA PRO B 3-4;Piena potenza;0;19:44:04|CTA PRO B 3-4
915;26/09/2026 19:44:04;;CLIM /;DC09 / R02 / Terrazza tecnica;GF CTA PRO B 3-4 / COMPRESSORE 02 /;Compressore 2: Richiesta /;0;Cambia a 0;Evento;GF CTA PRO;CTA PRO B 3-4;Richiesta;0;19:44:04|CTA PRO B 3-4
916;26/09/2026 19:44:23;;CLIM /;DC09 / R02 / Terrazza tecnica;GF LT 6 / COMPRESSORE 02 /;Compressore 2 modalita operativa /;0;Cambia a 0;Evento;GF LT;LT 6;Modalità operativa;0;19:44:23|LT 6
917;26/09/2026 19:44:23;;CLIM /;DC09 / R02 / Terrazza tecnica;GF LT 6 / COMPRESSORE 02 /;Compressore 2: Acceso step 1 /;0;Cambia a 0;Evento;GF LT;LT 6;Acceso step;0;19:44:23|LT 6
918;26/09/2026 19:44:23;;CLIM /;DC09 / R02 / Terrazza tecnica;GF LT 6 / COMPRESSORE 02 /;Compressore 1: Piena potenza /;0;Cambia a 0;Evento;GF LT;LT 6;Piena potenza;0;19:44:23|LT 6
919;26/09/2026 19:44:23;;CLIM /;DC09 / R02 / Terrazza tecnica;GF LT 6 / COMPRESSORE 02 /;Compressore 1: Richiesta /;0;Cambia a 0;Evento;GF LT;LT 6;Richiesta;0;19:44:23|LT 6
920;26/09/2026 19:45:09;;CLIM /;DC09 / R02 / Terrazza tecnica;GF LT 5 / COMPRESSORE 02 /;Compressore 2 modalita operativa /;0;Cambia a 1;Evento;GF LT;LT 5;Modalità operativa;1;19:45:09|LT 5
921;26/09/2026 19:45:09;;CLIM /;DC09 / R02 / Terrazza tecnica;GF LT 5 / COMPRESSORE 02 /;Compressore 2: Acceso step 1 /;0;Cambia a 1;Evento;GF LT;LT 5;Acceso step;1;19:45:09|LT 5
922;26/09/2026 19:45:09;;CLIM /;DC09 / R02 / Terrazza tecnica;GF LT 5 / COMPRESSORE 02 /;Compressore 1: Piena potenza /;0;Cambia a 1;Evento;GF LT;LT 5;Piena potenza;1;19:45:09|LT 5
923;26/09/2026 19:45:09;;CLIM /;DC09 / R02 / Terrazza tecnica;GF LT 5 / COMPRESSORE 02 /;Compressore 1: Richiesta /;0;Cambia a 1;Evento;GF LT;LT 5;Richiesta;1;19:45:09|LT 5
924;26/09/2026 19:45:24;;CLIM /;DC09 / R02 / Terrazza tecnica;GF LT 4 / COMPRESSORE 02 /;Compressore 3 modalita operativa /;0;Cambia a 0;Evento;GF LT;LT 4;Modalità operativa;0;19:45:24|LT 4
925;26/09/2026 19:45:24;;CLIM /;DC09 / R02 / Terrazza tecnica;GF LT 4 / COMPRESSORE 03 /;Compressore 3: Acceso step 1 /;0;Cambia a 0;Evento;GF LT;LT 4;Acceso step;0;19:45:24|LT 4
926;26/09/2026 19:45:24;;CLIM /;DC09 / R02 / Terrazza tecnica;GF LT 4 / COMPRESSORE 03 /;Compressore 1: Piena potenza /;0;Cambia a 0;Evento;GF LT;LT 4;Piena potenza;0;19:45:24|LT 4
927;26/09/2026 19:45:24;;CLIM /;DC09 / R02 / Terrazza tecnica;GF LT 4 / COMPRESSORE 03 /;Compressore 1: Richiesta /;0;Cambia a 0;Evento;GF LT;LT 4;Richiesta;0;19:45:24|LT 4
928;26/09/2026 19:45:50;;CLIM /;DC09 / R02 / SALA DATI B2/B4;GF FW B2-B4.6 / COMPRESSORE 02 /;Compressore 2: Pompa spenta /;0;Cambia a 1;Evento;GF FW;FW B2-B4.6;Pompa spenta;1;19:45:50|FW B2-B4.6
929;26/09/2026 19:45:50;;CLIM /;DC09 / R02 / SALA DATI B2/B4;GF FW B2-B4.6 / COMPRESSORE 02 /;Compressore 2: Acceso step 2 /;0;Cambia a 0;Evento;GF FW;FW B2-B4.6;Acceso step;0;19:45:50|FW B2-B4.6
930;26/09/2026 19:45:54;;CLIM /;DC09 / R02 / SALA DATI B2/B4;GF FW B2-B4.6 / COMPRESSORE 02 /;Stato di funzionamento compressore 2 /;0;Cambia a 0;Evento;GF FW;FW B2-B4.6;Stato funzionamento;0;19:45:54|FW B2-B4.6
931;26/09/2026 19:45:54;;CLIM /;DC09 / R02 / SALA DATI B2/B4;GF FW B2-B4.6 / COMPRESSORE 02 /;Compressore 2: Pompa spenta /;0;Cambia a 0;Evento;GF FW;FW B2-B4.6;Pompa spenta;0;19:45:54|FW B2-B4.6
932;26/09/2026 19:45:54;;CLIM /;DC09 / R02 / SALA DATI B2/B4;GF FW B2-B4.6 / COMPRESSORE 02 /;Compressore 2: Acceso step 2 /;0;Cambia a 1;Evento;GF FW;FW B2-B4.6;Acceso step;1;19:45:54|FW B2-B4.6
933;26/09/2026 19:45:54;;CLIM /;DC09 / R02 / SALA DATI B2/B4;GF FW B2-B4.6 / COMPRESSORE 02 /;Compressore 2: Piena potenza /;0;Cambia a 0;Evento;GF FW;FW B2-B4.6;Piena potenza;0;19:45:54|FW B2-B4.6
934;26/09/2026 19:45:54;;CLIM /;DC09 / R02 / SALA DATI B2/B4;GF FW B2-B4.6 / COMPRESSORE 02 /;Compressore 2: Richiesta /;0;Cambia a 0;Evento;GF FW;FW B2-B4.6;Richiesta;0;19:45:54|FW B2-B4.6
935;26/09/2026 19:46:40;;CMF /;DC09 / R01 / Break Area;/ FC-103 /;Velocita ventola 2 /;0;Cambia a 0;Evento;FC (Break Area);FC-103;Velocità ventola;0;19:46:40|FC-103
936;26/09/2026 19:46:46;;CMF /;DC09 / R01 / Break Area;/ FC-101 /;Velocita ventola 1 /;0;Cambia a 1;Evento;FC (Break Area);FC-101;Velocità ventola;1;19:46:46|FC-101
937;26/09/2026 19:46:46;;CMF /;DC09 / R01 / Break Area;/ FC-101 /;Velocita ventola 2 /;0;Cambia a 0;Evento;FC (Break Area);FC-101;Velocità ventola;0;19:46:46|FC-101
938;26/09/2026 19:46:50;;CMF /;DC09 / R01 / Break Area;/ FC-103 /;Velocita ventola 1 /;0;Cambia a 1;Evento;FC (Break Area);FC-103;Velocità ventola;1;19:46:50|FC-103
939;26/09/2026 19:47:00;;CLIM /;DC09 / R02 / Terrazza tecnica;GF LT 6 / COMPRESSORE 03 /;Compressore 4 modalita operativa /;0;Cambia a 1;Evento;GF LT;LT 6;Modalità operativa;1;19:47:00|LT 6
940;26/09/2026 19:47:00;;CLIM /;DC09 / R02 / Terrazza tecnica;GF LT 6 / COMPRESSORE 04 /;Compressore 4: Acceso step 1 /;0;Cambia a 1;Evento;GF LT;LT 6;Acceso step;1;19:47:00|LT 6
941;26/09/2026 19:47:00;;CLIM /;DC09 / R02 / Terrazza tecnica;GF LT 6 / COMPRESSORE 04 /;Compressore 1: Piena potenza /;0;Cambia a 1;Evento;GF LT;LT 6;Piena potenza;1;19:47:00|LT 6
942;26/09/2026 19:47:00;;CLIM /;DC09 / R02 / Terrazza tecnica;GF LT 6 / COMPRESSORE 04 /;Compressore 4: Richiesta /;0;Cambia a 1;Evento;GF LT;LT 6;Richiesta;1;19:47:00|LT 6
943;26/09/2026 19:48:04;;CLIM /;DC09 / R02 / Terrazza tecnica;GF LT 2 / COMPRESSORE 03 /;Compressore 4 modalita operativa /;0;Cambia a 1;Evento;GF LT;LT 2;Modalità operativa;1;19:48:04|LT 2
944;26/09/2026 19:48:04;;CLIM /;DC09 / R02 / Terrazza tecnica;GF LT 2 / COMPRESSORE 04 /;Compressore 4: Acceso step 1 /;0;Cambia a 1;Evento;GF LT;LT 2;Acceso step;1;19:48:04|LT 2
945;26/09/2026 19:48:04;;CLIM /;DC09 / R02 / Terrazza tecnica;GF LT 2 / COMPRESSORE 04 /;Compressore 1: Piena potenza /;0;Cambia a 1;Evento;GF LT;LT 2;Piena potenza;1;19:48:04|LT 2
946;26/09/2026 19:48:04;;CLIM /;DC09 / R02 / Terrazza tecnica;GF LT 2 / COMPRESSORE 04 /;Compressore 4: Richiesta /;0;Cambia a 1;Evento;GF LT;LT 2;Richiesta;1;19:48:04|LT 2
947;26/09/2026 19:48:21;;CLIM /;DC09 / R02 / Terrazza tecnica;GF LT 4 / COMPRESSORE 02 /;Compressore 2: Acceso step 1 /;0;Cambia a 1;Evento;GF LT;LT 4;Acceso step;1;19:48:21|LT 4
948;26/09/2026 19:48:21;;CLIM /;DC09 / R02 / Terrazza tecnica;GF LT 4 / COMPRESSORE 02 /;Compressore 1: Richiesta /;0;Cambia a 1;Evento;GF LT;LT 4;Richiesta;1;19:48:21|LT 4
949;26/09/2026 19:48:29;;CLIM /;DC09 / R02 / Terrazza tecnica;GF CTA PRO A 1-2 / COMPRESSORE 01 /;Compressore 1: Stato operativo /;0;Cambia a 1;Evento;GF CTA PRO;CTA PRO A 1-2;Stato operativo;1;19:48:29|CTA PRO A 1-2
950;26/09/2026 19:48:29;;CLIM /;DC09 / R02 / Terrazza tecnica;GF CTA PRO A 1-2 / COMPRESSORE 01 /;Compressore 1: Acceso step 1 /;0;Cambia a 1;Evento;GF CTA PRO;CTA PRO A 1-2;Acceso step;1;19:48:29|CTA PRO A 1-2
951;26/09/2026 19:48:29;;CLIM /;DC09 / R02 / Terrazza tecnica;GF CTA PRO A 1-2 / COMPRESSORE 01 /;Compressore 1: Piena potenza /;0;Cambia a 1;Evento;GF CTA PRO;CTA PRO A 1-2;Piena potenza;1;19:48:29|CTA PRO A 1-2
952;26/09/2026 19:48:29;;CLIM /;DC09 / R02 / Terrazza tecnica;GF CTA PRO A 1-2 / COMPRESSORE 01 /;Compressore 1: Richiesta /;0;Cambia a 1;Evento;GF CTA PRO;CTA PRO A 1-2;Richiesta;1;19:48:29|CTA PRO A 1-2
953;26/09/2026 19:48:38;;CLIM /;DC09 / R02 / Terrazza tecnica;GF LT 6 / COMPRESSORE 02 /;Compressore 3 modalita operativa /;0;Cambia a 1;Evento;GF LT;LT 6;Modalità operativa;1;19:48:38|LT 6
954;26/09/2026 19:48:38;;CLIM /;DC09 / R02 / Terrazza tecnica;GF LT 6 / COMPRESSORE 03 /;Compressore 3: Acceso step 1 /;0;Cambia a 1;Evento;GF LT;LT 6;Acceso step;1;19:48:38|LT 6
955;26/09/2026 19:48:38;;CLIM /;DC09 / R02 / Terrazza tecnica;GF LT 6 / COMPRESSORE 03 /;Compressore 1: Piena potenza /;0;Cambia a 1;Evento;GF LT;LT 6;Piena potenza;1;19:48:38|LT 6
956;26/09/2026 19:48:38;;CLIM /;DC09 / R02 / Terrazza tecnica;GF LT 6 / COMPRESSORE 03 /;Compressore 1: Richiesta /;0;Cambia a 1;Evento;GF LT;LT 6;Richiesta;1;19:48:38|LT 6
957;26/09/2026 19:48:40;;CLIM /;DC09 / R02 / Terrazza tecnica;GF LT 4 / COMPRESSORE 02 /;Compressore 2 modalita operativa /;0;Cambia a 1;Evento;GF LT;LT 4;Modalità operativa;1;19:48:40|LT 4
958;26/09/2026 19:48:40;;CLIM /;DC09 / R02 / Terrazza tecnica;GF LT 4 / COMPRESSORE 02 /;Compressore 1: Piena potenza /;0;Cambia a 1;Evento;GF LT;LT 4;Piena potenza;1;19:48:40|LT 4
959;26/09/2026 19:49:04;;CLIM /;DC09 / R02 / Terrazza tecnica;GF LT 2 / COMPRESSORE 01 /;Compressore 1 modalita operativa /;0;Cambia a 1;Evento;GF LT;LT 2;Modalità operativa;1;19:49:04|LT 2
960;26/09/2026 19:49:04;;CLIM /;DC09 / R02 / Terrazza tecnica;GF LT 2 / COMPRESSORE 01 /;Compressore 1: Acceso step 1 /;0;Cambia a 1;Evento;GF LT;LT 2;Acceso step;1;19:49:04|LT 2
961;26/09/2026 19:49:04;;CLIM /;DC09 / R02 / Terrazza tecnica;GF LT 2 / COMPRESSORE 01 /;Compressore 1: Piena potenza /;0;Cambia a 1;Evento;GF LT;LT 2;Piena potenza;1;19:49:04|LT 2
962;26/09/2026 19:49:04;;CLIM /;DC09 / R02 / Terrazza tecnica;GF LT 2 / COMPRESSORE 01 /;Compressore 1: Richiesta /;0;Cambia a 1;Evento;GF LT;LT 2;Richiesta;1;19:49:04|LT 2
963;26/09/2026 19:49:17;;CLIM /;DC09 / R02 / Terrazza tecnica;GF CTA PRO B 3-4 / COMPRESSORE 01 /;Compressore 1: Acceso step 1 /;0;Cambia a 1;Evento;GF CTA PRO;CTA PRO B 3-4;Acceso step;1;19:49:17|CTA PRO B 3-4
964;26/09/2026 19:49:17;;CLIM /;DC09 / R02 / Terrazza tecnica;GF CTA PRO B 3-4 / COMPRESSORE 01 /;Compressore 1: Richiesta /;0;Cambia a 1;Evento;GF CTA PRO;CTA PRO B 3-4;Richiesta;1;19:49:17|CTA PRO B 3-4
965;26/09/2026 19:49:36;;CLIM /;DC09 / R02 / Terrazza tecnica;GF LT 6 / COMPRESSORE 03 /;Compressore 4 modalita operativa /;0;Cambia a 0;Evento;GF LT;LT 6;Modalità operativa;0;19:49:36|LT 6
966;26/09/2026 19:49:36;;CLIM /;DC09 / R02 / Terrazza tecnica;GF LT 6 / COMPRESSORE 04 /;Compressore 4: Acceso step 1 /;0;Cambia a 0;Evento;GF LT;LT 6;Acceso step;0;19:49:36|LT 6
967;26/09/2026 19:49:36;;CLIM /;DC09 / R02 / Terrazza tecnica;GF LT 6 / COMPRESSORE 04 /;Compressore 1: Piena potenza /;0;Cambia a 0;Evento;GF LT;LT 6;Piena potenza;0;19:49:36|LT 6
968;26/09/2026 19:49:36;;CLIM /;DC09 / R02 / Terrazza tecnica;GF LT 6 / COMPRESSORE 04 /;Compressore 4: Richiesta /;0;Cambia a 0;Evento;GF LT;LT 6;Richiesta;0;19:49:36|LT 6
969;26/09/2026 19:49:37;;CLIM /;DC09 / R02 / Terrazza tecnica;GF CTA PRO B 3-4 / COMPRESSORE 01 /;Compressore 1: Stato operativo /;0;Cambia a 1;Evento;GF CTA PRO;CTA PRO B 3-4;Stato operativo;1;19:49:37|CTA PRO B 3-4
970;26/09/2026 19:49:37;;CLIM /;DC09 / R02 / Terrazza tecnica;GF CTA PRO B 3-4 / COMPRESSORE 01 /;Compressore 1: Piena potenza /;0;Cambia a 1;Evento;GF CTA PRO;CTA PRO B 3-4;Piena potenza;1;19:49:37|CTA PRO B 3-4
971;26/09/2026 19:49:57;;CLIM /;DC09 / R02 / SALA DATI B1/B3;GF FW B1-B3.5 / COMPRESSORE 02 /;Compressore 2: Pompa spenta /;0;Cambia a 1;Evento;GF FW;FW B1-B3.5;Pompa spenta;1;19:49:57|FW B1-B3.5
972;26/09/2026 19:49:57;;CLIM /;DC09 / R02 / SALA DATI B1/B3;GF FW B1-B3.5 / COMPRESSORE 02 /;Compressore 2: Acceso step 2 /;0;Cambia a 0;Evento;GF FW;FW B1-B3.5;Acceso step;0;19:49:57|FW B1-B3.5
973;26/09/2026 19:50:01;;CLIM /;DC09 / R02 / SALA DATI B1/B3;GF FW B1-B3.5 / COMPRESSORE 02 /;Stato di funzionamento compressore 2 /;0;Cambia a 0;Evento;GF FW;FW B1-B3.5;Stato funzionamento;0;19:50:01|FW B1-B3.5
974;26/09/2026 19:50:01;;CLIM /;DC09 / R02 / SALA DATI B1/B3;GF FW B1-B3.5 / COMPRESSORE 02 /;Compressore 2: Pompa spenta /;0;Cambia a 0;Evento;GF FW;FW B1-B3.5;Pompa spenta;0;19:50:01|FW B1-B3.5
975;26/09/2026 19:50:01;;CLIM /;DC09 / R02 / SALA DATI B1/B3;GF FW B1-B3.5 / COMPRESSORE 02 /;Compressore 2: Acceso step 2 /;0;Cambia a 1;Evento;GF FW;FW B1-B3.5;Acceso step;1;19:50:01|FW B1-B3.5
976;26/09/2026 19:50:01;;CLIM /;DC09 / R02 / SALA DATI B1/B3;GF FW B1-B3.5 / COMPRESSORE 02 /;Compressore 2: Piena potenza /;0;Cambia a 0;Evento;GF FW;FW B1-B3.5;Piena potenza;0;19:50:01|FW B1-B3.5
977;26/09/2026 19:50:01;;CLIM /;DC09 / R02 / SALA DATI B1/B3;GF FW B1-B3.5 / COMPRESSORE 02 /;Compressore 2: Richiesta /;0;Cambia a 0;Evento;GF FW;FW B1-B3.5;Richiesta;0;19:50:01|FW B1-B3.5
978;26/09/2026 19:50:02;;CLIM /;DC09 / R02 / Terrazza tecnica;GF CTA PRO B 1-2 / COMPRESSORE 02 /;Compressore 2: Stato operativo /;0;Cambia a 0;Evento;GF CTA PRO;CTA PRO B 1-2;Stato operativo;0;19:50:02|CTA PRO B 1-2
979;26/09/2026 19:50:02;;CLIM /;DC09 / R02 / Terrazza tecnica;GF CTA PRO B 1-2 / COMPRESSORE 02 /;Compressore 2: Acceso step 1 /;0;Cambia a 0;Evento;GF CTA PRO;CTA PRO B 1-2;Acceso step;0;19:50:02|CTA PRO B 1-2
980;26/09/2026 19:50:02;;CLIM /;DC09 / R02 / Terrazza tecnica;GF CTA PRO B 1-2 / COMPRESSORE 02 /;Compressore 2: Piena potenza /;0;Cambia a 0;Evento;GF CTA PRO;CTA PRO B 1-2;Piena potenza;0;19:50:02|CTA PRO B 1-2
981;26/09/2026 19:50:02;;CLIM /;DC09 / R02 / Terrazza tecnica;GF CTA PRO B 1-2 / COMPRESSORE 02 /;Compressore 2: Richiesta /;0;Cambia a 0;Evento;GF CTA PRO;CTA PRO B 1-2;Richiesta;0;19:50:02|CTA PRO B 1-2
982;26/09/2026 19:50:03;;CLIM /;DC09 / R02 / Terrazza tecnica;GF LT 2 / COMPRESSORE 02 /;Compressore 2 modalita operativa /;0;Cambia a 0;Evento;GF LT;LT 2;Modalità operativa;0;19:50:03|LT 2
983;26/09/2026 19:50:03;;CLIM /;DC09 / R02 / Terrazza tecnica;GF LT 2 / COMPRESSORE 02 /;Compressore 2: Acceso step 1 /;0;Cambia a 0;Evento;GF LT;LT 2;Acceso step;0;19:50:03|LT 2
984;26/09/2026 19:50:03;;CLIM /;DC09 / R02 / Terrazza tecnica;GF LT 2 / COMPRESSORE 02 /;Compressore 1: Piena potenza /;0;Cambia a 0;Evento;GF LT;LT 2;Piena potenza;0;19:50:03|LT 2
985;26/09/2026 19:50:03;;CLIM /;DC09 / R02 / Terrazza tecnica;GF LT 2 / COMPRESSORE 02 /;Compressore 1: Richiesta /;0;Cambia a 0;Evento;GF LT;LT 2;Richiesta;0;19:50:03|LT 2
986;26/09/2026 19:50:03;;CLIM /;DC09 / R02 / Terrazza tecnica;GF LT 5 / COMPRESSORE 02 /;Compressore 2 modalita operativa /;0;Cambia a 0;Evento;GF LT;LT 5;Modalità operativa;0;19:50:03|LT 5
987;26/09/2026 19:50:03;;CLIM /;DC09 / R02 / Terrazza tecnica;GF LT 5 / COMPRESSORE 02 /;Compressore 2: Acceso step 1 /;0;Cambia a 0;Evento;GF LT;LT 5;Acceso step;0;19:50:03|LT 5
988;26/09/2026 19:50:03;;CLIM /;DC09 / R02 / Terrazza tecnica;GF LT 5 / COMPRESSORE 02 /;Compressore 1: Piena potenza /;0;Cambia a 0;Evento;GF LT;LT 5;Piena potenza;0;19:50:03|LT 5
989;26/09/2026 19:50:03;;CLIM /;DC09 / R02 / Terrazza tecnica;GF LT 5 / COMPRESSORE 02 /;Compressore 1: Richiesta /;0;Cambia a 0;Evento;GF LT;LT 5;Richiesta;0;19:50:03|LT 5
990;26/09/2026 19:51:06;;CLIM /;DC09 / R02 / Terrazza tecnica;GF CTA PRO A 1-2 / COMPRESSORE 01 /;Compressore 1: Stato operativo /;0;Cambia a 0;Evento;GF CTA PRO;CTA PRO A 1-2;Stato operativo;0;19:51:06|CTA PRO A 1-2
991;26/09/2026 19:51:06;;CLIM /;DC09 / R02 / Terrazza tecnica;GF CTA PRO A 1-2 / COMPRESSORE 01 /;Compressore 1: Acceso step 1 /;0;Cambia a 0;Evento;GF CTA PRO;CTA PRO A 1-2;Acceso step;0;19:51:06|CTA PRO A 1-2
992;26/09/2026 19:51:06;;CLIM /;DC09 / R02 / Terrazza tecnica;GF CTA PRO A 1-2 / COMPRESSORE 01 /;Compressore 1: Piena potenza /;0;Cambia a 0;Evento;GF CTA PRO;CTA PRO A 1-2;Piena potenza;0;19:51:06|CTA PRO A 1-2
993;26/09/2026 19:51:06;;CLIM /;DC09 / R02 / Terrazza tecnica;GF CTA PRO A 1-2 / COMPRESSORE 01 /;Compressore 1: Richiesta /;0;Cambia a 0;Evento;GF CTA PRO;CTA PRO A 1-2;Richiesta;0;19:51:06|CTA PRO A 1-2
994;26/09/2026 19:51:18;;CLIM /;DC09 / R02 / Terrazza tecnica;GF LT 4 / COMPRESSORE 01 /;Compressore 1 modalita operativa /;0;Cambia a 1;Evento;GF LT;LT 4;Modalità operativa;1;19:51:18|LT 4
995;26/09/2026 19:51:18;;CLIM /;DC09 / R02 / Terrazza tecnica;GF LT 4 / COMPRESSORE 01 /;Compressore 1: Acceso step 1 /;0;Cambia a 1;Evento;GF LT;LT 4;Acceso step;1;19:51:18|LT 4
996;26/09/2026 19:51:18;;CLIM /;DC09 / R02 / Terrazza tecnica;GF LT 4 / COMPRESSORE 01 /;Compressore 1: Piena potenza /;0;Cambia a 1;Evento;GF LT;LT 4;Piena potenza;1;19:51:18|LT 4
997;26/09/2026 19:51:18;;CLIM /;DC09 / R02 / Terrazza tecnica;GF LT 4 / COMPRESSORE 01 /;Compressore 1: Richiesta /;0;Cambia a 1;Evento;GF LT;LT 4;Richiesta;1;19:51:18|LT 4
998;26/09/2026 19:51:37;;CLIM /;DC09 / R02 / SALA DATI A1/A3;GF FW A1-A3.1 / COMPRESSORE 01 /;Compressore 1: Freecooling /;0;Cambia a 1;Evento;GF FW;FW A1-A3.1;Freecooling;1;19:51:37|FW A1-A3.1
999;26/09/2026 19:51:37;;CLIM /;DC09 / R02 / SALA DATI A1/A3;GF FW A1-A3.1 / COMPRESSORE 02 /;Compressore 2: Freecooling /;0;Cambia a 1;Evento;GF FW;FW A1-A3.1;Freecooling;1;19:51:37|FW A1-A3.1
1000;26/09/2026 19:51:41;;CLIM /;DC09 / R02 / Terrazza tecnica;GF LT 2 / COMPRESSORE 03 /;Compressore 4 modalita operativa /;0;Cambia a 0;Evento;GF LT;LT 2;Modalità operativa;0;19:51:41|LT 2
1001;26/09/2026 19:51:41;;CLIM /;DC09 / R02 / Terrazza tecnica;GF LT 2 / COMPRESSORE 04 /;Compressore 4: Acceso step 1 /;0;Cambia a 0;Evento;GF LT;LT 2;Acceso step;0;19:51:41|LT 2
1002;26/09/2026 19:51:41;;CLIM /;DC09 / R02 / Terrazza tecnica;GF LT 2 / COMPRESSORE 04 /;Compressore 1: Piena potenza /;0;Cambia a 0;Evento;GF LT;LT 2;Piena potenza;0;19:51:41|LT 2
1003;26/09/2026 19:51:41;;CLIM /;DC09 / R02 / Terrazza tecnica;GF LT 2 / COMPRESSORE 04 /;Compressore 4: Richiesta /;0;Cambia a 0;Evento;GF LT;LT 2;Richiesta;0;19:51:41|LT 2
1004;26/09/2026 19:52:16;;CLIM /;DC09 / R02 / Terrazza tecnica;GF LT 4 / COMPRESSORE 01 /;Compressore 1 modalita operativa /;0;Cambia a 0;Evento;GF LT;LT 4;Modalità operativa;0;19:52:16|LT 4
1005;26/09/2026 19:52:16;;CLIM /;DC09 / R02 / Terrazza tecnica;GF LT 4 / COMPRESSORE 01 /;Compressore 1: Acceso step 1 /;0;Cambia a 0;Evento;GF LT;LT 4;Acceso step;0;19:52:16|LT 4
1006;26/09/2026 19:52:16;;CLIM /;DC09 / R02 / Terrazza tecnica;GF LT 4 / COMPRESSORE 01 /;Compressore 1: Piena potenza /;0;Cambia a 0;Evento;GF LT;LT 4;Piena potenza;0;19:52:16|LT 4
1007;26/09/2026 19:52:16;;CLIM /;DC09 / R02 / Terrazza tecnica;GF LT 4 / COMPRESSORE 01 /;Compressore 1: Richiesta /;0;Cambia a 0;Evento;GF LT;LT 4;Richiesta;0;19:52:16|LT 4
1008;26/09/2026 19:52:16;;CLIM /;DC09 / R02 / Terrazza tecnica;GF LT 4 / COMPRESSORE 02 /;Compressore 2 modalita operativa /;0;Cambia a 0;Evento;GF LT;LT 4;Modalità operativa;0;19:52:16|LT 4
1009;26/09/2026 19:52:16;;CLIM /;DC09 / R02 / Terrazza tecnica;GF LT 4 / COMPRESSORE 02 /;Compressore 2: Acceso step 1 /;0;Cambia a 0;Evento;GF LT;LT 4;Acceso step;0;19:52:16|LT 4
1010;26/09/2026 19:52:16;;CLIM /;DC09 / R02 / Terrazza tecnica;GF LT 4 / COMPRESSORE 02 /;Compressore 1: Piena potenza /;0;Cambia a 0;Evento;GF LT;LT 4;Piena potenza;0;19:52:16|LT 4
1011;26/09/2026 19:52:16;;CLIM /;DC09 / R02 / Terrazza tecnica;GF LT 4 / COMPRESSORE 02 /;Compressore 1: Richiesta /;0;Cambia a 0;Evento;GF LT;LT 4;Richiesta;0;19:52:16|LT 4
1012;26/09/2026 19:52:21;;CLIM /;DC09 / R02 / SALA DATI B2/B4;GF FW B2-B4.3 / COMPRESSORE 01 /;Compressore 1: Freecooling /;0;Cambia a 1;Evento;GF FW;FW B2-B4.3;Freecooling;1;19:52:21|FW B2-B4.3
1013;26/09/2026 19:52:21;;CLIM /;DC09 / R02 / SALA DATI B2/B4;GF FW B2-B4.3 / COMPRESSORE 02 /;Compressore 2: Freecooling /;0;Cambia a 1;Evento;GF FW;FW B2-B4.3;Freecooling;1;19:52:21|FW B2-B4.3
1014;26/09/2026 19:53:32;;CLIM /;DC09 / R02 / Terrazza tecnica;GF LT 6 / COMPRESSORE 02 /;Compressore 3 modalita operativa /;0;Cambia a 0;Evento;GF LT;LT 6;Modalità operativa;0;19:53:32|LT 6
1015;26/09/2026 19:53:32;;CLIM /;DC09 / R02 / Terrazza tecnica;GF LT 6 / COMPRESSORE 03 /;Compressore 3: Acceso step 1 /;0;Cambia a 0;Evento;GF LT;LT 6;Acceso step;0;19:53:32|LT 6
1016;26/09/2026 19:53:32;;CLIM /;DC09 / R02 / Terrazza tecnica;GF LT 6 / COMPRESSORE 03 /;Compressore 1: Piena potenza /;0;Cambia a 0;Evento;GF LT;LT 6;Piena potenza;0;19:53:32|LT 6
1017;26/09/2026 19:53:32;;CLIM /;DC09 / R02 / Terrazza tecnica;GF LT 6 / COMPRESSORE 03 /;Compressore 1: Richiesta /;0;Cambia a 0;Evento;GF LT;LT 6;Richiesta;0;19:53:32|LT 6
1018;26/09/2026 19:54:31;;CLIM /;DC09 / R02 / Terrazza tecnica;GF CTA PRO B 3-4 / COMPRESSORE 01 /;Compressore 1: Stato operativo /;0;Cambia a 0;Evento;GF CTA PRO;CTA PRO B 3-4;Stato operativo;0;19:54:31|CTA PRO B 3-4
1019;26/09/2026 19:54:31;;CLIM /;DC09 / R02 / Terrazza tecnica;GF CTA PRO B 3-4 / COMPRESSORE 01 /;Compressore 1: Acceso step 1 /;0;Cambia a 0;Evento;GF CTA PRO;CTA PRO B 3-4;Acceso step;0;19:54:31|CTA PRO B 3-4
1020;26/09/2026 19:54:31;;CLIM /;DC09 / R02 / Terrazza tecnica;GF CTA PRO B 3-4 / COMPRESSORE 01 /;Compressore 1: Piena potenza /;0;Cambia a 0;Evento;GF CTA PRO;CTA PRO B 3-4;Piena potenza;0;19:54:31|CTA PRO B 3-4
1021;26/09/2026 19:54:31;;CLIM /;DC09 / R02 / Terrazza tecnica;GF CTA PRO B 3-4 / COMPRESSORE 01 /;Compressore 1: Richiesta /;0;Cambia a 0;Evento;GF CTA PRO;CTA PRO B 3-4;Richiesta;0;19:54:31|CTA PRO B 3-4
1022;26/09/2026 19:55:30;;CLIM /;DC09 / R02 / Terrazza tecnica;GF LT 6 / COMPRESSORE 03 /;Compressore 4 modalita operativa /;0;Cambia a 1;Evento;GF LT;LT 6;Modalità operativa;1;19:55:30|LT 6
1023;26/09/2026 19:55:30;;CLIM /;DC09 / R02 / Terrazza tecnica;GF LT 6 / COMPRESSORE 04 /;Compressore 4: Acceso step 1 /;0;Cambia a 1;Evento;GF LT;LT 6;Acceso step;1;19:55:30|LT 6
1024;26/09/2026 19:55:30;;CLIM /;DC09 / R02 / Terrazza tecnica;GF LT 6 / COMPRESSORE 04 /;Compressore 1: Piena potenza /;0;Cambia a 1;Evento;GF LT;LT 6;Piena potenza;1;19:55:30|LT 6
1025;26/09/2026 19:55:30;;CLIM /;DC09 / R02 / Terrazza tecnica;GF LT 6 / COMPRESSORE 04 /;Compressore 4: Richiesta /;0;Cambia a 1;Evento;GF LT;LT 6;Richiesta;1;19:55:30|LT 6
1026;26/09/2026 19:56:34;;CLIM /;DC09 / R02 / Terrazza tecnica;GF LT 2 / COMPRESSORE 02 /;Compressore 3 modalita operativa /;0;Cambia a 1;Evento;GF LT;LT 2;Modalità operativa;1;19:56:34|LT 2
1027;26/09/2026 19:56:34;;CLIM /;DC09 / R02 / Terrazza tecnica;GF LT 2 / COMPRESSORE 03 /;Compressore 3: Acceso step 1 /;0;Cambia a 1;Evento;GF LT;LT 2;Acceso step;1;19:56:34|LT 2
1028;26/09/2026 19:56:34;;CLIM /;DC09 / R02 / Terrazza tecnica;GF LT 2 / COMPRESSORE 03 /;Compressore 1: Piena potenza /;0;Cambia a 1;Evento;GF LT;LT 2;Piena potenza;1;19:56:34|LT 2
1029;26/09/2026 19:56:34;;CLIM /;DC09 / R02 / Terrazza tecnica;GF LT 2 / COMPRESSORE 03 /;Compressore 1: Richiesta /;0;Cambia a 1;Evento;GF LT;LT 2;Richiesta;1;19:56:34|LT 2
1030;26/09/2026 19:56:52;;CLIM /;DC09 / R02 / Terrazza tecnica;GF LT 4 / COMPRESSORE 03 /;Compressore 4 modalita operativa /;0;Cambia a 1;Evento;GF LT;LT 4;Modalità operativa;1;19:56:52|LT 4
1031;26/09/2026 19:56:52;;CLIM /;DC09 / R02 / Terrazza tecnica;GF LT 4 / COMPRESSORE 04 /;Compressore 4: Acceso step 1 /;0;Cambia a 1;Evento;GF LT;LT 4;Acceso step;1;19:56:52|LT 4
1032;26/09/2026 19:56:52;;CLIM /;DC09 / R02 / Terrazza tecnica;GF LT 4 / COMPRESSORE 04 /;Compressore 1: Piena potenza /;0;Cambia a 1;Evento;GF LT;LT 4;Piena potenza;1;19:56:52|LT 4
1033;26/09/2026 19:56:52;;CLIM /;DC09 / R02 / Terrazza tecnica;GF LT 4 / COMPRESSORE 04 /;Compressore 4: Richiesta /;0;Cambia a 1;Evento;GF LT;LT 4;Richiesta;1;19:56:52|LT 4
1034;26/09/2026 19:57:11;;CLIM /;DC09 / R02 / SALA DATI B1/B3;GF FW B1-B3.2 / COMPRESSORE 01 /;Compressore 1: Pompa spenta /;0;Cambia a 1;Evento;GF FW;FW B1-B3.2;Pompa spenta;1;19:57:11|FW B1-B3.2
1035;26/09/2026 19:57:15;;CLIM /;DC09 / R02 / SALA DATI B1/B3;GF FW B1-B3.2 / COMPRESSORE 01 /;Stato di funzionamento compressore 1 /;0;Cambia a 0;Evento;GF FW;FW B1-B3.2;Stato funzionamento;0;19:57:15|FW B1-B3.2
1036;26/09/2026 19:57:15;;CLIM /;DC09 / R02 / SALA DATI B1/B3;GF FW B1-B3.2 / COMPRESSORE 01 /;Compressore 1: Pompa spenta /;0;Cambia a 0;Evento;GF FW;FW B1-B3.2;Pompa spenta;0;19:57:15|FW B1-B3.2
1037;26/09/2026 19:57:15;;CLIM /;DC09 / R02 / SALA DATI B1/B3;GF FW B1-B3.2 / COMPRESSORE 01 /;Compressore 1: Piena potenza /;0;Cambia a 0;Evento;GF FW;FW B1-B3.2;Piena potenza;0;19:57:15|FW B1-B3.2
1038;26/09/2026 19:57:15;;CLIM /;DC09 / R02 / SALA DATI B1/B3;GF FW B1-B3.2 / COMPRESSORE 01 /;Compressore 1: Richiesta /;0;Cambia a 0;Evento;GF FW;FW B1-B3.2;Richiesta;0;19:57:15|FW B1-B3.2
1039;26/09/2026 19:58:50;;CLIM /;DC09 / R02 / Terrazza tecnica;GF LT 4 / COMPRESSORE 03 /;Compressore 4 modalita operativa /;0;Cambia a 0;Evento;GF LT;LT 4;Modalità operativa;0;19:58:50|LT 4
1040;26/09/2026 19:58:50;;CLIM /;DC09 / R02 / Terrazza tecnica;GF LT 4 / COMPRESSORE 04 /;Compressore 4: Acceso step 1 /;0;Cambia a 0;Evento;GF LT;LT 4;Acceso step;0;19:58:50|LT 4
1041;26/09/2026 19:58:50;;CLIM /;DC09 / R02 / Terrazza tecnica;GF LT 4 / COMPRESSORE 04 /;Compressore 1: Piena potenza /;0;Cambia a 0;Evento;GF LT;LT 4;Piena potenza;0;19:58:50|LT 4
1042;26/09/2026 19:58:50;;CLIM /;DC09 / R02 / Terrazza tecnica;GF LT 4 / COMPRESSORE 04 /;Compressore 4: Richiesta /;0;Cambia a 0;Evento;GF LT;LT 4;Richiesta;0;19:58:50|LT 4
1043;26/09/2026 19:58:51;;CLIM /;DC09 / R02 / Terrazza tecnica;GF CTA PRO B 1-2 / COMPRESSORE 01 /;Compressore 1: Stato operativo /;0;Cambia a 1;Evento;GF CTA PRO;CTA PRO B 1-2;Stato operativo;1;19:58:51|CTA PRO B 1-2
1044;26/09/2026 19:58:51;;CLIM /;DC09 / R02 / Terrazza tecnica;GF CTA PRO B 1-2 / COMPRESSORE 01 /;Compressore 1: Acceso step 1 /;0;Cambia a 1;Evento;GF CTA PRO;CTA PRO B 1-2;Acceso step;1;19:58:51|CTA PRO B 1-2
1045;26/09/2026 19:58:51;;CLIM /;DC09 / R02 / Terrazza tecnica;GF CTA PRO B 1-2 / COMPRESSORE 01 /;Compressore 1: Piena potenza /;0;Cambia a 1;Evento;GF CTA PRO;CTA PRO B 1-2;Piena potenza;1;19:58:51|CTA PRO B 1-2
1046;26/09/2026 19:58:51;;CLIM /;DC09 / R02 / Terrazza tecnica;GF CTA PRO B 1-2 / COMPRESSORE 01 /;Compressore 1: Richiesta /;0;Cambia a 1;Evento;GF CTA PRO;CTA PRO B 1-2;Richiesta;1;19:58:51|CTA PRO B 1-2
1047;26/09/2026 19:58:57;;CLIM /;DC09 / R02 / Terrazza tecnica;GF CTA PRO A 1-2 / COMPRESSORE 02 /;Compressore 2: Stato operativo /;0;Cambia a 1;Evento;GF CTA PRO;CTA PRO A 1-2;Stato operativo;1;19:58:57|CTA PRO A 1-2
1048;26/09/2026 19:58:57;;CLIM /;DC09 / R02 / Terrazza tecnica;GF CTA PRO A 1-2 / COMPRESSORE 02 /;Compressore 2: Acceso step 1 /;0;Cambia a 1;Evento;GF CTA PRO;CTA PRO A 1-2;Acceso step;1;19:58:57|CTA PRO A 1-2
1049;26/09/2026 19:58:57;;CLIM /;DC09 / R02 / Terrazza tecnica;GF CTA PRO A 1-2 / COMPRESSORE 02 /;Compressore 2: Piena potenza /;0;Cambia a 1;Evento;GF CTA PRO;CTA PRO A 1-2;Piena potenza;1;19:58:57|CTA PRO A 1-2
1050;26/09/2026 19:58:57;;CLIM /;DC09 / R02 / Terrazza tecnica;GF CTA PRO A 1-2 / COMPRESSORE 02 /;Compressore 2: Richiesta /;0;Cambia a 1;Evento;GF CTA PRO;CTA PRO A 1-2;Richiesta;1;19:58:57|CTA PRO A 1-2
1051;26/09/2026 19:59:06;;CLIM /;DC09 / R02 / Terrazza tecnica;GF CTA PRO B 3-4 / COMPRESSORE 02 /;Compressore 2: Stato operativo /;0;Cambia a 1;Evento;GF CTA PRO;CTA PRO B 3-4;Stato operativo;1;19:59:06|CTA PRO B 3-4
1052;26/09/2026 19:59:06;;CLIM /;DC09 / R02 / Terrazza tecnica;GF CTA PRO B 3-4 / COMPRESSORE 02 /;Compressore 2: Acceso step 1 /;0;Cambia a 1;Evento;GF CTA PRO;CTA PRO B 3-4;Acceso step;1;19:59:06|CTA PRO B 3-4
1053;26/09/2026 19:59:06;;CLIM /;DC09 / R02 / Terrazza tecnica;GF CTA PRO B 3-4 / COMPRESSORE 02 /;Compressore 2: Piena potenza /;0;Cambia a 1;Evento;GF CTA PRO;CTA PRO B 3-4;Piena potenza;1;19:59:06|CTA PRO B 3-4
1054;26/09/2026 19:59:06;;CLIM /;DC09 / R02 / Terrazza tecnica;GF CTA PRO B 3-4 / COMPRESSORE 02 /;Compressore 2: Richiesta /;0;Cambia a 1;Evento;GF CTA PRO;CTA PRO B 3-4;Richiesta;1;19:59:06|CTA PRO B 3-4
1055;26/09/2026 19:59:24;;CLIM /;DC09 / R02 / SALA DATI B2/B4;GF FW B2-B4.3 / COMPRESSORE 02 /;Compressore 2: Acceso step 2 /;0;Cambia a 1;Evento;GF FW;FW B2-B4.3;Acceso step;1;19:59:24|FW B2-B4.3
1056;26/09/2026 19:59:24;;CLIM /;DC09 / R02 / SALA DATI B2/B4;GF FW B2-B4.3 / COMPRESSORE 02 /;Compressore 2: Acceso step 1 /;0;Cambia a 0;Evento;GF FW;FW B2-B4.3;Acceso step;0;19:59:24|FW B2-B4.3
1057;26/09/2026 19:59:32;;CLIM /;DC09 / R02 / Terrazza tecnica;GF LT 2 / COMPRESSORE 03 /;Compressore 4 modalita operativa /;0;Cambia a 1;Evento;GF LT;LT 2;Modalità operativa;1;19:59:32|LT 2
1058;26/09/2026 19:59:32;;CLIM /;DC09 / R02 / Terrazza tecnica;GF LT 2 / COMPRESSORE 04 /;Compressore 4: Acceso step 1 /;0;Cambia a 1;Evento;GF LT;LT 2;Acceso step;1;19:59:32|LT 2
1059;26/09/2026 19:59:32;;CLIM /;DC09 / R02 / Terrazza tecnica;GF LT 2 / COMPRESSORE 04 /;Compressore 1: Piena potenza /;0;Cambia a 1;Evento;GF LT;LT 2;Piena potenza;1;19:59:32|LT 2
1060;26/09/2026 19:59:32;;CLIM /;DC09 / R02 / Terrazza tecnica;GF LT 2 / COMPRESSORE 04 /;Compressore 4: Richiesta /;0;Cambia a 1;Evento;GF LT;LT 2;Richiesta;1;19:59:32|LT 2
1061;26/09/2026 20:00:07;;CLIM /;DC09 / R02 / SALA DATI B2/B4;GF FW B2-B4.5 / COMPRESSORE 01 /;Compressore 1: Pompa spenta /;0;Cambia a 1;Evento;GF FW;FW B2-B4.5;Pompa spenta;1;20:00:07|FW B2-B4.5
1062;26/09/2026 20:00:11;;CLIM /;DC09 / R02 / SALA DATI B2/B4;GF FW B2-B4.5 / COMPRESSORE 01 /;Stato di funzionamento compressore 1 /;0;Cambia a 0;Evento;GF FW;FW B2-B4.5;Stato funzionamento;0;20:00:11|FW B2-B4.5
1063;26/09/2026 20:00:11;;CLIM /;DC09 / R02 / SALA DATI B2/B4;GF FW B2-B4.5 / COMPRESSORE 01 /;Compressore 1: Pompa spenta /;0;Cambia a 0;Evento;GF FW;FW B2-B4.5;Pompa spenta;0;20:00:11|FW B2-B4.5
1064;26/09/2026 20:00:11;;CLIM /;DC09 / R02 / SALA DATI B2/B4;GF FW B2-B4.5 / COMPRESSORE 01 /;Compressore 1: Piena potenza /;0;Cambia a 0;Evento;GF FW;FW B2-B4.5;Piena potenza;0;20:00:11|FW B2-B4.5
1065;26/09/2026 20:00:11;;CLIM /;DC09 / R02 / SALA DATI B2/B4;GF FW B2-B4.5 / COMPRESSORE 01 /;Compressore 1: Richiesta /;0;Cambia a 0;Evento;GF FW;FW B2-B4.5;Richiesta;0;20:00:11|FW B2-B4.5
1066;26/09/2026 20:00:50;;CLIM /;DC09 / R02 / Terrazza tecnica;GF LT 2 / COMPRESSORE 02 /;Compressore 3 modalita operativa /;0;Cambia a 0;Evento;GF LT;LT 2;Modalità operativa;0;20:00:50|LT 2
1067;26/09/2026 20:00:50;;CLIM /;DC09 / R02 / Terrazza tecnica;GF LT 2 / COMPRESSORE 03 /;Compressore 3: Acceso step 1 /;0;Cambia a 0;Evento;GF LT;LT 2;Acceso step;0;20:00:50|LT 2
1068;26/09/2026 20:00:50;;CLIM /;DC09 / R02 / Terrazza tecnica;GF LT 2 / COMPRESSORE 03 /;Compressore 1: Piena potenza /;0;Cambia a 0;Evento;GF LT;LT 2;Piena potenza;0;20:00:50|LT 2
1069;26/09/2026 20:00:50;;CLIM /;DC09 / R02 / Terrazza tecnica;GF LT 2 / COMPRESSORE 03 /;Compressore 1: Richiesta /;0;Cambia a 0;Evento;GF LT;LT 2;Richiesta;0;20:00:50|LT 2
1070;26/09/2026 20:01:01;;CLIM /;DC09 / R02 / Terrazza tecnica;GF CTA PRO A 3-4 / COMPRESSORE 01 /;Compressore 1: Stato operativo /;0;Cambia a 1;Evento;GF CTA PRO;CTA PRO A 3-4;Stato operativo;1;20:01:01|CTA PRO A 3-4
1071;26/09/2026 20:01:01;;CLIM /;DC09 / R02 / Terrazza tecnica;GF CTA PRO A 3-4 / COMPRESSORE 01 /;Compressore 1: Acceso step 1 /;0;Cambia a 1;Evento;GF CTA PRO;CTA PRO A 3-4;Acceso step;1;20:01:01|CTA PRO A 3-4
1072;26/09/2026 20:01:01;;CLIM /;DC09 / R02 / Terrazza tecnica;GF CTA PRO A 3-4 / COMPRESSORE 01 /;Compressore 1: Piena potenza /;0;Cambia a 1;Evento;GF CTA PRO;CTA PRO A 3-4;Piena potenza;1;20:01:01|CTA PRO A 3-4
1073;26/09/2026 20:01:01;;CLIM /;DC09 / R02 / Terrazza tecnica;GF CTA PRO A 3-4 / COMPRESSORE 01 /;Compressore 1: Richiesta /;0;Cambia a 1;Evento;GF CTA PRO;CTA PRO A 3-4;Richiesta;1;20:01:01|CTA PRO A 3-4
1074;26/09/2026 20:01:16;;CLIM /;DC09 / R02 / SALA DATI B1/B3;GF FW B1-B3.2 / COMPRESSORE 01 /;Compressore 1: Richiesta /;0;Cambia a 1;Evento;GF FW;FW B1-B3.2;Richiesta;1;20:01:16|FW B1-B3.2
1075;26/09/2026 20:01:18;;CLIM /;DC09 / R02 / SALA DATI B1/B3;GF FW B1-B3.2 / COMPRESSORE 01 /;Stato di funzionamento compressore 1 /;0;Cambia a 1;Evento;GF FW;FW B1-B3.2;Stato funzionamento;1;20:01:18|FW B1-B3.2
1076;26/09/2026 20:01:18;;CLIM /;DC09 / R02 / SALA DATI B1/B3;GF FW B1-B3.2 / COMPRESSORE 01 /;Compressore 1: Piena potenza /;0;Cambia a 1;Evento;GF FW;FW B1-B3.2;Piena potenza;1;20:01:18|FW B1-B3.2
1077;26/09/2026 20:01:27;;CLIM /;DC09 / R02 / Terrazza tecnica;GF LT 4 / COMPRESSORE 02 /;Compressore 2 modalita operativa /;0;Cambia a 1;Evento;GF LT;LT 4;Modalità operativa;1;20:01:27|LT 4
1078;26/09/2026 20:01:27;;CLIM /;DC09 / R02 / Terrazza tecnica;GF LT 4 / COMPRESSORE 02 /;Compressore 2: Acceso step 1 /;0;Cambia a 1;Evento;GF LT;LT 4;Acceso step;1;20:01:27|LT 4
1079;26/09/2026 20:01:27;;CLIM /;DC09 / R02 / Terrazza tecnica;GF LT 4 / COMPRESSORE 02 /;Compressore 1: Piena potenza /;0;Cambia a 1;Evento;GF LT;LT 4;Piena potenza;1;20:01:27|LT 4
1080;26/09/2026 20:01:27;;CLIM /;DC09 / R02 / Terrazza tecnica;GF LT 4 / COMPRESSORE 02 /;Compressore 1: Richiesta /;0;Cambia a 1;Evento;GF LT;LT 4;Richiesta;1;20:01:27|LT 4
1081;26/09/2026 20:01:49;;CLIM /;DC09 / R02 / Terrazza tecnica;GF LT 2 / COMPRESSORE 03 /;Compressore 4 modalita operativa /;0;Cambia a 0;Evento;GF LT;LT 2;Modalità operativa;0;20:01:49|LT 2
1082;26/09/2026 20:01:49;;CLIM /;DC09 / R02 / Terrazza tecnica;GF LT 2 / COMPRESSORE 04 /;Compressore 4: Acceso step 1 /;0;Cambia a 0;Evento;GF LT;LT 2;Acceso step;0;20:01:49|LT 2
1083;26/09/2026 20:01:49;;CLIM /;DC09 / R02 / Terrazza tecnica;GF LT 2 / COMPRESSORE 04 /;Compressore 1: Piena potenza /;0;Cambia a 0;Evento;GF LT;LT 2;Piena potenza;0;20:01:49|LT 2
1084;26/09/2026 20:01:49;;CLIM /;DC09 / R02 / Terrazza tecnica;GF LT 2 / COMPRESSORE 04 /;Compressore 4: Richiesta /;0;Cambia a 0;Evento;GF LT;LT 2;Richiesta;0;20:01:49|LT 2
1085;26/09/2026 20:01:53;;CLIM /;DC09 / R02 / Terrazza tecnica;GF CTA PRO A 1-2 / COMPRESSORE 02 /;Compressore 2: Stato operativo /;0;Cambia a 0;Evento;GF CTA PRO;CTA PRO A 1-2;Stato operativo;0;20:01:53|CTA PRO A 1-2
1086;26/09/2026 20:01:53;;CLIM /;DC09 / R02 / Terrazza tecnica;GF CTA PRO A 1-2 / COMPRESSORE 02 /;Compressore 2: Acceso step 1 /;0;Cambia a 0;Evento;GF CTA PRO;CTA PRO A 1-2;Acceso step;0;20:01:53|CTA PRO A 1-2
1087;26/09/2026 20:01:53;;CLIM /;DC09 / R02 / Terrazza tecnica;GF CTA PRO A 1-2 / COMPRESSORE 02 /;Compressore 2: Piena potenza /;0;Cambia a 0;Evento;GF CTA PRO;CTA PRO A 1-2;Piena potenza;0;20:01:53|CTA PRO A 1-2
1088;26/09/2026 20:01:53;;CLIM /;DC09 / R02 / Terrazza tecnica;GF CTA PRO A 1-2 / COMPRESSORE 02 /;Compressore 2: Richiesta /;0;Cambia a 0;Evento;GF CTA PRO;CTA PRO A 1-2;Richiesta;0;20:01:53|CTA PRO A 1-2
1089;26/09/2026 20:02:18;;CLIM /;DC09 / R02 / SALA DATI B1/B3;GF FW B1-B3.5 / COMPRESSORE 02 /;Compressore 2: Richiesta /;0;Cambia a 1;Evento;GF FW;FW B1-B3.5;Richiesta;1;20:02:18|FW B1-B3.5
1090;26/09/2026 20:02:21;;CLIM /;DC09 / R02 / SALA DATI B1/B3;GF FW B1-B3.5 / COMPRESSORE 02 /;Stato di funzionamento compressore 2 /;0;Cambia a 1;Evento;GF FW;FW B1-B3.5;Stato funzionamento;1;20:02:21|FW B1-B3.5
1091;26/09/2026 20:02:21;;CLIM /;DC09 / R02 / SALA DATI B1/B3;GF FW B1-B3.5 / COMPRESSORE 02 /;Compressore 2: Piena potenza /;0;Cambia a 1;Evento;GF FW;FW B1-B3.5;Piena potenza;1;20:02:21|FW B1-B3.5
1092;26/09/2026 20:02:37;;CLIM /;DC09 / R02 / SALA DATI B1/B3;GF FW B1-B3.5 / COMPRESSORE 02 /;Compressore 2: Acceso step 2 /;0;Cambia a 0;Evento;GF FW;FW B1-B3.5;Acceso step;0;20:02:37|FW B1-B3.5
1093;26/09/2026 20:02:37;;CLIM /;DC09 / R02 / SALA DATI B1/B3;GF FW B1-B3.5 / COMPRESSORE 02 /;Compressore 2: Acceso step 1 /;0;Cambia a 1;Evento;GF FW;FW B1-B3.5;Acceso step;1;20:02:37|FW B1-B3.5
1094;26/09/2026 20:02:48;;CLIM /;DC09 / R02 / Terrazza tecnica;GF LT 2 / COMPRESSORE 01 /;Compressore 1 modalita operativa /;0;Cambia a 0;Evento;GF LT;LT 2;Modalità operativa;0;20:02:48|LT 2
1095;26/09/2026 20:02:48;;CLIM /;DC09 / R02 / Terrazza tecnica;GF LT 2 / COMPRESSORE 01 /;Compressore 1: Acceso step 1 /;0;Cambia a 0;Evento;GF LT;LT 2;Acceso step;0;20:02:48|LT 2
1096;26/09/2026 20:02:48;;CLIM /;DC09 / R02 / Terrazza tecnica;GF LT 2 / COMPRESSORE 01 /;Compressore 1: Piena potenza /;0;Cambia a 0;Evento;GF LT;LT 2;Piena potenza;0;20:02:48|LT 2
1097;26/09/2026 20:02:48;;CLIM /;DC09 / R02 / Terrazza tecnica;GF LT 2 / COMPRESSORE 01 /;Compressore 1: Richiesta /;0;Cambia a 0;Evento;GF LT;LT 2;Richiesta;0;20:02:48|LT 2
1098;26/09/2026 20:03:22;;CLIM /;DC09 / R02 / Terrazza tecnica;GF CTA PRO B 3-4 / COMPRESSORE 02 /;Compressore 2: Stato operativo /;0;Cambia a 0;Evento;GF CTA PRO;CTA PRO B 3-4;Stato operativo;0;20:03:22|CTA PRO B 3-4
1099;26/09/2026 20:03:22;;CLIM /;DC09 / R02 / Terrazza tecnica;GF CTA PRO B 3-4 / COMPRESSORE 02 /;Compressore 2: Acceso step 1 /;0;Cambia a 0;Evento;GF CTA PRO;CTA PRO B 3-4;Acceso step;0;20:03:22|CTA PRO B 3-4
1100;26/09/2026 20:03:22;;CLIM /;DC09 / R02 / Terrazza tecnica;GF CTA PRO B 3-4 / COMPRESSORE 02 /;Compressore 2: Piena potenza /;0;Cambia a 0;Evento;GF CTA PRO;CTA PRO B 3-4;Piena potenza;0;20:03:22|CTA PRO B 3-4
1101;26/09/2026 20:03:22;;CLIM /;DC09 / R02 / Terrazza tecnica;GF CTA PRO B 3-4 / COMPRESSORE 02 /;Compressore 2: Richiesta /;0;Cambia a 0;Evento;GF CTA PRO;CTA PRO B 3-4;Richiesta;0;20:03:22|CTA PRO B 3-4
1102;26/09/2026 20:03:46;;CLIM /;DC09 / R02 / Terrazza tecnica;GF LT 5 / COMPRESSORE 03 /;Compressore 4 modalita operativa /;0;Cambia a 1;Evento;GF LT;LT 5;Modalità operativa;1;20:03:46|LT 5
1103;26/09/2026 20:03:46;;CLIM /;DC09 / R02 / Terrazza tecnica;GF LT 5 / COMPRESSORE 04 /;Compressore 4: Acceso step 1 /;0;Cambia a 1;Evento;GF LT;LT 5;Acceso step;1;20:03:46|LT 5
1104;26/09/2026 20:03:46;;CLIM /;DC09 / R02 / Terrazza tecnica;GF LT 5 / COMPRESSORE 04 /;Compressore 1: Piena potenza /;0;Cambia a 1;Evento;GF LT;LT 5;Piena potenza;1;20:03:46|LT 5
1105;26/09/2026 20:03:46;;CLIM /;DC09 / R02 / Terrazza tecnica;GF LT 5 / COMPRESSORE 04 /;Compressore 4: Richiesta /;0;Cambia a 1;Evento;GF LT;LT 5;Richiesta;1;20:03:46|LT 5
1106;26/09/2026 20:04:06;;CLIM /;DC09 / R02 / Terrazza tecnica;GF LT 5 / COMPRESSORE 02 /;Compressore 3 modalita operativa /;0;Cambia a 1;Evento;GF LT;LT 5;Modalità operativa;1;20:04:06|LT 5
1107;26/09/2026 20:04:06;;CLIM /;DC09 / R02 / Terrazza tecnica;GF LT 5 / COMPRESSORE 03 /;Compressore 3: Acceso step 1 /;0;Cambia a 1;Evento;GF LT;LT 5;Acceso step;1;20:04:06|LT 5
1108;26/09/2026 20:04:06;;CLIM /;DC09 / R02 / Terrazza tecnica;GF LT 5 / COMPRESSORE 03 /;Compressore 1: Piena potenza /;0;Cambia a 1;Evento;GF LT;LT 5;Piena potenza;1;20:04:06|LT 5
1109;26/09/2026 20:04:06;;CLIM /;DC09 / R02 / Terrazza tecnica;GF LT 5 / COMPRESSORE 03 /;Compressore 1: Richiesta /;0;Cambia a 1;Evento;GF LT;LT 5;Richiesta;1;20:04:06|LT 5
1110;26/09/2026 20:04:27;;CLIM /;DC09 / R02 / Terrazza tecnica;GF LT 2 / COMPRESSORE 02 /;Compressore 2 modalita operativa /;0;Cambia a 1;Evento;GF LT;LT 2;Modalità operativa;1;20:04:27|LT 2
1111;26/09/2026 20:04:27;;CLIM /;DC09 / R02 / Terrazza tecnica;GF LT 2 / COMPRESSORE 02 /;Compressore 2: Acceso step 1 /;0;Cambia a 1;Evento;GF LT;LT 2;Acceso step;1;20:04:27|LT 2
1112;26/09/2026 20:04:27;;CLIM /;DC09 / R02 / Terrazza tecnica;GF LT 2 / COMPRESSORE 02 /;Compressore 1: Piena potenza /;0;Cambia a 1;Evento;GF LT;LT 2;Piena potenza;1;20:04:27|LT 2
1113;26/09/2026 20:04:27;;CLIM /;DC09 / R02 / Terrazza tecnica;GF LT 2 / COMPRESSORE 02 /;Compressore 1: Richiesta /;0;Cambia a 1;Evento;GF LT;LT 2;Richiesta;1;20:04:27|LT 2
1114;26/09/2026 20:04:42;;CLIM /;DC09 / R02 / SALA DATI B2/B4;GF FW B2-B4.5 / COMPRESSORE 01 /;Compressore 1: Richiesta /;0;Cambia a 1;Evento;GF FW;FW B2-B4.5;Richiesta;1;20:04:42|FW B2-B4.5
1115;26/09/2026 20:04:44;;CLIM /;DC09 / R02 / Terrazza tecnica;GF LT 4 / COMPRESSORE 02 /;Compressore 2 modalita operativa /;0;Cambia a 0;Evento;GF LT;LT 4;Modalità operativa;0;20:04:44|LT 4
1116;26/09/2026 20:04:44;;CLIM /;DC09 / R02 / Terrazza tecnica;GF LT 4 / COMPRESSORE 02 /;Compressore 2: Acceso step 1 /;0;Cambia a 0;Evento;GF LT;LT 4;Acceso step;0;20:04:44|LT 4
1117;26/09/2026 20:04:44;;CLIM /;DC09 / R02 / Terrazza tecnica;GF LT 4 / COMPRESSORE 02 /;Compressore 1: Piena potenza /;0;Cambia a 0;Evento;GF LT;LT 4;Piena potenza;0;20:04:44|LT 4
1118;26/09/2026 20:04:44;;CLIM /;DC09 / R02 / Terrazza tecnica;GF LT 4 / COMPRESSORE 02 /;Compressore 1: Richiesta /;0;Cambia a 0;Evento;GF LT;LT 4;Richiesta;0;20:04:44|LT 4
1119;26/09/2026 20:04:44;;CLIM /;DC09 / R02 / SALA DATI B2/B4;GF FW B2-B4.5 / COMPRESSORE 01 /;Stato di funzionamento compressore 1 /;0;Cambia a 1;Evento;GF FW;FW B2-B4.5;Stato funzionamento;1;20:04:44|FW B2-B4.5
1120;26/09/2026 20:04:44;;CLIM /;DC09 / R02 / SALA DATI B2/B4;GF FW B2-B4.5 / COMPRESSORE 01 /;Compressore 1: Piena potenza /;0;Cambia a 1;Evento;GF FW;FW B2-B4.5;Piena potenza;1;20:04:44|FW B2-B4.5
1121;26/09/2026 20:05:05;;CLIM /;DC09 / R02 / Terrazza tecnica;GF LT 5 / COMPRESSORE 03 /;Compressore 4 modalita operativa /;0;Cambia a 0;Evento;GF LT;LT 5;Modalità operativa;0;20:05:05|LT 5
1122;26/09/2026 20:05:05;;CLIM /;DC09 / R02 / Terrazza tecnica;GF LT 5 / COMPRESSORE 04 /;Compressore 4: Acceso step 1 /;0;Cambia a 0;Evento;GF LT;LT 5;Acceso step;0;20:05:05|LT 5
1123;26/09/2026 20:05:05;;CLIM /;DC09 / R02 / Terrazza tecnica;GF LT 5 / COMPRESSORE 04 /;Compressore 1: Piena potenza /;0;Cambia a 0;Evento;GF LT;LT 5;Piena potenza;0;20:05:05|LT 5
1124;26/09/2026 20:05:05;;CLIM /;DC09 / R02 / Terrazza tecnica;GF LT 5 / COMPRESSORE 04 /;Compressore 4: Richiesta /;0;Cambia a 0;Evento;GF LT;LT 5;Richiesta;0;20:05:05|LT 5
1125;26/09/2026 20:05:14;;CLIM /;DC09 / R02 / Terrazza tecnica;GF CTA PRO A 3-4 / COMPRESSORE 01 /;Compressore 1: Stato operativo /;0;Cambia a 0;Evento;GF CTA PRO;CTA PRO A 3-4;Stato operativo;0;20:05:14|CTA PRO A 3-4
1126;26/09/2026 20:05:14;;CLIM /;DC09 / R02 / Terrazza tecnica;GF CTA PRO A 3-4 / COMPRESSORE 01 /;Compressore 1: Acceso step 1 /;0;Cambia a 0;Evento;GF CTA PRO;CTA PRO A 3-4;Acceso step;0;20:05:14|CTA PRO A 3-4
1127;26/09/2026 20:05:14;;CLIM /;DC09 / R02 / Terrazza tecnica;GF CTA PRO A 3-4 / COMPRESSORE 01 /;Compressore 1: Piena potenza /;0;Cambia a 0;Evento;GF CTA PRO;CTA PRO A 3-4;Piena potenza;0;20:05:14|CTA PRO A 3-4
1128;26/09/2026 20:05:14;;CLIM /;DC09 / R02 / Terrazza tecnica;GF CTA PRO A 3-4 / COMPRESSORE 01 /;Compressore 1: Richiesta /;0;Cambia a 0;Evento;GF CTA PRO;CTA PRO A 3-4;Richiesta;0;20:05:14|CTA PRO A 3-4
1129;26/09/2026 20:05:22;;CLIM /;DC09 / R02 / SALA DATI B1/B3;GF FW B1-B3.5 / COMPRESSORE 01 /;Compressore 1: Freecooling /;0;Cambia a 1;Evento;GF FW;FW B1-B3.5;Freecooling;1;20:05:22|FW B1-B3.5
1130;26/09/2026 20:05:22;;CLIM /;DC09 / R02 / SALA DATI B1/B3;GF FW B1-B3.5 / COMPRESSORE 02 /;Compressore 2: Freecooling /;0;Cambia a 1;Evento;GF FW;FW B1-B3.5;Freecooling;1;20:05:22|FW B1-B3.5
1131;26/09/2026 20:06:37;;CLIM /;DC09 / R02 / Terrazza tecnica;GF LT 6 / COMPRESSORE 02 /;Compressore 3 modalita operativa /;0;Cambia a 1;Evento;GF LT;LT 6;Modalità operativa;1;20:06:37|LT 6
1132;26/09/2026 20:06:37;;CLIM /;DC09 / R02 / Terrazza tecnica;GF LT 6 / COMPRESSORE 03 /;Compressore 3: Acceso step 1 /;0;Cambia a 1;Evento;GF LT;LT 6;Acceso step;1;20:06:37|LT 6
1133;26/09/2026 20:06:37;;CLIM /;DC09 / R02 / Terrazza tecnica;GF LT 6 / COMPRESSORE 03 /;Compressore 1: Piena potenza /;0;Cambia a 1;Evento;GF LT;LT 6;Piena potenza;1;20:06:37|LT 6
1134;26/09/2026 20:06:37;;CLIM /;DC09 / R02 / Terrazza tecnica;GF LT 6 / COMPRESSORE 03 /;Compressore 1: Richiesta /;0;Cambia a 1;Evento;GF LT;LT 6;Richiesta;1;20:06:37|LT 6
1135;26/09/2026 20:06:42;;CLIM /;DC09 / R02 / Terrazza tecnica;GF CTA PRO B 1-2 / COMPRESSORE 01 /;Compressore 1: Stato operativo /;0;Cambia a 0;Evento;GF CTA PRO;CTA PRO B 1-2;Stato operativo;0;20:06:42|CTA PRO B 1-2
1136;26/09/2026 20:06:42;;CLIM /;DC09 / R02 / Terrazza tecnica;GF CTA PRO B 1-2 / COMPRESSORE 01 /;Compressore 1: Acceso step 1 /;0;Cambia a 0;Evento;GF CTA PRO;CTA PRO B 1-2;Acceso step;0;20:06:42|CTA PRO B 1-2
1137;26/09/2026 20:06:42;;CLIM /;DC09 / R02 / Terrazza tecnica;GF CTA PRO B 1-2 / COMPRESSORE 01 /;Compressore 1: Piena potenza /;0;Cambia a 0;Evento;GF CTA PRO;CTA PRO B 1-2;Piena potenza;0;20:06:42|CTA PRO B 1-2
1138;26/09/2026 20:06:42;;CLIM /;DC09 / R02 / Terrazza tecnica;GF CTA PRO B 1-2 / COMPRESSORE 01 /;Compressore 1: Richiesta /;0;Cambia a 0;Evento;GF CTA PRO;CTA PRO B 1-2;Richiesta;0;20:06:42|CTA PRO B 1-2
1139;26/09/2026 20:06:44;;CLIM /;DC09 / R02 / Terrazza tecnica;GF LT 2 / COMPRESSORE 01 /;Compressore 1 modalita operativa /;0;Cambia a 1;Evento;GF LT;LT 2;Modalità operativa;1;20:06:44|LT 2
1140;26/09/2026 20:06:44;;CLIM /;DC09 / R02 / Terrazza tecnica;GF LT 2 / COMPRESSORE 01 /;Compressore 1: Acceso step 1 /;0;Cambia a 1;Evento;GF LT;LT 2;Acceso step;1;20:06:44|LT 2
1141;26/09/2026 20:06:44;;CLIM /;DC09 / R02 / Terrazza tecnica;GF LT 2 / COMPRESSORE 01 /;Compressore 1: Piena potenza /;0;Cambia a 1;Evento;GF LT;LT 2;Piena potenza;1;20:06:44|LT 2
1142;26/09/2026 20:06:44;;CLIM /;DC09 / R02 / Terrazza tecnica;GF LT 2 / COMPRESSORE 01 /;Compressore 1: Richiesta /;0;Cambia a 1;Evento;GF LT;LT 2;Richiesta;1;20:06:44|LT 2
1143;26/09/2026 20:07:33;;CLIM /;DC09 / R02 / SALA DATI A2/A4;GF FW A2-A4.1 / COMPRESSORE 02 /;Compressore 2: Richiesta /;0;Cambia a 1;Evento;GF FW;FW A2-A4.1;Richiesta;1;20:07:33|FW A2-A4.1
1144;26/09/2026 20:07:35;;CLIM /;DC09 / R02 / SALA DATI A2/A4;GF FW A2-A4.1 / COMPRESSORE 02 /;Stato di funzionamento compressore 2 /;0;Cambia a 1;Evento;GF FW;FW A2-A4.1;Stato funzionamento;1;20:07:35|FW A2-A4.1
1145;26/09/2026 20:07:35;;CLIM /;DC09 / R02 / SALA DATI A2/A4;GF FW A2-A4.1 / COMPRESSORE 02 /;Compressore 2: Piena potenza /;0;Cambia a 1;Evento;GF FW;FW A2-A4.1;Piena potenza;1;20:07:35|FW A2-A4.1
1146;26/09/2026 20:07:36;;CLIM /;DC09 / R02 / Terrazza tecnica;GF LT 6 / COMPRESSORE 03 /;Compressore 4 modalita operativa /;0;Cambia a 0;Evento;GF LT;LT 6;Modalità operativa;0;20:07:36|LT 6
1147;26/09/2026 20:07:36;;CLIM /;DC09 / R02 / Terrazza tecnica;GF LT 6 / COMPRESSORE 04 /;Compressore 4: Acceso step 1 /;0;Cambia a 0;Evento;GF LT;LT 6;Acceso step;0;20:07:36|LT 6
1148;26/09/2026 20:07:36;;CLIM /;DC09 / R02 / Terrazza tecnica;GF LT 6 / COMPRESSORE 04 /;Compressore 1: Piena potenza /;0;Cambia a 0;Evento;GF LT;LT 6;Piena potenza;0;20:07:36|LT 6
1149;26/09/2026 20:07:36;;CLIM /;DC09 / R02 / Terrazza tecnica;GF LT 6 / COMPRESSORE 04 /;Compressore 4: Richiesta /;0;Cambia a 0;Evento;GF LT;LT 6;Richiesta;0;20:07:36|LT 6
1150;26/09/2026 20:07:43;;CLIM /;DC09 / R02 / Terrazza tecnica;GF LT 2 / COMPRESSORE 02 /;Compressore 2 modalita operativa /;0;Cambia a 0;Evento;GF LT;LT 2;Modalità operativa;0;20:07:43|LT 2
1151;26/09/2026 20:07:43;;CLIM /;DC09 / R02 / Terrazza tecnica;GF LT 2 / COMPRESSORE 02 /;Compressore 2: Acceso step 1 /;0;Cambia a 0;Evento;GF LT;LT 2;Acceso step;0;20:07:43|LT 2
1152;26/09/2026 20:07:43;;CLIM /;DC09 / R02 / Terrazza tecnica;GF LT 2 / COMPRESSORE 02 /;Compressore 1: Piena potenza /;0;Cambia a 0;Evento;GF LT;LT 2;Piena potenza;0;20:07:43|LT 2
1153;26/09/2026 20:07:43;;CLIM /;DC09 / R02 / Terrazza tecnica;GF LT 2 / COMPRESSORE 02 /;Compressore 1: Richiesta /;0;Cambia a 0;Evento;GF LT;LT 2;Richiesta;0;20:07:43|LT 2
1154;26/09/2026 20:07:43;;CLIM /;DC09 / R02 / Terrazza tecnica;GF LT 2 / COMPRESSORE 02 /;Compressore 3 modalita operativa /;0;Cambia a 1;Evento;GF LT;LT 2;Modalità operativa;1;20:07:43|LT 2
1155;26/09/2026 20:07:43;;CLIM /;DC09 / R02 / Terrazza tecnica;GF LT 2 / COMPRESSORE 03 /;Compressore 3: Acceso step 1 /;0;Cambia a 1;Evento;GF LT;LT 2;Acceso step;1;20:07:43|LT 2
1156;26/09/2026 20:07:43;;CLIM /;DC09 / R02 / Terrazza tecnica;GF LT 2 / COMPRESSORE 03 /;Compressore 1: Piena potenza /;0;Cambia a 1;Evento;GF LT;LT 2;Piena potenza;1;20:07:43|LT 2
1157;26/09/2026 20:07:43;;CLIM /;DC09 / R02 / Terrazza tecnica;GF LT 2 / COMPRESSORE 03 /;Compressore 1: Richiesta /;0;Cambia a 1;Evento;GF LT;LT 2;Richiesta;1;20:07:43|LT 2
1158;26/09/2026 20:07:51;;CLIM /;DC09 / R02 / SALA DATI A2/A4;GF FW A2-A4.1 / COMPRESSORE 02 /;Compressore 2: Acceso step 2 /;0;Cambia a 0;Evento;GF FW;FW A2-A4.1;Acceso step;0;20:07:51|FW A2-A4.1
1159;26/09/2026 20:07:51;;CLIM /;DC09 / R02 / SALA DATI A2/A4;GF FW A2-A4.1 / COMPRESSORE 02 /;Compressore 2: Acceso step 1 /;0;Cambia a 1;Evento;GF FW;FW A2-A4.1;Acceso step;1;20:07:51|FW A2-A4.1
1160;26/09/2026 20:07:56;;CLIM /;DC09 / R02 / Terrazza tecnica;GF LT 6 / COMPRESSORE 02 /;Compressore 3 modalita operativa /;0;Cambia a 0;Evento;GF LT;LT 6;Modalità operativa;0;20:07:56|LT 6
1161;26/09/2026 20:07:56;;CLIM /;DC09 / R02 / Terrazza tecnica;GF LT 6 / COMPRESSORE 03 /;Compressore 3: Acceso step 1 /;0;Cambia a 0;Evento;GF LT;LT 6;Acceso step;0;20:07:56|LT 6
1162;26/09/2026 20:07:56;;CLIM /;DC09 / R02 / Terrazza tecnica;GF LT 6 / COMPRESSORE 03 /;Compressore 1: Piena potenza /;0;Cambia a 0;Evento;GF LT;LT 6;Piena potenza;0;20:07:56|LT 6
1163;26/09/2026 20:07:56;;CLIM /;DC09 / R02 / Terrazza tecnica;GF LT 6 / COMPRESSORE 03 /;Compressore 1: Richiesta /;0;Cambia a 0;Evento;GF LT;LT 6;Richiesta;0;20:07:56|LT 6
1164;26/09/2026 20:08:00;;CLIM /;DC09 / R02 / Terrazza tecnica;GF LT 4 / COMPRESSORE 02 /;Compressore 3 modalita operativa /;0;Cambia a 1;Evento;GF LT;LT 4;Modalità operativa;1;20:08:00|LT 4
1165;26/09/2026 20:08:00;;CLIM /;DC09 / R02 / Terrazza tecnica;GF LT 4 / COMPRESSORE 03 /;Compressore 3: Acceso step 1 /;0;Cambia a 1;Evento;GF LT;LT 4;Acceso step;1;20:08:00|LT 4
1166;26/09/2026 20:08:00;;CLIM /;DC09 / R02 / Terrazza tecnica;GF LT 4 / COMPRESSORE 03 /;Compressore 1: Piena potenza /;0;Cambia a 1;Evento;GF LT;LT 4;Piena potenza;1;20:08:00|LT 4
1167;26/09/2026 20:08:00;;CLIM /;DC09 / R02 / Terrazza tecnica;GF LT 4 / COMPRESSORE 03 /;Compressore 1: Richiesta /;0;Cambia a 1;Evento;GF LT;LT 4;Richiesta;1;20:08:00|LT 4
1168;26/09/2026 20:08:22;;CLIM /;DC09 / R02 / Terrazza tecnica;GF LT 5 / COMPRESSORE 02 /;Compressore 3 modalita operativa /;0;Cambia a 0;Evento;GF LT;LT 5;Modalità operativa;0;20:08:22|LT 5
1169;26/09/2026 20:08:22;;CLIM /;DC09 / R02 / Terrazza tecnica;GF LT 5 / COMPRESSORE 03 /;Compressore 3: Acceso step 1 /;0;Cambia a 0;Evento;GF LT;LT 5;Acceso step;0;20:08:22|LT 5
1170;26/09/2026 20:08:22;;CLIM /;DC09 / R02 / Terrazza tecnica;GF LT 5 / COMPRESSORE 03 /;Compressore 1: Piena potenza /;0;Cambia a 0;Evento;GF LT;LT 5;Piena potenza;0;20:08:22|LT 5
1171;26/09/2026 20:08:22;;CLIM /;DC09 / R02 / Terrazza tecnica;GF LT 5 / COMPRESSORE 03 /;Compressore 1: Richiesta /;0;Cambia a 0;Evento;GF LT;LT 5;Richiesta;0;20:08:22|LT 5
1172;26/09/2026 20:08:55;;CLIM /;DC09 / R02 / Terrazza tecnica;GF CTA PRO B 3-4 / COMPRESSORE 01 /;Compressore 1: Stato operativo /;0;Cambia a 1;Evento;GF CTA PRO;CTA PRO B 3-4;Stato operativo;1;20:08:55|CTA PRO B 3-4
1173;26/09/2026 20:08:55;;CLIM /;DC09 / R02 / Terrazza tecnica;GF CTA PRO B 3-4 / COMPRESSORE 01 /;Compressore 1: Acceso step 1 /;0;Cambia a 1;Evento;GF CTA PRO;CTA PRO B 3-4;Acceso step;1;20:08:55|CTA PRO B 3-4
1174;26/09/2026 20:08:55;;CLIM /;DC09 / R02 / Terrazza tecnica;GF CTA PRO B 3-4 / COMPRESSORE 01 /;Compressore 1: Piena potenza /;0;Cambia a 1;Evento;GF CTA PRO;CTA PRO B 3-4;Piena potenza;1;20:08:55|CTA PRO B 3-4
1175;26/09/2026 20:08:55;;CLIM /;DC09 / R02 / Terrazza tecnica;GF CTA PRO B 3-4 / COMPRESSORE 01 /;Compressore 1: Richiesta /;0;Cambia a 1;Evento;GF CTA PRO;CTA PRO B 3-4;Richiesta;1;20:08:55|CTA PRO B 3-4
1176;26/09/2026 20:08:57;;CLIM /;DC09 / R02 / SALA DATI B1/B3;GF FW B1-B3.4 / COMPRESSORE 02 /;Compressore 2: Acceso step 2 /;0;Cambia a 1;Evento;GF FW;FW B1-B3.4;Acceso step;1;20:08:57|FW B1-B3.4
1177;26/09/2026 20:08:57;;CLIM /;DC09 / R02 / SALA DATI B1/B3;GF FW B1-B3.4 / COMPRESSORE 02 /;Compressore 2: Acceso step 1 /;0;Cambia a 0;Evento;GF FW;FW B1-B3.4;Acceso step;0;20:08:57|FW B1-B3.4
1178;26/09/2026 20:10:04;;CLIM /;DC09 / R02 / Terrazza tecnica;GF CTA PRO A 1-2 / COMPRESSORE 01 /;Compressore 1: Stato operativo /;0;Cambia a 1;Evento;GF CTA PRO;CTA PRO A 1-2;Stato operativo;1;20:10:04|CTA PRO A 1-2
1179;26/09/2026 20:10:04;;CLIM /;DC09 / R02 / Terrazza tecnica;GF CTA PRO A 1-2 / COMPRESSORE 01 /;Compressore 1: Acceso step 1 /;0;Cambia a 1;Evento;GF CTA PRO;CTA PRO A 1-2;Acceso step;1;20:10:04|CTA PRO A 1-2
1180;26/09/2026 20:10:04;;CLIM /;DC09 / R02 / Terrazza tecnica;GF CTA PRO A 1-2 / COMPRESSORE 01 /;Compressore 1: Piena potenza /;0;Cambia a 1;Evento;GF CTA PRO;CTA PRO A 1-2;Piena potenza;1;20:10:04|CTA PRO A 1-2
1181;26/09/2026 20:10:04;;CLIM /;DC09 / R02 / Terrazza tecnica;GF CTA PRO A 1-2 / COMPRESSORE 01 /;Compressore 1: Richiesta /;0;Cambia a 1;Evento;GF CTA PRO;CTA PRO A 1-2;Richiesta;1;20:10:04|CTA PRO A 1-2
1182;26/09/2026 20:10:14;;CLIM /;DC09 / R02 / Terrazza tecnica;GF LT 6 / COMPRESSORE 01 /;Compressore 1 modalita operativa /;0;Cambia a 1;Evento;GF LT;LT 6;Modalità operativa;1;20:10:14|LT 6
1183;26/09/2026 20:10:14;;CLIM /;DC09 / R02 / Terrazza tecnica;GF LT 6 / COMPRESSORE 01 /;Compressore 1: Acceso step 1 /;0;Cambia a 1;Evento;GF LT;LT 6;Acceso step;1;20:10:14|LT 6
1184;26/09/2026 20:10:14;;CLIM /;DC09 / R02 / Terrazza tecnica;GF LT 6 / COMPRESSORE 01 /;Compressore 1: Piena potenza /;0;Cambia a 1;Evento;GF LT;LT 6;Piena potenza;1;20:10:14|LT 6
1185;26/09/2026 20:10:14;;CLIM /;DC09 / R02 / Terrazza tecnica;GF LT 6 / COMPRESSORE 01 /;Compressore 1: Richiesta /;0;Cambia a 1;Evento;GF LT;LT 6;Richiesta;1;20:10:14|LT 6
1186;26/09/2026 20:11:17;;CLIM /;DC09 / R02 / Terrazza tecnica;GF LT 4 / COMPRESSORE 03 /;Compressore 4 modalita operativa /;0;Cambia a 1;Evento;GF LT;LT 4;Modalità operativa;1;20:11:17|LT 4
1187;26/09/2026 20:11:17;;CLIM /;DC09 / R02 / Terrazza tecnica;GF LT 4 / COMPRESSORE 04 /;Compressore 4: Acceso step 1 /;0;Cambia a 1;Evento;GF LT;LT 4;Acceso step;1;20:11:17|LT 4
1188;26/09/2026 20:11:17;;CLIM /;DC09 / R02 / Terrazza tecnica;GF LT 4 / COMPRESSORE 04 /;Compressore 1: Piena potenza /;0;Cambia a 1;Evento;GF LT;LT 4;Piena potenza;1;20:11:17|LT 4
1189;26/09/2026 20:11:17;;CLIM /;DC09 / R02 / Terrazza tecnica;GF LT 4 / COMPRESSORE 04 /;Compressore 4: Richiesta /;0;Cambia a 1;Evento;GF LT;LT 4;Richiesta;1;20:11:17|LT 4
1190;26/09/2026 20:11:38;;CLIM /;DC09 / R02 / Terrazza tecnica;GF LT 2 / COMPRESSORE 02 /;Compressore 3 modalita operativa /;0;Cambia a 0;Evento;GF LT;LT 2;Modalità operativa;0;20:11:38|LT 2
1191;26/09/2026 20:11:38;;CLIM /;DC09 / R02 / Terrazza tecnica;GF LT 2 / COMPRESSORE 03 /;Compressore 3: Acceso step 1 /;0;Cambia a 0;Evento;GF LT;LT 2;Acceso step;0;20:11:38|LT 2
1192;26/09/2026 20:11:38;;CLIM /;DC09 / R02 / Terrazza tecnica;GF LT 2 / COMPRESSORE 03 /;Compressore 1: Piena potenza /;0;Cambia a 0;Evento;GF LT;LT 2;Piena potenza;0;20:11:38|LT 2
1193;26/09/2026 20:11:38;;CLIM /;DC09 / R02 / Terrazza tecnica;GF LT 2 / COMPRESSORE 03 /;Compressore 1: Richiesta /;0;Cambia a 0;Evento;GF LT;LT 2;Richiesta;0;20:11:38|LT 2
1194;26/09/2026 20:12:16;;CLIM /;DC09 / R02 / Terrazza tecnica;GF LT 4 / COMPRESSORE 02 /;Compressore 3 modalita operativa /;0;Cambia a 0;Evento;GF LT;LT 4;Modalità operativa;0;20:12:16|LT 4
1195;26/09/2026 20:12:16;;CLIM /;DC09 / R02 / Terrazza tecnica;GF LT 4 / COMPRESSORE 03 /;Compressore 3: Acceso step 1 /;0;Cambia a 0;Evento;GF LT;LT 4;Acceso step;0;20:12:16|LT 4
1196;26/09/2026 20:12:16;;CLIM /;DC09 / R02 / Terrazza tecnica;GF LT 4 / COMPRESSORE 03 /;Compressore 1: Piena potenza /;0;Cambia a 0;Evento;GF LT;LT 4;Piena potenza;0;20:12:16|LT 4
1197;26/09/2026 20:12:16;;CLIM /;DC09 / R02 / Terrazza tecnica;GF LT 4 / COMPRESSORE 03 /;Compressore 1: Richiesta /;0;Cambia a 0;Evento;GF LT;LT 4;Richiesta;0;20:12:16|LT 4
1198;26/09/2026 20:12:16;;CLIM /;DC09 / R02 / Terrazza tecnica;GF LT 4 / COMPRESSORE 03 /;Compressore 4 modalita operativa /;0;Cambia a 0;Evento;GF LT;LT 4;Modalità operativa;0;20:12:16|LT 4
1199;26/09/2026 20:12:16;;CLIM /;DC09 / R02 / Terrazza tecnica;GF LT 4 / COMPRESSORE 04 /;Compressore 4: Acceso step 1 /;0;Cambia a 0;Evento;GF LT;LT 4;Acceso step;0;20:12:16|LT 4
1200;26/09/2026 20:12:16;;CLIM /;DC09 / R02 / Terrazza tecnica;GF LT 4 / COMPRESSORE 04 /;Compressore 1: Piena potenza /;0;Cambia a 0;Evento;GF LT;LT 4;Piena potenza;0;20:12:16|LT 4
1201;26/09/2026 20:12:16;;CLIM /;DC09 / R02 / Terrazza tecnica;GF LT 4 / COMPRESSORE 04 /;Compressore 4: Richiesta /;0;Cambia a 0;Evento;GF LT;LT 4;Richiesta;0;20:12:16|LT 4
1202;26/09/2026 20:12:41;;CLIM /;DC09 / R02 / Terrazza tecnica;GF CTA PRO A 1-2 / COMPRESSORE 01 /;Compressore 1: Stato operativo /;0;Cambia a 0;Evento;GF CTA PRO;CTA PRO A 1-2;Stato operativo;0;20:12:41|CTA PRO A 1-2
1203;26/09/2026 20:12:41;;CLIM /;DC09 / R02 / Terrazza tecnica;GF CTA PRO A 1-2 / COMPRESSORE 01 /;Compressore 1: Acceso step 1 /;0;Cambia a 0;Evento;GF CTA PRO;CTA PRO A 1-2;Acceso step;0;20:12:41|CTA PRO A 1-2
1204;26/09/2026 20:12:41;;CLIM /;DC09 / R02 / Terrazza tecnica;GF CTA PRO A 1-2 / COMPRESSORE 01 /;Compressore 1: Piena potenza /;0;Cambia a 0;Evento;GF CTA PRO;CTA PRO A 1-2;Piena potenza;0;20:12:41|CTA PRO A 1-2
1205;26/09/2026 20:12:41;;CLIM /;DC09 / R02 / Terrazza tecnica;GF CTA PRO A 1-2 / COMPRESSORE 01 /;Compressore 1: Richiesta /;0;Cambia a 0;Evento;GF CTA PRO;CTA PRO A 1-2;Richiesta;0;20:12:41|CTA PRO A 1-2
1206;26/09/2026 20:13:49;;CLIM /;DC09 / R02 / Terrazza tecnica;GF CTA PRO B 3-4 / COMPRESSORE 01 /;Compressore 1: Stato operativo /;0;Cambia a 0;Evento;GF CTA PRO;CTA PRO B 3-4;Stato operativo;0;20:13:49|CTA PRO B 3-4
1207;26/09/2026 20:13:49;;CLIM /;DC09 / R02 / Terrazza tecnica;GF CTA PRO B 3-4 / COMPRESSORE 01 /;Compressore 1: Acceso step 1 /;0;Cambia a 0;Evento;GF CTA PRO;CTA PRO B 3-4;Acceso step;0;20:13:49|CTA PRO B 3-4
1208;26/09/2026 20:13:49;;CLIM /;DC09 / R02 / Terrazza tecnica;GF CTA PRO B 3-4 / COMPRESSORE 01 /;Compressore 1: Piena potenza /;0;Cambia a 0;Evento;GF CTA PRO;CTA PRO B 3-4;Piena potenza;0;20:13:49|CTA PRO B 3-4
1209;26/09/2026 20:13:49;;CLIM /;DC09 / R02 / Terrazza tecnica;GF CTA PRO B 3-4 / COMPRESSORE 01 /;Compressore 1: Richiesta /;0;Cambia a 0;Evento;GF CTA PRO;CTA PRO B 3-4;Richiesta;0;20:13:49|CTA PRO B 3-4
1210;26/09/2026 20:15:13;;CLIM /;DC09 / R02 / Terrazza tecnica;GF CTA PRO B 1-2 / COMPRESSORE 02 /;Compressore 2: Acceso step 1 /;0;Cambia a 1;Evento;GF CTA PRO;CTA PRO B 1-2;Acceso step;1;20:15:13|CTA PRO B 1-2
1211;26/09/2026 20:15:13;;CLIM /;DC09 / R02 / Terrazza tecnica;GF CTA PRO B 1-2 / COMPRESSORE 02 /;Compressore 2: Richiesta /;0;Cambia a 1;Evento;GF CTA PRO;CTA PRO B 1-2;Richiesta;1;20:15:13|CTA PRO B 1-2
1212;26/09/2026 20:15:33;;CLIM /;DC09 / R02 / Terrazza tecnica;GF CTA PRO B 1-2 / COMPRESSORE 02 /;Compressore 2: Stato operativo /;0;Cambia a 1;Evento;GF CTA PRO;CTA PRO B 1-2;Stato operativo;1;20:15:33|CTA PRO B 1-2
1213;26/09/2026 20:15:33;;CLIM /;DC09 / R02 / Terrazza tecnica;GF CTA PRO B 1-2 / COMPRESSORE 02 /;Compressore 2: Piena potenza /;0;Cambia a 1;Evento;GF CTA PRO;CTA PRO B 1-2;Piena potenza;1;20:15:33|CTA PRO B 1-2
1214;26/09/2026 20:16:12;;CLIM /;DC09 / R02 / Terrazza tecnica;GF LT 2 / COMPRESSORE 03 /;Compressore 4 modalita operativa /;0;Cambia a 1;Evento;GF LT;LT 2;Modalità operativa;1;20:16:12|LT 2
1215;26/09/2026 20:16:12;;CLIM /;DC09 / R02 / Terrazza tecnica;GF LT 2 / COMPRESSORE 04 /;Compressore 4: Acceso step 1 /;0;Cambia a 1;Evento;GF LT;LT 2;Acceso step;1;20:16:12|LT 2
1216;26/09/2026 20:16:12;;CLIM /;DC09 / R02 / Terrazza tecnica;GF LT 2 / COMPRESSORE 04 /;Compressore 1: Piena potenza /;0;Cambia a 1;Evento;GF LT;LT 2;Piena potenza;1;20:16:12|LT 2
1217;26/09/2026 20:16:12;;CLIM /;DC09 / R02 / Terrazza tecnica;GF LT 2 / COMPRESSORE 04 /;Compressore 4: Richiesta /;0;Cambia a 1;Evento;GF LT;LT 2;Richiesta;1;20:16:12|LT 2
1218;26/09/2026 20:17:05;;CLIM /;DC09 / R02 / Terrazza tecnica;GF LT 6 / COMPRESSORE 01 /;Compressore 1 modalita operativa /;0;Cambia a 0;Evento;GF LT;LT 6;Modalità operativa;0;20:17:05|LT 6
1219;26/09/2026 20:17:05;;CLIM /;DC09 / R02 / Terrazza tecnica;GF LT 6 / COMPRESSORE 01 /;Compressore 1: Acceso step 1 /;0;Cambia a 0;Evento;GF LT;LT 6;Acceso step;0;20:17:05|LT 6
1220;26/09/2026 20:17:05;;CLIM /;DC09 / R02 / Terrazza tecnica;GF LT 6 / COMPRESSORE 01 /;Compressore 1: Piena potenza /;0;Cambia a 0;Evento;GF LT;LT 6;Piena potenza;0;20:17:05|LT 6
1221;26/09/2026 20:17:05;;CLIM /;DC09 / R02 / Terrazza tecnica;GF LT 6 / COMPRESSORE 01 /;Compressore 1: Richiesta /;0;Cambia a 0;Evento;GF LT;LT 6;Richiesta;0;20:17:05|LT 6
1222;26/09/2026 20:17:11;;CLIM /;DC09 / R02 / Terrazza tecnica;GF LT 4 / COMPRESSORE 01 /;Compressore 1 modalita operativa /;0;Cambia a 1;Evento;GF LT;LT 4;Modalità operativa;1;20:17:11|LT 4
1223;26/09/2026 20:17:11;;CLIM /;DC09 / R02 / Terrazza tecnica;GF LT 4 / COMPRESSORE 01 /;Compressore 1: Acceso step 1 /;0;Cambia a 1;Evento;GF LT;LT 4;Acceso step;1;20:17:11|LT 4
1224;26/09/2026 20:17:11;;CLIM /;DC09 / R02 / Terrazza tecnica;GF LT 4 / COMPRESSORE 01 /;Compressore 1: Piena potenza /;0;Cambia a 1;Evento;GF LT;LT 4;Piena potenza;1;20:17:11|LT 4
1225;26/09/2026 20:17:11;;CLIM /;DC09 / R02 / Terrazza tecnica;GF LT 4 / COMPRESSORE 01 /;Compressore 1: Richiesta /;0;Cambia a 1;Evento;GF LT;LT 4;Richiesta;1;20:17:11|LT 4
1226;26/09/2026 20:18:44;;CLIM /;DC09 / R02 / Terrazza tecnica;GF LT 6 / COMPRESSORE 03 /;Compressore 4 modalita operativa /;0;Cambia a 1;Evento;GF LT;LT 6;Modalità operativa;1;20:18:44|LT 6
1227;26/09/2026 20:18:44;;CLIM /;DC09 / R02 / Terrazza tecnica;GF LT 6 / COMPRESSORE 04 /;Compressore 4: Acceso step 1 /;0;Cambia a 1;Evento;GF LT;LT 6;Acceso step;1;20:18:44|LT 6
1228;26/09/2026 20:18:44;;CLIM /;DC09 / R02 / Terrazza tecnica;GF LT 6 / COMPRESSORE 04 /;Compressore 1: Piena potenza /;0;Cambia a 1;Evento;GF LT;LT 6;Piena potenza;1;20:18:44|LT 6
1229;26/09/2026 20:18:44;;CLIM /;DC09 / R02 / Terrazza tecnica;GF LT 6 / COMPRESSORE 04 /;Compressore 4: Richiesta /;0;Cambia a 1;Evento;GF LT;LT 6;Richiesta;1;20:18:44|LT 6
1230;26/09/2026 20:19:03;;CLIM /;DC09 / R02 / SALA DATI B1/B3;GF FW B1-B3.4 / COMPRESSORE 02 /;Compressore 2: Acceso step 2 /;0;Cambia a 0;Evento;GF FW;FW B1-B3.4;Acceso step;0;20:19:03|FW B1-B3.4
1231;26/09/2026 20:19:03;;CLIM /;DC09 / R02 / SALA DATI B1/B3;GF FW B1-B3.4 / COMPRESSORE 02 /;Compressore 2: Acceso step 1 /;0;Cambia a 1;Evento;GF FW;FW B1-B3.4;Acceso step;1;20:19:03|FW B1-B3.4
1232;26/09/2026 20:19:04;;CLIM /;DC09 / R02 / Terrazza tecnica;GF CTA PRO B 3-4 / COMPRESSORE 02 /;Compressore 2: Stato operativo /;0;Cambia a 1;Evento;GF CTA PRO;CTA PRO B 3-4;Stato operativo;1;20:19:04|CTA PRO B 3-4
1233;26/09/2026 20:19:04;;CLIM /;DC09 / R02 / Terrazza tecnica;GF CTA PRO B 3-4 / COMPRESSORE 02 /;Compressore 2: Acceso step 1 /;0;Cambia a 1;Evento;GF CTA PRO;CTA PRO B 3-4;Acceso step;1;20:19:04|CTA PRO B 3-4
1234;26/09/2026 20:19:04;;CLIM /;DC09 / R02 / Terrazza tecnica;GF CTA PRO B 3-4 / COMPRESSORE 02 /;Compressore 2: Piena potenza /;0;Cambia a 1;Evento;GF CTA PRO;CTA PRO B 3-4;Piena potenza;1;20:19:04|CTA PRO B 3-4
1235;26/09/2026 20:19:04;;CLIM /;DC09 / R02 / Terrazza tecnica;GF CTA PRO B 3-4 / COMPRESSORE 02 /;Compressore 2: Richiesta /;0;Cambia a 1;Evento;GF CTA PRO;CTA PRO B 3-4;Richiesta;1;20:19:04|CTA PRO B 3-4
1236;26/09/2026 20:19:27;;CLIM /;DC09 / R02 / Terrazza tecnica;GF LT 4 / COMPRESSORE 01 /;Compressore 1 modalita operativa /;0;Cambia a 0;Evento;GF LT;LT 4;Modalità operativa;0;20:19:27|LT 4
1237;26/09/2026 20:19:27;;CLIM /;DC09 / R02 / Terrazza tecnica;GF LT 4 / COMPRESSORE 01 /;Compressore 1: Acceso step 1 /;0;Cambia a 0;Evento;GF LT;LT 4;Acceso step;0;20:19:27|LT 4
1238;26/09/2026 20:19:27;;CLIM /;DC09 / R02 / Terrazza tecnica;GF LT 4 / COMPRESSORE 01 /;Compressore 1: Piena potenza /;0;Cambia a 0;Evento;GF LT;LT 4;Piena potenza;0;20:19:27|LT 4
1239;26/09/2026 20:19:27;;CLIM /;DC09 / R02 / Terrazza tecnica;GF LT 4 / COMPRESSORE 01 /;Compressore 1: Richiesta /;0;Cambia a 0;Evento;GF LT;LT 4;Richiesta;0;20:19:27|LT 4
1240;26/09/2026 20:19:48;;CLIM /;DC09 / R02 / Terrazza tecnica;GF LT 2 / COMPRESSORE 03 /;Compressore 4 modalita operativa /;0;Cambia a 0;Evento;GF LT;LT 2;Modalità operativa;0;20:19:48|LT 2
1241;26/09/2026 20:19:48;;CLIM /;DC09 / R02 / Terrazza tecnica;GF LT 2 / COMPRESSORE 04 /;Compressore 4: Acceso step 1 /;0;Cambia a 0;Evento;GF LT;LT 2;Acceso step;0;20:19:48|LT 2
1242;26/09/2026 20:19:48;;CLIM /;DC09 / R02 / Terrazza tecnica;GF LT 2 / COMPRESSORE 04 /;Compressore 1: Piena potenza /;0;Cambia a 0;Evento;GF LT;LT 2;Piena potenza;0;20:19:48|LT 2
1243;26/09/2026 20:19:48;;CLIM /;DC09 / R02 / Terrazza tecnica;GF LT 2 / COMPRESSORE 04 /;Compressore 4: Richiesta /;0;Cambia a 0;Evento;GF LT;LT 2;Richiesta;0;20:19:48|LT 2
1244;26/09/2026 20:20:38;;CLIM /;DC09 / R02 / SALA DATI A2/A4;GF FW A2-A4.1 / COMPRESSORE 02 /;Compressore 2: Pompa spenta /;0;Cambia a 1;Evento;GF FW;FW A2-A4.1;Pompa spenta;1;20:20:38|FW A2-A4.1
1245;26/09/2026 20:20:38;;CLIM /;DC09 / R02 / SALA DATI A2/A4;GF FW A2-A4.1 / COMPRESSORE 02 /;Compressore 2: Acceso step 2 /;0;Cambia a 0;Evento;GF FW;FW A2-A4.1;Acceso step;0;20:20:38|FW A2-A4.1
1246;26/09/2026 20:20:42;;CLIM /;DC09 / R02 / SALA DATI A2/A4;GF FW A2-A4.1 / COMPRESSORE 02 /;Stato di funzionamento compressore 2 /;0;Cambia a 0;Evento;GF FW;FW A2-A4.1;Stato funzionamento;0;20:20:42|FW A2-A4.1
1247;26/09/2026 20:20:42;;CLIM /;DC09 / R02 / SALA DATI A2/A4;GF FW A2-A4.1 / COMPRESSORE 02 /;Compressore 2: Pompa spenta /;0;Cambia a 0;Evento;GF FW;FW A2-A4.1;Pompa spenta;0;20:20:42|FW A2-A4.1
1248;26/09/2026 20:20:42;;CLIM /;DC09 / R02 / SALA DATI A2/A4;GF FW A2-A4.1 / COMPRESSORE 02 /;Compressore 2: Acceso step 2 /;0;Cambia a 1;Evento;GF FW;FW A2-A4.1;Acceso step;1;20:20:42|FW A2-A4.1
1249;26/09/2026 20:20:42;;CLIM /;DC09 / R02 / SALA DATI A2/A4;GF FW A2-A4.1 / COMPRESSORE 02 /;Compressore 2: Piena potenza /;0;Cambia a 0;Evento;GF FW;FW A2-A4.1;Piena potenza;0;20:20:42|FW A2-A4.1
1250;26/09/2026 20:20:42;;CLIM /;DC09 / R02 / SALA DATI A2/A4;GF FW A2-A4.1 / COMPRESSORE 02 /;Compressore 2: Richiesta /;0;Cambia a 0;Evento;GF FW;FW A2-A4.1;Richiesta;0;20:20:42|FW A2-A4.1
1251;26/09/2026 20:20:53;;CLIM /;DC09 / R02 / Terrazza tecnica;GF CTA PRO A 1-2 / COMPRESSORE 02 /;Compressore 2: Stato operativo /;0;Cambia a 1;Evento;GF CTA PRO;CTA PRO A 1-2;Stato operativo;1;20:20:53|CTA PRO A 1-2
1252;26/09/2026 20:20:53;;CLIM /;DC09 / R02 / Terrazza tecnica;GF CTA PRO A 1-2 / COMPRESSORE 02 /;Compressore 2: Acceso step 1 /;0;Cambia a 1;Evento;GF CTA PRO;CTA PRO A 1-2;Acceso step;1;20:20:53|CTA PRO A 1-2
1253;26/09/2026 20:20:53;;CLIM /;DC09 / R02 / Terrazza tecnica;GF CTA PRO A 1-2 / COMPRESSORE 02 /;Compressore 2: Piena potenza /;0;Cambia a 1;Evento;GF CTA PRO;CTA PRO A 1-2;Piena potenza;1;20:20:53|CTA PRO A 1-2
1254;26/09/2026 20:20:53;;CLIM /;DC09 / R02 / Terrazza tecnica;GF CTA PRO A 1-2 / COMPRESSORE 02 /;Compressore 2: Richiesta /;0;Cambia a 1;Evento;GF CTA PRO;CTA PRO A 1-2;Richiesta;1;20:20:53|CTA PRO A 1-2
1255;26/09/2026 20:21:26;;CLIM /;DC09 / R02 / Terrazza tecnica;GF LT 4 / COMPRESSORE 02 /;Compressore 3 modalita operativa /;0;Cambia a 1;Evento;GF LT;LT 4;Modalità operativa;1;20:21:26|LT 4
1256;26/09/2026 20:21:26;;CLIM /;DC09 / R02 / Terrazza tecnica;GF LT 4 / COMPRESSORE 03 /;Compressore 3: Acceso step 1 /;0;Cambia a 1;Evento;GF LT;LT 4;Acceso step;1;20:21:26|LT 4
1257;26/09/2026 20:21:26;;CLIM /;DC09 / R02 / Terrazza tecnica;GF LT 4 / COMPRESSORE 03 /;Compressore 1: Piena potenza /;0;Cambia a 1;Evento;GF LT;LT 4;Piena potenza;1;20:21:26|LT 4
1258;26/09/2026 20:21:26;;CLIM /;DC09 / R02 / Terrazza tecnica;GF LT 4 / COMPRESSORE 03 /;Compressore 1: Richiesta /;0;Cambia a 1;Evento;GF LT;LT 4;Richiesta;1;20:21:26|LT 4
1259;26/09/2026 20:22:06;;CLIM /;DC09 / R02 / SALA DATI B2/B4;GF FW B2-B4.5 / COMPRESSORE 01 /;Compressore 1: Pompa spenta /;0;Cambia a 1;Evento;GF FW;FW B2-B4.5;Pompa spenta;1;20:22:06|FW B2-B4.5
1260;26/09/2026 20:22:10;;CLIM /;DC09 / R02 / SALA DATI B2/B4;GF FW B2-B4.5 / COMPRESSORE 01 /;Stato di funzionamento compressore 1 /;0;Cambia a 0;Evento;GF FW;FW B2-B4.5;Stato funzionamento;0;20:22:10|FW B2-B4.5
1261;26/09/2026 20:22:10;;CLIM /;DC09 / R02 / SALA DATI B2/B4;GF FW B2-B4.5 / COMPRESSORE 01 /;Compressore 1: Pompa spenta /;0;Cambia a 0;Evento;GF FW;FW B2-B4.5;Pompa spenta;0;20:22:10|FW B2-B4.5
1262;26/09/2026 20:22:10;;CLIM /;DC09 / R02 / SALA DATI B2/B4;GF FW B2-B4.5 / COMPRESSORE 01 /;Compressore 1: Piena potenza /;0;Cambia a 0;Evento;GF FW;FW B2-B4.5;Piena potenza;0;20:22:10|FW B2-B4.5
1263;26/09/2026 20:22:10;;CLIM /;DC09 / R02 / SALA DATI B2/B4;GF FW B2-B4.5 / COMPRESSORE 01 /;Compressore 1: Richiesta /;0;Cambia a 0;Evento;GF FW;FW B2-B4.5;Richiesta;0;20:22:10|FW B2-B4.5
1264;26/09/2026 20:22:31;;CLIM /;DC09 / R02 / SALA DATI B2/B4;GF FW B2-B4.3 / COMPRESSORE 01 /;Compressore 1: Freecooling /;0;Cambia a 0;Evento;GF FW;FW B2-B4.3;Freecooling;0;20:22:31|FW B2-B4.3
1265;26/09/2026 20:22:31;;CLIM /;DC09 / R02 / SALA DATI B2/B4;GF FW B2-B4.3 / COMPRESSORE 02 /;Compressore 2: Freecooling /;0;Cambia a 0;Evento;GF FW;FW B2-B4.3;Freecooling;0;20:22:31|FW B2-B4.3
1266;26/09/2026 20:22:34;;CLIM /;DC09 / R02 / Terrazza tecnica;GF CTA PRO A 3-4 / COMPRESSORE 02 /;Compressore 2: Stato operativo /;0;Cambia a 1;Evento;GF CTA PRO;CTA PRO A 3-4;Stato operativo;1;20:22:34|CTA PRO A 3-4
1267;26/09/2026 20:22:34;;CLIM /;DC09 / R02 / Terrazza tecnica;GF CTA PRO A 3-4 / COMPRESSORE 02 /;Compressore 2: Acceso step 1 /;0;Cambia a 1;Evento;GF CTA PRO;CTA PRO A 3-4;Acceso step;1;20:22:34|CTA PRO A 3-4
1268;26/09/2026 20:22:34;;CLIM /;DC09 / R02 / Terrazza tecnica;GF CTA PRO A 3-4 / COMPRESSORE 02 /;Compressore 2: Piena potenza /;0;Cambia a 1;Evento;GF CTA PRO;CTA PRO A 3-4;Piena potenza;1;20:22:34|CTA PRO A 3-4
1269;26/09/2026 20:22:34;;CLIM /;DC09 / R02 / Terrazza tecnica;GF CTA PRO A 3-4 / COMPRESSORE 02 /;Compressore 2: Richiesta /;0;Cambia a 1;Evento;GF CTA PRO;CTA PRO A 3-4;Richiesta;1;20:22:34|CTA PRO A 3-4
1270;26/09/2026 20:22:45;;CLIM /;DC09 / R02 / Terrazza tecnica;GF LT 2 / COMPRESSORE 02 /;Compressore 2 modalita operativa /;0;Cambia a 1;Evento;GF LT;LT 2;Modalità operativa;1;20:22:45|LT 2
1271;26/09/2026 20:22:45;;CLIM /;DC09 / R02 / Terrazza tecnica;GF LT 2 / COMPRESSORE 02 /;Compressore 2: Acceso step 1 /;0;Cambia a 1;Evento;GF LT;LT 2;Acceso step;1;20:22:45|LT 2
1272;26/09/2026 20:22:45;;CLIM /;DC09 / R02 / Terrazza tecnica;GF LT 2 / COMPRESSORE 02 /;Compressore 1: Piena potenza /;0;Cambia a 1;Evento;GF LT;LT 2;Piena potenza;1;20:22:45|LT 2
1273;26/09/2026 20:22:45;;CLIM /;DC09 / R02 / Terrazza tecnica;GF LT 2 / COMPRESSORE 02 /;Compressore 1: Richiesta /;0;Cambia a 1;Evento;GF LT;LT 2;Richiesta;1;20:22:45|LT 2
1274;26/09/2026 20:23:04;;CLIM /;DC09 / R02 / Terrazza tecnica;GF LT 5 / COMPRESSORE 01 /;Compressore 1 modalita operativa /;0;Cambia a 1;Evento;GF LT;LT 5;Modalità operativa;1;20:23:04|LT 5
1275;26/09/2026 20:23:04;;CLIM /;DC09 / R02 / Terrazza tecnica;GF LT 5 / COMPRESSORE 01 /;Compressore 1: Acceso step 1 /;0;Cambia a 1;Evento;GF LT;LT 5;Acceso step;1;20:23:04|LT 5
1276;26/09/2026 20:23:04;;CLIM /;DC09 / R02 / Terrazza tecnica;GF LT 5 / COMPRESSORE 01 /;Compressore 1: Piena potenza /;0;Cambia a 1;Evento;GF LT;LT 5;Piena potenza;1;20:23:04|LT 5
1277;26/09/2026 20:23:04;;CLIM /;DC09 / R02 / Terrazza tecnica;GF LT 5 / COMPRESSORE 01 /;Compressore 1: Richiesta /;0;Cambia a 1;Evento;GF LT;LT 5;Richiesta;1;20:23:04|LT 5
1278;26/09/2026 20:23:23;;CLIM /;DC09 / R02 / Terrazza tecnica;GF CTA PRO B 1-2 / COMPRESSORE 02 /;Compressore 2: Stato operativo /;0;Cambia a 0;Evento;GF CTA PRO;CTA PRO B 1-2;Stato operativo;0;20:23:23|CTA PRO B 1-2
1279;26/09/2026 20:23:23;;CLIM /;DC09 / R02 / Terrazza tecnica;GF CTA PRO B 1-2 / COMPRESSORE 02 /;Compressore 2: Acceso step 1 /;0;Cambia a 0;Evento;GF CTA PRO;CTA PRO B 1-2;Acceso step;0;20:23:23|CTA PRO B 1-2
1280;26/09/2026 20:23:23;;CLIM /;DC09 / R02 / Terrazza tecnica;GF CTA PRO B 1-2 / COMPRESSORE 02 /;Compressore 2: Piena potenza /;0;Cambia a 0;Evento;GF CTA PRO;CTA PRO B 1-2;Piena potenza;0;20:23:23|CTA PRO B 1-2
1281;26/09/2026 20:23:23;;CLIM /;DC09 / R02 / Terrazza tecnica;GF CTA PRO B 1-2 / COMPRESSORE 02 /;Compressore 2: Richiesta /;0;Cambia a 0;Evento;GF CTA PRO;CTA PRO B 1-2;Richiesta;0;20:23:23|CTA PRO B 1-2
1282;26/09/2026 20:23:44;;CLIM /;DC09 / R02 / Terrazza tecnica;GF LT 2 / COMPRESSORE 01 /;Compressore 1 modalita operativa /;0;Cambia a 0;Evento;GF LT;LT 2;Modalità operativa;0;20:23:44|LT 2
1283;26/09/2026 20:23:44;;CLIM /;DC09 / R02 / Terrazza tecnica;GF LT 2 / COMPRESSORE 01 /;Compressore 1: Acceso step 1 /;0;Cambia a 0;Evento;GF LT;LT 2;Acceso step;0;20:23:44|LT 2
1284;26/09/2026 20:23:44;;CLIM /;DC09 / R02 / Terrazza tecnica;GF LT 2 / COMPRESSORE 01 /;Compressore 1: Piena potenza /;0;Cambia a 0;Evento;GF LT;LT 2;Piena potenza;0;20:23:44|LT 2
1285;26/09/2026 20:23:44;;CLIM /;DC09 / R02 / Terrazza tecnica;GF LT 2 / COMPRESSORE 01 /;Compressore 1: Richiesta /;0;Cambia a 0;Evento;GF LT;LT 2;Richiesta;0;20:23:44|LT 2
1286;26/09/2026 20:23:50;;CLIM /;DC09 / R02 / Terrazza tecnica;GF CTA PRO A 1-2 / COMPRESSORE 02 /;Compressore 2: Stato operativo /;0;Cambia a 0;Evento;GF CTA PRO;CTA PRO A 1-2;Stato operativo;0;20:23:50|CTA PRO A 1-2
1287;26/09/2026 20:23:50;;CLIM /;DC09 / R02 / Terrazza tecnica;GF CTA PRO A 1-2 / COMPRESSORE 02 /;Compressore 2: Acceso step 1 /;0;Cambia a 0;Evento;GF CTA PRO;CTA PRO A 1-2;Acceso step;0;20:23:50|CTA PRO A 1-2
1288;26/09/2026 20:23:50;;CLIM /;DC09 / R02 / Terrazza tecnica;GF CTA PRO A 1-2 / COMPRESSORE 02 /;Compressore 2: Piena potenza /;0;Cambia a 0;Evento;GF CTA PRO;CTA PRO A 1-2;Piena potenza;0;20:23:50|CTA PRO A 1-2
1289;26/09/2026 20:23:50;;CLIM /;DC09 / R02 / Terrazza tecnica;GF CTA PRO A 1-2 / COMPRESSORE 02 /;Compressore 2: Richiesta /;0;Cambia a 0;Evento;GF CTA PRO;CTA PRO A 1-2;Richiesta;0;20:23:50|CTA PRO A 1-2
1290;26/09/2026 20:23:58;;CLIM /;DC09 / R02 / Terrazza tecnica;GF CTA PRO B 3-4 / COMPRESSORE 02 /;Compressore 2: Stato operativo /;0;Cambia a 0;Evento;GF CTA PRO;CTA PRO B 3-4;Stato operativo;0;20:23:58|CTA PRO B 3-4
1291;26/09/2026 20:23:58;;CLIM /;DC09 / R02 / Terrazza tecnica;GF CTA PRO B 3-4 / COMPRESSORE 02 /;Compressore 2: Acceso step 1 /;0;Cambia a 0;Evento;GF CTA PRO;CTA PRO B 3-4;Acceso step;0;20:23:58|CTA PRO B 3-4
1292;26/09/2026 20:23:58;;CLIM /;DC09 / R02 / Terrazza tecnica;GF CTA PRO B 3-4 / COMPRESSORE 02 /;Compressore 2: Piena potenza /;0;Cambia a 0;Evento;GF CTA PRO;CTA PRO B 3-4;Piena potenza;0;20:23:58|CTA PRO B 3-4
1293;26/09/2026 20:23:58;;CLIM /;DC09 / R02 / Terrazza tecnica;GF CTA PRO B 3-4 / COMPRESSORE 02 /;Compressore 2: Richiesta /;0;Cambia a 0;Evento;GF CTA PRO;CTA PRO B 3-4;Richiesta;0;20:23:58|CTA PRO B 3-4
1294;26/09/2026 20:24:22;;CLIM /;DC09 / R02 / Terrazza tecnica;GF LT 4 / COMPRESSORE 02 /;Compressore 3 modalita operativa /;0;Cambia a 0;Evento;GF LT;LT 4;Modalità operativa;0;20:24:22|LT 4
1295;26/09/2026 20:24:22;;CLIM /;DC09 / R02 / Terrazza tecnica;GF LT 4 / COMPRESSORE 03 /;Compressore 3: Acceso step 1 /;0;Cambia a 0;Evento;GF LT;LT 4;Acceso step;0;20:24:22|LT 4
1296;26/09/2026 20:24:22;;CLIM /;DC09 / R02 / Terrazza tecnica;GF LT 4 / COMPRESSORE 03 /;Compressore 1: Piena potenza /;0;Cambia a 0;Evento;GF LT;LT 4;Piena potenza;0;20:24:22|LT 4
1297;26/09/2026 20:24:22;;CLIM /;DC09 / R02 / Terrazza tecnica;GF LT 4 / COMPRESSORE 03 /;Compressore 1: Richiesta /;0;Cambia a 0;Evento;GF LT;LT 4;Richiesta;0;20:24:22|LT 4
1298;26/09/2026 20:25:41;;CLIM /;DC09 / R02 / SALA DATI B1/B3;GF FW B1-B3.2 / COMPRESSORE 01 /;Compressore 1: Pompa spenta /;0;Cambia a 1;Evento;GF FW;FW B1-B3.2;Pompa spenta;1;20:25:41|FW B1-B3.2
1299;26/09/2026 20:25:50;;CLIM /;DC09 / R02 / SALA DATI B1/B3;GF FW B1-B3.2 / COMPRESSORE 01 /;Stato compressore 1 /;0;Non disponibile;Non disponibile (perdita comunicazione?);GF FW;FW B1-B3.2;Stato compressore;;20:25:50|FW B1-B3.2
1300;26/09/2026 20:25:50;;CLIM /;DC09 / R02 / SALA DATI B1/B3;GF FW B1-B3.2 / COMPRESSORE 01 /;Stato di funzionamento compressore 1 /;0;Non disponibile;Non disponibile (perdita comunicazione?);GF FW;FW B1-B3.2;Stato funzionamento;;20:25:50|FW B1-B3.2
1301;26/09/2026 20:25:50;;CLIM /;DC09 / R02 / SALA DATI B1/B3;GF FW B1-B3.2 / COMPRESSORE 01 /;Compressore 1: Pompa spenta /;0;Non disponibile;Non disponibile (perdita comunicazione?);GF FW;FW B1-B3.2;Pompa spenta;;20:25:50|FW B1-B3.2
1302;26/09/2026 20:25:50;;CLIM /;DC09 / R02 / SALA DATI B1/B3;GF FW B1-B3.2 / COMPRESSORE 01 /;Compressore 1: Acceso st... (troncato) /;0;Non disponibile;Non disponibile (perdita comunicazione?);GF FW;FW B1-B3.2;Acceso step;;20:25:50|FW B1-B3.2
1303;26/09/2026 20:25:50;;CLIM /;DC09 / R02 / SALA DATI B1/B3;GF FW B1-B3.2 / COMPRESSORE 01 /;Compressore 1: Acceso st... (troncato) /;0;Non disponibile;Non disponibile (perdita comunicazione?);GF FW;FW B1-B3.2;Acceso step;;20:25:50|FW B1-B3.2
1304;26/09/2026 20:25:50;;CLIM /;DC09 / R02 / SALA DATI B1/B3;GF FW B1-B3.2 / COMPRESSORE 01 /;Compressore 1: Acceso st... (troncato) /;0;Non disponibile;Non disponibile (perdita comunicazione?);GF FW;FW B1-B3.2;Acceso step;;20:25:50|FW B1-B3.2
1305;26/09/2026 20:25:50;;CLIM /;DC09 / R02 / SALA DATI B1/B3;GF FW B1-B3.2 / COMPRESSORE 01 /;Compressore 1: Piena potenza /;0;Non disponibile;Non disponibile (perdita comunicazione?);GF FW;FW B1-B3.2;Piena potenza;;20:25:50|FW B1-B3.2
1306;26/09/2026 20:25:50;;CLIM /;DC09 / R02 / SALA DATI B1/B3;GF FW B1-B3.2 / COMPRESSORE 01 /;Compressore 1: Recovery /;0;Non disponibile;Non disponibile (perdita comunicazione?);GF FW;FW B1-B3.2;Recovery;;20:25:50|FW B1-B3.2
1307;26/09/2026 20:25:50;;CLIM /;DC09 / R02 / SALA DATI B1/B3;GF FW B1-B3.2 / COMPRESSORE 01 /;Compressore 1: Chiller /;0;Non disponibile;Non disponibile (perdita comunicazione?);GF FW;FW B1-B3.2;Chiller;;20:25:50|FW B1-B3.2
1308;26/09/2026 20:25:50;;CLIM /;DC09 / R02 / SALA DATI B1/B3;GF FW B1-B3.2 / COMPRESSORE 01 /;Compressore 1: Freecooling /;0;Non disponibile;Non disponibile (perdita comunicazione?);GF FW;FW B1-B3.2;Freecooling;;20:25:50|FW B1-B3.2
1309;26/09/2026 20:25:50;;CLIM /;DC09 / R02 / SALA DATI B1/B3;GF FW B1-B3.2 / COMPRESSORE 01 /;Compressore 1: Dripping /;0;Non disponibile;Non disponibile (perdita comunicazione?);GF FW;FW B1-B3.2;Dripping;;20:25:50|FW B1-B3.2
1310;26/09/2026 20:25:50;;CLIM /;DC09 / R02 / SALA DATI B1/B3;GF FW B1-B3.2 / COMPRESSORE 01 /;Compressore 1: Richiesta /;0;Non disponibile;Non disponibile (perdita comunicazione?);GF FW;FW B1-B3.2;Richiesta;;20:25:50|FW B1-B3.2
1311;26/09/2026 20:25:50;;CLIM /;DC09 / R02 / SALA DATI B1/B3;GF FW B1-B3.2 / COMPRESSORE 02 /;Stato compressore 2 /;0;Non disponibile;Non disponibile (perdita comunicazione?);GF FW;FW B1-B3.2;Stato compressore;;20:25:50|FW B1-B3.2
1312;26/09/2026 20:25:50;;CLIM /;DC09 / R02 / SALA DATI B1/B3;GF FW B1-B3.2 / COMPRESSORE 02 /;Stato di funzionamento compressore 2 /;0;Non disponibile;Non disponibile (perdita comunicazione?);GF FW;FW B1-B3.2;Stato funzionamento;;20:25:50|FW B1-B3.2
1313;26/09/2026 20:25:50;;CLIM /;DC09 / R02 / SALA DATI B1/B3;GF FW B1-B3.2 / COMPRESSORE 02 /;Compressore 2: Pompa spenta /;0;Non disponibile;Non disponibile (perdita comunicazione?);GF FW;FW B1-B3.2;Pompa spenta;;20:25:50|FW B1-B3.2
1314;26/09/2026 20:25:50;;CLIM /;DC09 / R02 / SALA DATI B1/B3;GF FW B1-B3.2 / COMPRESSORE 02 /;Compressore 2: Acceso st... (troncato) /;0;Non disponibile;Non disponibile (perdita comunicazione?);GF FW;FW B1-B3.2;Acceso step;;20:25:50|FW B1-B3.2
1315;26/09/2026 20:25:50;;CLIM /;DC09 / R02 / SALA DATI B1/B3;GF FW B1-B3.2 / COMPRESSORE 02 /;Compressore 2: Acceso st... (troncato) /;0;Non disponibile;Non disponibile (perdita comunicazione?);GF FW;FW B1-B3.2;Acceso step;;20:25:50|FW B1-B3.2
1316;26/09/2026 20:25:50;;CLIM /;DC09 / R02 / SALA DATI B1/B3;GF FW B1-B3.2 / COMPRESSORE 02 /;Compressore 2: Acceso st... (troncato) /;0;Non disponibile;Non disponibile (perdita comunicazione?);GF FW;FW B1-B3.2;Acceso step;;20:25:50|FW B1-B3.2
1317;26/09/2026 20:25:50;;CLIM /;DC09 / R02 / SALA DATI B1/B3;GF FW B1-B3.2 / COMPRESSORE 02 /;Compressore 2: Piena potenza /;0;Non disponibile;Non disponibile (perdita comunicazione?);GF FW;FW B1-B3.2;Piena potenza;;20:25:50|FW B1-B3.2
1318;26/09/2026 20:25:50;;CLIM /;DC09 / R02 / SALA DATI B1/B3;GF FW B1-B3.2 / COMPRESSORE 02 /;Compressore 2: Recovery /;0;Non disponibile;Non disponibile (perdita comunicazione?);GF FW;FW B1-B3.2;Recovery;;20:25:50|FW B1-B3.2
1319;26/09/2026 20:25:50;;CLIM /;DC09 / R02 / SALA DATI B1/B3;GF FW B1-B3.2 / COMPRESSORE 02 /;Compressore 2: Chiller /;0;Non disponibile;Non disponibile (perdita comunicazione?);GF FW;FW B1-B3.2;Chiller;;20:25:50|FW B1-B3.2
1320;26/09/2026 20:25:50;;CLIM /;DC09 / R02 / SALA DATI B1/B3;GF FW B1-B3.2 / COMPRESSORE 02 /;Compressore 2: Freecooling /;0;Non disponibile;Non disponibile (perdita comunicazione?);GF FW;FW B1-B3.2;Freecooling;;20:25:50|FW B1-B3.2
1321;26/09/2026 20:25:50;;CLIM /;DC09 / R02 / SALA DATI B1/B3;GF FW B1-B3.2 / COMPRESSORE 02 /;Compressore 2: Dripping /;0;Non disponibile;Non disponibile (perdita comunicazione?);GF FW;FW B1-B3.2;Dripping;;20:25:50|FW B1-B3.2
1322;26/09/2026 20:25:50;;CLIM /;DC09 / R02 / SALA DATI B1/B3;GF FW B1-B3.2 / COMPRESSORE 02 /;Compressore 2: Richiesta /;0;Non disponibile;Non disponibile (perdita comunicazione?);GF FW;FW B1-B3.2;Richiesta;;20:25:50|FW B1-B3.2
1323;26/09/2026 20:25:50;;CLIM /;DC09 / R02 / SALA DATI B1/B3;GF FW B1-B3.2 / POMPA 1 /;Stato pompa 1 /;0;Non disponibile;Non disponibile (perdita comunicazione?);GF FW;FW B1-B3.2;Stato pompa;;20:25:50|FW B1-B3.2
1324;26/09/2026 20:25:50;;CLIM /;DC09 / R02 / SALA DATI B1/B3;GF FW B1-B3.2 / COMPRESSORE 01 /;Stato di funzionamento compressore 1 /;0;Cambia a 0;Evento;GF FW;FW B1-B3.2;Stato funzionamento;0;20:25:50|FW B1-B3.2
1325;26/09/2026 20:25:50;;CLIM /;DC09 / R02 / SALA DATI B1/B3;GF FW B1-B3.2 / COMPRESSORE 01 /;Compressore 1: Pompa spenta /;0;Cambia a 0;Evento;GF FW;FW B1-B3.2;Pompa spenta;0;20:25:50|FW B1-B3.2
1326;26/09/2026 20:25:50;;CLIM /;DC09 / R02 / SALA DATI B1/B3;GF FW B1-B3.2 / COMPRESSORE 01 /;Compressore 1: Piena potenza /;0;Cambia a 0;Evento;GF FW;FW B1-B3.2;Piena potenza;0;20:25:50|FW B1-B3.2
1327;26/09/2026 20:25:50;;CLIM /;DC09 / R02 / SALA DATI B1/B3;GF FW B1-B3.2 / COMPRESSORE 01 /;Compressore 1: Richiesta /;0;Cambia a 0;Evento;GF FW;FW B1-B3.2;Richiesta;0;20:25:50|FW B1-B3.2
1328;26/09/2026 20:26:04;;CLIM /;DC09 / R02 / SALA DATI B2/B4;GF FW B2-B4.3 / COMPRESSORE 02 /;Compressore 2: Acceso step 2 /;0;Cambia a 0;Evento;GF FW;FW B2-B4.3;Acceso step;0;20:26:04|FW B2-B4.3
1329;26/09/2026 20:26:04;;CLIM /;DC09 / R02 / SALA DATI B2/B4;GF FW B2-B4.3 / COMPRESSORE 02 /;Compressore 2: Acceso step 1 /;0;Cambia a 1;Evento;GF FW;FW B2-B4.3;Acceso step;1;20:26:04|FW B2-B4.3
1330;26/09/2026 20:26:30;;CLIM /;DC09 / R02 / Terrazza tecnica;GF CTA PRO A 3-4 / COMPRESSORE 02 /;Compressore 2: Stato operativo /;0;Cambia a 0;Evento;GF CTA PRO;CTA PRO A 3-4;Stato operativo;0;20:26:30|CTA PRO A 3-4
1331;26/09/2026 20:26:30;;CLIM /;DC09 / R02 / Terrazza tecnica;GF CTA PRO A 3-4 / COMPRESSORE 02 /;Compressore 2: Acceso step 1 /;0;Cambia a 0;Evento;GF CTA PRO;CTA PRO A 3-4;Acceso step;0;20:26:30|CTA PRO A 3-4
1332;26/09/2026 20:26:30;;CLIM /;DC09 / R02 / Terrazza tecnica;GF CTA PRO A 3-4 / COMPRESSORE 02 /;Compressore 2: Piena potenza /;0;Cambia a 0;Evento;GF CTA PRO;CTA PRO A 3-4;Piena potenza;0;20:26:30|CTA PRO A 3-4
1333;26/09/2026 20:26:30;;CLIM /;DC09 / R02 / Terrazza tecnica;GF CTA PRO A 3-4 / COMPRESSORE 02 /;Compressore 2: Richiesta /;0;Cambia a 0;Evento;GF CTA PRO;CTA PRO A 3-4;Richiesta;0;20:26:30|CTA PRO A 3-4
1334;26/09/2026 20:26:40;;CLIM /;DC09 / R02 / Terrazza tecnica;GF LT 2 / COMPRESSORE 02 /;Compressore 3 modalita operativa /;0;Cambia a 1;Evento;GF LT;LT 2;Modalità operativa;1;20:26:40|LT 2
1335;26/09/2026 20:26:40;;CLIM /;DC09 / R02 / Terrazza tecnica;GF LT 2 / COMPRESSORE 03 /;Compressore 3: Acceso step 1 /;0;Cambia a 1;Evento;GF LT;LT 2;Acceso step;1;20:26:40|LT 2
1336;26/09/2026 20:26:40;;CLIM /;DC09 / R02 / Terrazza tecnica;GF LT 2 / COMPRESSORE 03 /;Compressore 1: Piena potenza /;0;Cambia a 1;Evento;GF LT;LT 2;Piena potenza;1;20:26:40|LT 2
1337;26/09/2026 20:26:40;;CLIM /;DC09 / R02 / Terrazza tecnica;GF LT 2 / COMPRESSORE 03 /;Compressore 1: Richiesta /;0;Cambia a 1;Evento;GF LT;LT 2;Richiesta;1;20:26:40|LT 2
1338;26/09/2026 20:27:14;;CLIM /;DC09 / R02 / SALA DATI B2/B4;GF FW B2-B4.5 / COMPRESSORE 01 /;Compressore 1: Richiesta /;0;Cambia a 1;Evento;GF FW;FW B2-B4.5;Richiesta;1;20:27:14|FW B2-B4.5
1339;26/09/2026 20:27:16;;CLIM /;DC09 / R02 / SALA DATI B2/B4;GF FW B2-B4.5 / COMPRESSORE 01 /;Stato di funzionamento compressore 1 /;0;Cambia a 1;Evento;GF FW;FW B2-B4.5;Stato funzionamento;1;20:27:16|FW B2-B4.5
1340;26/09/2026 20:27:16;;CLIM /;DC09 / R02 / SALA DATI B2/B4;GF FW B2-B4.5 / COMPRESSORE 01 /;Compressore 1: Piena potenza /;0;Cambia a 1;Evento;GF FW;FW B2-B4.5;Piena potenza;1;20:27:16|FW B2-B4.5
1341;26/09/2026 20:27:57;;CLIM /;DC09 / R02 / Terrazza tecnica;GF LT 5 / COMPRESSORE 01 /;Compressore 1 modalita operativa /;0;Cambia a 0;Evento;GF LT;LT 5;Modalità operativa;0;20:27:57|LT 5
1342;26/09/2026 20:27:57;;CLIM /;DC09 / R02 / Terrazza tecnica;GF LT 5 / COMPRESSORE 01 /;Compressore 1: Acceso step 1 /;0;Cambia a 0;Evento;GF LT;LT 5;Acceso step;0;20:27:57|LT 5
1343;26/09/2026 20:27:57;;CLIM /;DC09 / R02 / Terrazza tecnica;GF LT 5 / COMPRESSORE 01 /;Compressore 1: Piena potenza /;0;Cambia a 0;Evento;GF LT;LT 5;Piena potenza;0;20:27:57|LT 5
1344;26/09/2026 20:27:57;;CLIM /;DC09 / R02 / Terrazza tecnica;GF LT 5 / COMPRESSORE 01 /;Compressore 1: Richiesta /;0;Cambia a 0;Evento;GF LT;LT 5;Richiesta;0;20:27:57|LT 5
1345;26/09/2026 20:27:59;;CLIM /;DC09 / R02 / Terrazza tecnica;GF LT 4 / COMPRESSORE 02 /;Compressore 2 modalita operativa /;0;Cambia a 1;Evento;GF LT;LT 4;Modalità operativa;1;20:27:59|LT 4
1346;26/09/2026 20:27:59;;CLIM /;DC09 / R02 / Terrazza tecnica;GF LT 4 / COMPRESSORE 02 /;Compressore 2: Acceso step 1 /;0;Cambia a 1;Evento;GF LT;LT 4;Acceso step;1;20:27:59|LT 4
1347;26/09/2026 20:27:59;;CLIM /;DC09 / R02 / Terrazza tecnica;GF LT 4 / COMPRESSORE 02 /;Compressore 1: Piena potenza /;0;Cambia a 1;Evento;GF LT;LT 4;Piena potenza;1;20:27:59|LT 4
1348;26/09/2026 20:27:59;;CLIM /;DC09 / R02 / Terrazza tecnica;GF LT 4 / COMPRESSORE 02 /;Compressore 1: Richiesta /;0;Cambia a 1;Evento;GF LT;LT 4;Richiesta;1;20:27:59|LT 4
1349;26/09/2026 20:29:13;;CLIM /;DC09 / R02 / Terrazza tecnica;GF CTA PRO B 3-4 / COMPRESSORE 01 /;Compressore 1: Stato operativo /;0;Cambia a 1;Evento;GF CTA PRO;CTA PRO B 3-4;Stato operativo;1;20:29:13|CTA PRO B 3-4
1350;26/09/2026 20:29:13;;CLIM /;DC09 / R02 / Terrazza tecnica;GF CTA PRO B 3-4 / COMPRESSORE 01 /;Compressore 1: Acceso step 1 /;0;Cambia a 1;Evento;GF CTA PRO;CTA PRO B 3-4;Acceso step;1;20:29:13|CTA PRO B 3-4
1351;26/09/2026 20:29:13;;CLIM /;DC09 / R02 / Terrazza tecnica;GF CTA PRO B 3-4 / COMPRESSORE 01 /;Compressore 1: Piena potenza /;0;Cambia a 1;Evento;GF CTA PRO;CTA PRO B 3-4;Piena potenza;1;20:29:13|CTA PRO B 3-4
1352;26/09/2026 20:29:13;;CLIM /;DC09 / R02 / Terrazza tecnica;GF CTA PRO B 3-4 / COMPRESSORE 01 /;Compressore 1: Richiesta /;0;Cambia a 1;Evento;GF CTA PRO;CTA PRO B 3-4;Richiesta;1;20:29:13|CTA PRO B 3-4
1353;26/09/2026 20:29:52;;CLIM /;DC09 / R02 / SALA DATI B1/B3;GF FW B1-B3.2 / COMPRESSORE 01 /;Compressore 1: Richiesta /;0;Cambia a 1;Evento;GF FW;FW B1-B3.2;Richiesta;1;20:29:52|FW B1-B3.2
1354;26/09/2026 20:29:54;;CLIM /;DC09 / R02 / SALA DATI B1/B3;GF FW B1-B3.2 / COMPRESSORE 01 /;Stato di funzionamento compressore 1 /;0;Cambia a 1;Evento;GF FW;FW B1-B3.2;Stato funzionamento;1;20:29:54|FW B1-B3.2
1355;26/09/2026 20:29:54;;CLIM /;DC09 / R02 / SALA DATI B1/B3;GF FW B1-B3.2 / COMPRESSORE 01 /;Compressore 1: Piena potenza /;0;Cambia a 1;Evento;GF FW;FW B1-B3.2;Piena potenza;1;20:29:54|FW B1-B3.2
1356;26/09/2026 20:30:10;;CLIM /;DC09 / R02 / Terrazza tecnica;GF LT 6 / COMPRESSORE 03 /;Compressore 4 modalita operativa /;0;Cambia a 0;Evento;GF LT;LT 6;Modalità operativa;0;20:30:10|LT 6
1357;26/09/2026 20:30:10;;CLIM /;DC09 / R02 / Terrazza tecnica;GF LT 6 / COMPRESSORE 04 /;Compressore 4: Acceso step 1 /;0;Cambia a 0;Evento;GF LT;LT 6;Acceso step;0;20:30:10|LT 6
1358;26/09/2026 20:30:10;;CLIM /;DC09 / R02 / Terrazza tecnica;GF LT 6 / COMPRESSORE 04 /;Compressore 1: Piena potenza /;0;Cambia a 0;Evento;GF LT;LT 6;Piena potenza;0;20:30:10|LT 6
1359;26/09/2026 20:30:10;;CLIM /;DC09 / R02 / Terrazza tecnica;GF LT 6 / COMPRESSORE 04 /;Compressore 4: Richiesta /;0;Cambia a 0;Evento;GF LT;LT 6;Richiesta;0;20:30:10|LT 6
1360;26/09/2026 20:30:35;;CLIM /;DC09 / R02 / Terrazza tecnica;GF LT 2 / COMPRESSORE 02 /;Compressore 3 modalita operativa /;0;Cambia a 0;Evento;GF LT;LT 2;Modalità operativa;0;20:30:35|LT 2
1361;26/09/2026 20:30:35;;CLIM /;DC09 / R02 / Terrazza tecnica;GF LT 2 / COMPRESSORE 03 /;Compressore 3: Acceso step 1 /;0;Cambia a 0;Evento;GF LT;LT 2;Acceso step;0;20:30:35|LT 2
1362;26/09/2026 20:30:35;;CLIM /;DC09 / R02 / Terrazza tecnica;GF LT 2 / COMPRESSORE 03 /;Compressore 1: Piena potenza /;0;Cambia a 0;Evento;GF LT;LT 2;Piena potenza;0;20:30:35|LT 2
1363;26/09/2026 20:30:35;;CLIM /;DC09 / R02 / Terrazza tecnica;GF LT 2 / COMPRESSORE 03 /;Compressore 1: Richiesta /;0;Cambia a 0;Evento;GF LT;LT 2;Richiesta;0;20:30:35|LT 2
1364;26/09/2026 20:31:15;;CLIM /;DC09 / R02 / Terrazza tecnica;GF LT 4 / COMPRESSORE 02 /;Compressore 2 modalita operativa /;0;Cambia a 0;Evento;GF LT;LT 4;Modalità operativa;0;20:31:15|LT 4
1365;26/09/2026 20:31:15;;CLIM /;DC09 / R02 / Terrazza tecnica;GF LT 4 / COMPRESSORE 02 /;Compressore 2: Acceso step 1 /;0;Cambia a 0;Evento;GF LT;LT 4;Acceso step;0;20:31:15|LT 4
1366;26/09/2026 20:31:15;;CLIM /;DC09 / R02 / Terrazza tecnica;GF LT 4 / COMPRESSORE 02 /;Compressore 1: Piena potenza /;0;Cambia a 0;Evento;GF LT;LT 4;Piena potenza;0;20:31:15|LT 4
1367;26/09/2026 20:31:15;;CLIM /;DC09 / R02 / Terrazza tecnica;GF LT 4 / COMPRESSORE 02 /;Compressore 1: Richiesta /;0;Cambia a 0;Evento;GF LT;LT 4;Richiesta;0;20:31:15|LT 4
1368;26/09/2026 20:31:40;;CLIM /;DC09 / R02 / Terrazza tecnica;GF CTA PRO A 1-2 / COMPRESSORE 01 /;Compressore 1: Stato operativo /;0;Cambia a 1;Evento;GF CTA PRO;CTA PRO A 1-2;Stato operativo;1;20:31:40|CTA PRO A 1-2
1369;26/09/2026 20:31:40;;CLIM /;DC09 / R02 / Terrazza tecnica;GF CTA PRO A 1-2 / COMPRESSORE 01 /;Compressore 1: Acceso step 1 /;0;Cambia a 1;Evento;GF CTA PRO;CTA PRO A 1-2;Acceso step;1;20:31:40|CTA PRO A 1-2
1370;26/09/2026 20:31:40;;CLIM /;DC09 / R02 / Terrazza tecnica;GF CTA PRO A 1-2 / COMPRESSORE 01 /;Compressore 1: Piena potenza /;0;Cambia a 1;Evento;GF CTA PRO;CTA PRO A 1-2;Piena potenza;1;20:31:40|CTA PRO A 1-2
1371;26/09/2026 20:31:40;;CLIM /;DC09 / R02 / Terrazza tecnica;GF CTA PRO A 1-2 / COMPRESSORE 01 /;Compressore 1: Richiesta /;0;Cambia a 1;Evento;GF CTA PRO;CTA PRO A 1-2;Richiesta;1;20:31:40|CTA PRO A 1-2
1372;26/09/2026 20:32:13;;CLIM /;DC09 / R02 / Terrazza tecnica;GF CTA PRO B 1-2 / COMPRESSORE 01 /;Compressore 1: Stato operativo /;0;Cambia a 1;Evento;GF CTA PRO;CTA PRO B 1-2;Stato operativo;1;20:32:13|CTA PRO B 1-2
1373;26/09/2026 20:32:13;;CLIM /;DC09 / R02 / Terrazza tecnica;GF CTA PRO B 1-2 / COMPRESSORE 01 /;Compressore 1: Acceso step 1 /;0;Cambia a 1;Evento;GF CTA PRO;CTA PRO B 1-2;Acceso step;1;20:32:13|CTA PRO B 1-2
1374;26/09/2026 20:32:13;;CLIM /;DC09 / R02 / Terrazza tecnica;GF CTA PRO B 1-2 / COMPRESSORE 01 /;Compressore 1: Piena potenza /;0;Cambia a 1;Evento;GF CTA PRO;CTA PRO B 1-2;Piena potenza;1;20:32:13|CTA PRO B 1-2
1375;26/09/2026 20:32:13;;CLIM /;DC09 / R02 / Terrazza tecnica;GF CTA PRO B 1-2 / COMPRESSORE 01 /;Compressore 1: Richiesta /;0;Cambia a 1;Evento;GF CTA PRO;CTA PRO B 1-2;Richiesta;1;20:32:13|CTA PRO B 1-2
1376;26/09/2026 20:32:47;;CLIM /;DC09 / R02 / Terrazza tecnica;GF LT 6 / COMPRESSORE 02 /;Compressore 2 modalita operativa /;0;Cambia a 1;Evento;GF LT;LT 6;Modalità operativa;1;20:32:47|LT 6
1377;26/09/2026 20:32:47;;CLIM /;DC09 / R02 / Terrazza tecnica;GF LT 6 / COMPRESSORE 02 /;Compressore 2: Acceso step 1 /;0;Cambia a 1;Evento;GF LT;LT 6;Acceso step;1;20:32:47|LT 6
1378;26/09/2026 20:32:47;;CLIM /;DC09 / R02 / Terrazza tecnica;GF LT 6 / COMPRESSORE 02 /;Compressore 1: Piena potenza /;0;Cambia a 1;Evento;GF LT;LT 6;Piena potenza;1;20:32:47|LT 6
1379;26/09/2026 20:32:47;;CLIM /;DC09 / R02 / Terrazza tecnica;GF LT 6 / COMPRESSORE 02 /;Compressore 1: Richiesta /;0;Cambia a 1;Evento;GF LT;LT 6;Richiesta;1;20:32:47|LT 6
1380;26/09/2026 20:34:07;;CLIM /;DC09 / R02 / Terrazza tecnica;GF CTA PRO B 3-4 / COMPRESSORE 01 /;Compressore 1: Stato operativo /;0;Cambia a 0;Evento;GF CTA PRO;CTA PRO B 3-4;Stato operativo;0;20:34:07|CTA PRO B 3-4
1381;26/09/2026 20:34:07;;CLIM /;DC09 / R02 / Terrazza tecnica;GF CTA PRO B 3-4 / COMPRESSORE 01 /;Compressore 1: Acceso step 1 /;0;Cambia a 0;Evento;GF CTA PRO;CTA PRO B 3-4;Acceso step;0;20:34:07|CTA PRO B 3-4
1382;26/09/2026 20:34:07;;CLIM /;DC09 / R02 / Terrazza tecnica;GF CTA PRO B 3-4 / COMPRESSORE 01 /;Compressore 1: Piena potenza /;0;Cambia a 0;Evento;GF CTA PRO;CTA PRO B 3-4;Piena potenza;0;20:34:07|CTA PRO B 3-4
1383;26/09/2026 20:34:07;;CLIM /;DC09 / R02 / Terrazza tecnica;GF CTA PRO B 3-4 / COMPRESSORE 01 /;Compressore 1: Richiesta /;0;Cambia a 0;Evento;GF CTA PRO;CTA PRO B 3-4;Richiesta;0;20:34:07|CTA PRO B 3-4
1384;26/09/2026 20:34:17;;CLIM /;DC09 / R02 / Terrazza tecnica;GF CTA PRO A 1-2 / COMPRESSORE 01 /;Compressore 1: Stato operativo /;0;Cambia a 0;Evento;GF CTA PRO;CTA PRO A 1-2;Stato operativo;0;20:34:17|CTA PRO A 1-2
1385;26/09/2026 20:34:17;;CLIM /;DC09 / R02 / Terrazza tecnica;GF CTA PRO A 1-2 / COMPRESSORE 01 /;Compressore 1: Acceso step 1 /;0;Cambia a 0;Evento;GF CTA PRO;CTA PRO A 1-2;Acceso step;0;20:34:17|CTA PRO A 1-2
1386;26/09/2026 20:34:17;;CLIM /;DC09 / R02 / Terrazza tecnica;GF CTA PRO A 1-2 / COMPRESSORE 01 /;Compressore 1: Piena potenza /;0;Cambia a 0;Evento;GF CTA PRO;CTA PRO A 1-2;Piena potenza;0;20:34:17|CTA PRO A 1-2
1387;26/09/2026 20:34:17;;CLIM /;DC09 / R02 / Terrazza tecnica;GF CTA PRO A 1-2 / COMPRESSORE 01 /;Compressore 1: Richiesta /;0;Cambia a 0;Evento;GF CTA PRO;CTA PRO A 1-2;Richiesta;0;20:34:17|CTA PRO A 1-2
1388;26/09/2026 20:35:30;;CLIM /;DC09 / R02 / Terrazza tecnica;GF LT 4 / COMPRESSORE 03 /;Compressore 4 modalita operativa /;0;Cambia a 1;Evento;GF LT;LT 4;Modalità operativa;1;20:35:30|LT 4
1389;26/09/2026 20:35:30;;CLIM /;DC09 / R02 / Terrazza tecnica;GF LT 4 / COMPRESSORE 04 /;Compressore 4: Acceso step 1 /;0;Cambia a 1;Evento;GF LT;LT 4;Acceso step;1;20:35:30|LT 4
1390;26/09/2026 20:35:30;;CLIM /;DC09 / R02 / Terrazza tecnica;GF LT 4 / COMPRESSORE 04 /;Compressore 1: Piena potenza /;0;Cambia a 1;Evento;GF LT;LT 4;Piena potenza;1;20:35:30|LT 4
1391;26/09/2026 20:35:30;;CLIM /;DC09 / R02 / Terrazza tecnica;GF LT 4 / COMPRESSORE 04 /;Compressore 4: Richiesta /;0;Cambia a 1;Evento;GF LT;LT 4;Richiesta;1;20:35:30|LT 4
1392;26/09/2026 20:35:49;;CLIM /;DC09 / R02 / Terrazza tecnica;GF LT 2 / COMPRESSORE 04 /;Compressore 4: Acceso step 1 /;0;Cambia a 1;Evento;GF LT;LT 2;Acceso step;1;20:35:49|LT 2
1393;26/09/2026 20:35:49;;CLIM /;DC09 / R02 / Terrazza tecnica;GF LT 2 / COMPRESSORE 04 /;Compressore 4: Richiesta /;0;Cambia a 1;Evento;GF LT;LT 2;Richiesta;1;20:35:49|LT 2
1394;26/09/2026 20:36:09;;CLIM /;DC09 / R02 / Terrazza tecnica;GF LT 2 / COMPRESSORE 03 /;Compressore 4 modalita operativa /;0;Cambia a 1;Evento;GF LT;LT 2;Modalità operativa;1;20:36:09|LT 2
1395;26/09/2026 20:36:09;;CLIM /;DC09 / R02 / Terrazza tecnica;GF LT 2 / COMPRESSORE 04 /;Compressore 1: Piena potenza /;0;Cambia a 1;Evento;GF LT;LT 2;Piena potenza;1;20:36:09|LT 2
1396;26/09/2026 20:38:46;;CLIM /;DC09 / R02 / Terrazza tecnica;GF LT 2 / COMPRESSORE 02 /;Compressore 3 modalita operativa /;0;Cambia a 1;Evento;GF LT;LT 2;Modalità operativa;1;20:38:46|LT 2
1397;26/09/2026 20:38:46;;CLIM /;DC09 / R02 / Terrazza tecnica;GF LT 2 / COMPRESSORE 03 /;Compressore 3: Acceso step 1 /;0;Cambia a 1;Evento;GF LT;LT 2;Acceso step;1;20:38:46|LT 2
1398;26/09/2026 20:38:46;;CLIM /;DC09 / R02 / Terrazza tecnica;GF LT 2 / COMPRESSORE 03 /;Compressore 1: Piena potenza /;0;Cambia a 1;Evento;GF LT;LT 2;Piena potenza;1;20:38:46|LT 2
1399;26/09/2026 20:38:46;;CLIM /;DC09 / R02 / Terrazza tecnica;GF LT 2 / COMPRESSORE 03 /;Compressore 1: Richiesta /;0;Cambia a 1;Evento;GF LT;LT 2;Richiesta;1;20:38:46|LT 2
1400;26/09/2026 20:39:21;;CLIM /;DC09 / R02 / Terrazza tecnica;GF CTA PRO B 3-4 / COMPRESSORE 02 /;Compressore 2: Stato operativo /;0;Cambia a 1;Evento;GF CTA PRO;CTA PRO B 3-4;Stato operativo;1;20:39:21|CTA PRO B 3-4
1401;26/09/2026 20:39:21;;CLIM /;DC09 / R02 / Terrazza tecnica;GF CTA PRO B 3-4 / COMPRESSORE 02 /;Compressore 2: Acceso step 1 /;0;Cambia a 1;Evento;GF CTA PRO;CTA PRO B 3-4;Acceso step;1;20:39:21|CTA PRO B 3-4
1402;26/09/2026 20:39:21;;CLIM /;DC09 / R02 / Terrazza tecnica;GF CTA PRO B 3-4 / COMPRESSORE 02 /;Compressore 2: Piena potenza /;0;Cambia a 1;Evento;GF CTA PRO;CTA PRO B 3-4;Piena potenza;1;20:39:21|CTA PRO B 3-4
1403;26/09/2026 20:39:21;;CLIM /;DC09 / R02 / Terrazza tecnica;GF CTA PRO B 3-4 / COMPRESSORE 02 /;Compressore 2: Richiesta /;0;Cambia a 1;Evento;GF CTA PRO;CTA PRO B 3-4;Richiesta;1;20:39:21|CTA PRO B 3-4
1404;26/09/2026 20:39:26;;CLIM /;DC09 / R02 / Terrazza tecnica;GF LT 4 / COMPRESSORE 03 /;Compressore 4 modalita operativa /;0;Cambia a 0;Evento;GF LT;LT 4;Modalità operativa;0;20:39:26|LT 4
1405;26/09/2026 20:39:26;;CLIM /;DC09 / R02 / Terrazza tecnica;GF LT 4 / COMPRESSORE 04 /;Compressore 4: Acceso step 1 /;0;Cambia a 0;Evento;GF LT;LT 4;Acceso step;0;20:39:26|LT 4
1406;26/09/2026 20:39:26;;CLIM /;DC09 / R02 / Terrazza tecnica;GF LT 4 / COMPRESSORE 04 /;Compressore 1: Piena potenza /;0;Cambia a 0;Evento;GF LT;LT 4;Piena potenza;0;20:39:26|LT 4
1407;26/09/2026 20:39:26;;CLIM /;DC09 / R02 / Terrazza tecnica;GF LT 4 / COMPRESSORE 04 /;Compressore 4: Richiesta /;0;Cambia a 0;Evento;GF LT;LT 4;Richiesta;0;20:39:26|LT 4
1408;26/09/2026 20:39:45;;CLIM /;DC09 / R02 / Terrazza tecnica;GF LT 2 / COMPRESSORE 01 /;Compressore 1 modalita operativa /;0;Cambia a 1;Evento;GF LT;LT 2;Modalità operativa;1;20:39:45|LT 2
1409;26/09/2026 20:39:45;;CLIM /;DC09 / R02 / Terrazza tecnica;GF LT 2 / COMPRESSORE 01 /;Compressore 1: Acceso step 1 /;0;Cambia a 1;Evento;GF LT;LT 2;Acceso step;1;20:39:45|LT 2
1410;26/09/2026 20:39:45;;CLIM /;DC09 / R02 / Terrazza tecnica;GF LT 2 / COMPRESSORE 01 /;Compressore 1: Piena potenza /;0;Cambia a 1;Evento;GF LT;LT 2;Piena potenza;1;20:39:45|LT 2
1411;26/09/2026 20:39:45;;CLIM /;DC09 / R02 / Terrazza tecnica;GF LT 2 / COMPRESSORE 01 /;Compressore 1: Richiesta /;0;Cambia a 1;Evento;GF LT;LT 2;Richiesta;1;20:39:45|LT 2
1412;26/09/2026 20:39:45;;CLIM /;DC09 / R02 / Terrazza tecnica;GF LT 2 / COMPRESSORE 03 /;Compressore 4 modalita operativa /;0;Cambia a 0;Evento;GF LT;LT 2;Modalità operativa;0;20:39:45|LT 2
1413;26/09/2026 20:39:45;;CLIM /;DC09 / R02 / Terrazza tecnica;GF LT 2 / COMPRESSORE 04 /;Compressore 4: Acceso step 1 /;0;Cambia a 0;Evento;GF LT;LT 2;Acceso step;0;20:39:45|LT 2
1414;26/09/2026 20:39:45;;CLIM /;DC09 / R02 / Terrazza tecnica;GF LT 2 / COMPRESSORE 04 /;Compressore 1: Piena potenza /;0;Cambia a 0;Evento;GF LT;LT 2;Piena potenza;0;20:39:45|LT 2
1415;26/09/2026 20:39:45;;CLIM /;DC09 / R02 / Terrazza tecnica;GF LT 2 / COMPRESSORE 04 /;Compressore 4: Richiesta /;0;Cambia a 0;Evento;GF LT;LT 2;Richiesta;0;20:39:45|LT 2
1416;26/09/2026 20:39:45;;CLIM /;DC09 / R02 / Terrazza tecnica;GF CTA PRO B 1-2 / COMPRESSORE 01 /;Compressore 1: Stato operativo /;0;Cambia a 0;Evento;GF CTA PRO;CTA PRO B 1-2;Stato operativo;0;20:39:45|CTA PRO B 1-2
1417;26/09/2026 20:39:45;;CLIM /;DC09 / R02 / Terrazza tecnica;GF CTA PRO B 1-2 / COMPRESSORE 01 /;Compressore 1: Acceso step 1 /;0;Cambia a 0;Evento;GF CTA PRO;CTA PRO B 1-2;Acceso step;0;20:39:45|CTA PRO B 1-2
1418;26/09/2026 20:39:45;;CLIM /;DC09 / R02 / Terrazza tecnica;GF CTA PRO B 1-2 / COMPRESSORE 01 /;Compressore 1: Piena potenza /;0;Cambia a 0;Evento;GF CTA PRO;CTA PRO B 1-2;Piena potenza;0;20:39:45|CTA PRO B 1-2
1419;26/09/2026 20:39:45;;CLIM /;DC09 / R02 / Terrazza tecnica;GF CTA PRO B 1-2 / COMPRESSORE 01 /;Compressore 1: Richiesta /;0;Cambia a 0;Evento;GF CTA PRO;CTA PRO B 1-2;Richiesta;0;20:39:45|CTA PRO B 1-2
1420;26/09/2026 20:40:39;;CLIM /;DC09 / R02 / Terrazza tecnica;GF LT 6 / COMPRESSORE 01 /;Compressore 1 modalita operativa /;0;Cambia a 1;Evento;GF LT;LT 6;Modalità operativa;1;20:40:39|LT 6
1421;26/09/2026 20:40:39;;CLIM /;DC09 / R02 / Terrazza tecnica;GF LT 6 / COMPRESSORE 01 /;Compressore 1: Acceso step 1 /;0;Cambia a 1;Evento;GF LT;LT 6;Acceso step;1;20:40:39|LT 6
1422;26/09/2026 20:40:39;;CLIM /;DC09 / R02 / Terrazza tecnica;GF LT 6 / COMPRESSORE 01 /;Compressore 1: Piena potenza /;0;Cambia a 1;Evento;GF LT;LT 6;Piena potenza;1;20:40:39|LT 6
1423;26/09/2026 20:40:39;;CLIM /;DC09 / R02 / Terrazza tecnica;GF LT 6 / COMPRESSORE 01 /;Compressore 1: Richiesta /;0;Cambia a 1;Evento;GF LT;LT 6;Richiesta;1;20:40:39|LT 6
1424;26/09/2026 20:40:44;;CLIM /;DC09 / R02 / Terrazza tecnica;GF LT 2 / COMPRESSORE 02 /;Compressore 2 modalita operativa /;0;Cambia a 0;Evento;GF LT;LT 2;Modalità operativa;0;20:40:44|LT 2
1425;26/09/2026 20:40:44;;CLIM /;DC09 / R02 / Terrazza tecnica;GF LT 2 / COMPRESSORE 02 /;Compressore 2: Acceso step 1 /;0;Cambia a 0;Evento;GF LT;LT 2;Acceso step;0;20:40:44|LT 2
1426;26/09/2026 20:40:44;;CLIM /;DC09 / R02 / Terrazza tecnica;GF LT 2 / COMPRESSORE 02 /;Compressore 1: Piena potenza /;0;Cambia a 0;Evento;GF LT;LT 2;Piena potenza;0;20:40:44|LT 2
1427;26/09/2026 20:40:44;;CLIM /;DC09 / R02 / Terrazza tecnica;GF LT 2 / COMPRESSORE 02 /;Compressore 1: Richiesta /;0;Cambia a 0;Evento;GF LT;LT 2;Richiesta;0;20:40:44|LT 2
1428;26/09/2026 20:41:38;;CLIM /;DC09 / R02 / Terrazza tecnica;GF LT 6 / COMPRESSORE 02 /;Compressore 2 modalita operativa /;0;Cambia a 0;Evento;GF LT;LT 6;Modalità operativa;0;20:41:38|LT 6
1429;26/09/2026 20:41:38;;CLIM /;DC09 / R02 / Terrazza tecnica;GF LT 6 / COMPRESSORE 02 /;Compressore 2: Acceso step 1 /;0;Cambia a 0;Evento;GF LT;LT 6;Acceso step;0;20:41:38|LT 6
1430;26/09/2026 20:41:38;;CLIM /;DC09 / R02 / Terrazza tecnica;GF LT 6 / COMPRESSORE 02 /;Compressore 1: Piena potenza /;0;Cambia a 0;Evento;GF LT;LT 6;Piena potenza;0;20:41:38|LT 6
1431;26/09/2026 20:41:38;;CLIM /;DC09 / R02 / Terrazza tecnica;GF LT 6 / COMPRESSORE 02 /;Compressore 1: Richiesta /;0;Cambia a 0;Evento;GF LT;LT 6;Richiesta;0;20:41:38|LT 6
1432;26/09/2026 20:42:02;;CLIM /;DC09 / R02 / Terrazza tecnica;GF LT 2 / COMPRESSORE 01 /;Compressore 1 modalita operativa /;0;Cambia a 0;Evento;GF LT;LT 2;Modalità operativa;0;20:42:02|LT 2
1433;26/09/2026 20:42:02;;CLIM /;DC09 / R02 / Terrazza tecnica;GF LT 2 / COMPRESSORE 01 /;Compressore 1: Acceso step 1 /;0;Cambia a 0;Evento;GF LT;LT 2;Acceso step;0;20:42:02|LT 2
1434;26/09/2026 20:42:02;;CLIM /;DC09 / R02 / Terrazza tecnica;GF LT 2 / COMPRESSORE 01 /;Compressore 1: Piena potenza /;0;Cambia a 0;Evento;GF LT;LT 2;Piena potenza;0;20:42:02|LT 2
1435;26/09/2026 20:42:02;;CLIM /;DC09 / R02 / Terrazza tecnica;GF LT 2 / COMPRESSORE 01 /;Compressore 1: Richiesta /;0;Cambia a 0;Evento;GF LT;LT 2;Richiesta;0;20:42:02|LT 2
1436;26/09/2026 20:42:02;;CLIM /;DC09 / R02 / Terrazza tecnica;GF LT 2 / COMPRESSORE 02 /;Compressore 3 modalita operativa /;0;Cambia a 0;Evento;GF LT;LT 2;Modalità operativa;0;20:42:02|LT 2
1437;26/09/2026 20:42:02;;CLIM /;DC09 / R02 / Terrazza tecnica;GF LT 2 / COMPRESSORE 03 /;Compressore 3: Acceso step 1 /;0;Cambia a 0;Evento;GF LT;LT 2;Acceso step;0;20:42:02|LT 2
1438;26/09/2026 20:42:02;;CLIM /;DC09 / R02 / Terrazza tecnica;GF LT 2 / COMPRESSORE 03 /;Compressore 1: Piena potenza /;0;Cambia a 0;Evento;GF LT;LT 2;Piena potenza;0;20:42:02|LT 2
1439;26/09/2026 20:42:02;;CLIM /;DC09 / R02 / Terrazza tecnica;GF LT 2 / COMPRESSORE 03 /;Compressore 1: Richiesta /;0;Cambia a 0;Evento;GF LT;LT 2;Richiesta;0;20:42:02|LT 2
1440;26/09/2026 20:42:20;;CLIM /;DC09 / R02 / SALA DATI B2/B4;GF FW B2-B4.3 / COMPRESSORE 02 /;Compressore 2: Acceso step 2 /;0;Cambia a 1;Evento;GF FW;FW B2-B4.3;Acceso step;1;20:42:20|FW B2-B4.3
1441;26/09/2026 20:42:20;;CLIM /;DC09 / R02 / SALA DATI B2/B4;GF FW B2-B4.3 / COMPRESSORE 02 /;Compressore 2: Acceso step 1 /;0;Cambia a 0;Evento;GF FW;FW B2-B4.3;Acceso step;0;20:42:20|FW B2-B4.3
1442;26/09/2026 20:42:28;;CLIM /;DC09 / R02 / Terrazza tecnica;GF CTA PRO A 1-2 / COMPRESSORE 02 /;Compressore 2: Stato operativo /;0;Cambia a 1;Evento;GF CTA PRO;CTA PRO A 1-2;Stato operativo;1;20:42:28|CTA PRO A 1-2
1443;26/09/2026 20:42:28;;CLIM /;DC09 / R02 / Terrazza tecnica;GF CTA PRO A 1-2 / COMPRESSORE 02 /;Compressore 2: Acceso step 1 /;0;Cambia a 1;Evento;GF CTA PRO;CTA PRO A 1-2;Acceso step;1;20:42:28|CTA PRO A 1-2
1444;26/09/2026 20:42:28;;CLIM /;DC09 / R02 / Terrazza tecnica;GF CTA PRO A 1-2 / COMPRESSORE 02 /;Compressore 2: Piena potenza /;0;Cambia a 1;Evento;GF CTA PRO;CTA PRO A 1-2;Piena potenza;1;20:42:28|CTA PRO A 1-2
1445;26/09/2026 20:42:28;;CLIM /;DC09 / R02 / Terrazza tecnica;GF CTA PRO A 1-2 / COMPRESSORE 02 /;Compressore 2: Richiesta /;0;Cambia a 1;Evento;GF CTA PRO;CTA PRO A 1-2;Richiesta;1;20:42:28|CTA PRO A 1-2
1446;26/09/2026 20:42:33;;CLIM /;DC09 / R02 / SALA DATI B2/B4;GF FW B2-B4.3 / COMPRESSORE 02 /;Compressore 2: Acceso step 2 /;0;Cambia a 0;Evento;GF FW;FW B2-B4.3;Acceso step;0;20:42:33|FW B2-B4.3
1447;26/09/2026 20:42:41;;CLIM /;DC09 / R02 / Terrazza tecnica;GF LT 5 / COMPRESSORE 03 /;Compressore 4 modalita operativa /;0;Cambia a 1;Evento;GF LT;LT 5;Modalità operativa;1;20:42:41|LT 5
1448;26/09/2026 20:42:41;;CLIM /;DC09 / R02 / Terrazza tecnica;GF LT 5 / COMPRESSORE 04 /;Compressore 4: Acceso step 1 /;0;Cambia a 1;Evento;GF LT;LT 5;Acceso step;1;20:42:41|LT 5
1449;26/09/2026 20:42:41;;CLIM /;DC09 / R02 / Terrazza tecnica;GF LT 5 / COMPRESSORE 04 /;Compressore 1: Piena potenza /;0;Cambia a 1;Evento;GF LT;LT 5;Piena potenza;1;20:42:41|LT 5
1450;26/09/2026 20:42:41;;CLIM /;DC09 / R02 / Terrazza tecnica;GF LT 5 / COMPRESSORE 04 /;Compressore 4: Richiesta /;0;Cambia a 1;Evento;GF LT;LT 5;Richiesta;1;20:42:41|LT 5
1451;26/09/2026 20:43:02;;CLIM /;DC09 / R02 / Terrazza tecnica;GF LT 4 / COMPRESSORE 01 /;Compressore 1 modalita operativa /;0;Cambia a 1;Evento;GF LT;LT 4;Modalità operativa;1;20:43:02|LT 4
1452;26/09/2026 20:43:02;;CLIM /;DC09 / R02 / Terrazza tecnica;GF LT 4 / COMPRESSORE 01 /;Compressore 1: Acceso step 1 /;0;Cambia a 1;Evento;GF LT;LT 4;Acceso step;1;20:43:02|LT 4
1453;26/09/2026 20:43:02;;CLIM /;DC09 / R02 / Terrazza tecnica;GF LT 4 / COMPRESSORE 01 /;Compressore 1: Piena potenza /;0;Cambia a 1;Evento;GF LT;LT 4;Piena potenza;1;20:43:02|LT 4
1454;26/09/2026 20:43:02;;CLIM /;DC09 / R02 / Terrazza tecnica;GF LT 4 / COMPRESSORE 01 /;Compressore 1: Richiesta /;0;Cambia a 1;Evento;GF LT;LT 4;Richiesta;1;20:43:02|LT 4
1455;26/09/2026 20:43:49;;CLIM /;DC09 / R02 / Terrazza tecnica;GF CTA PRO A 3-4 / COMPRESSORE 01 /;Compressore 1: Stato operativo /;0;Cambia a 1;Evento;GF CTA PRO;CTA PRO A 3-4;Stato operativo;1;20:43:49|CTA PRO A 3-4
1456;26/09/2026 20:43:49;;CLIM /;DC09 / R02 / Terrazza tecnica;GF CTA PRO A 3-4 / COMPRESSORE 01 /;Compressore 1: Acceso step 1 /;0;Cambia a 1;Evento;GF CTA PRO;CTA PRO A 3-4;Acceso step;1;20:43:49|CTA PRO A 3-4
1457;26/09/2026 20:43:49;;CLIM /;DC09 / R02 / Terrazza tecnica;GF CTA PRO A 3-4 / COMPRESSORE 01 /;Compressore 1: Piena potenza /;0;Cambia a 1;Evento;GF CTA PRO;CTA PRO A 3-4;Piena potenza;1;20:43:49|CTA PRO A 3-4
1458;26/09/2026 20:43:49;;CLIM /;DC09 / R02 / Terrazza tecnica;GF CTA PRO A 3-4 / COMPRESSORE 01 /;Compressore 1: Richiesta /;0;Cambia a 1;Evento;GF CTA PRO;CTA PRO A 3-4;Richiesta;1;20:43:49|CTA PRO A 3-4
1459;26/09/2026 20:44:14;;CLIM /;DC09 / R02 / Terrazza tecnica;GF LT 6 / COMPRESSORE 01 /;Compressore 1 modalita operativa /;0;Cambia a 0;Evento;GF LT;LT 6;Modalità operativa;0;20:44:14|LT 6
1460;26/09/2026 20:44:14;;CLIM /;DC09 / R02 / Terrazza tecnica;GF LT 6 / COMPRESSORE 01 /;Compressore 1: Acceso step 1 /;0;Cambia a 0;Evento;GF LT;LT 6;Acceso step;0;20:44:14|LT 6
1461;26/09/2026 20:44:14;;CLIM /;DC09 / R02 / Terrazza tecnica;GF LT 6 / COMPRESSORE 01 /;Compressore 1: Piena potenza /;0;Cambia a 0;Evento;GF LT;LT 6;Piena potenza;0;20:44:14|LT 6
1462;26/09/2026 20:44:14;;CLIM /;DC09 / R02 / Terrazza tecnica;GF LT 6 / COMPRESSORE 01 /;Compressore 1: Richiesta /;0;Cambia a 0;Evento;GF LT;LT 6;Richiesta;0;20:44:14|LT 6
1463;26/09/2026 20:44:15;;CLIM /;DC09 / R02 / Terrazza tecnica;GF CTA PRO B 3-4 / COMPRESSORE 02 /;Compressore 2: Stato operativo /;0;Cambia a 0;Evento;GF CTA PRO;CTA PRO B 3-4;Stato operativo;0;20:44:15|CTA PRO B 3-4
1464;26/09/2026 20:44:15;;CLIM /;DC09 / R02 / Terrazza tecnica;GF CTA PRO B 3-4 / COMPRESSORE 02 /;Compressore 2: Acceso step 1 /;0;Cambia a 0;Evento;GF CTA PRO;CTA PRO B 3-4;Acceso step;0;20:44:15|CTA PRO B 3-4
1465;26/09/2026 20:44:15;;CLIM /;DC09 / R02 / Terrazza tecnica;GF CTA PRO B 3-4 / COMPRESSORE 02 /;Compressore 2: Piena potenza /;0;Cambia a 0;Evento;GF CTA PRO;CTA PRO B 3-4;Piena potenza;0;20:44:15|CTA PRO B 3-4
1466;26/09/2026 20:44:15;;CLIM /;DC09 / R02 / Terrazza tecnica;GF CTA PRO B 3-4 / COMPRESSORE 02 /;Compressore 2: Richiesta /;0;Cambia a 0;Evento;GF CTA PRO;CTA PRO B 3-4;Richiesta;0;20:44:15|CTA PRO B 3-4
1467;26/09/2026 20:44:20;;CLIM /;DC09 / R02 / Terrazza tecnica;GF LT 2 / COMPRESSORE 02 /;Compressore 2 modalita operativa /;0;Cambia a 1;Evento;GF LT;LT 2;Modalità operativa;1;20:44:20|LT 2
1468;26/09/2026 20:44:20;;CLIM /;DC09 / R02 / Terrazza tecnica;GF LT 2 / COMPRESSORE 02 /;Compressore 2: Acceso step 1 /;0;Cambia a 1;Evento;GF LT;LT 2;Acceso step;1;20:44:20|LT 2
1469;26/09/2026 20:44:20;;CLIM /;DC09 / R02 / Terrazza tecnica;GF LT 2 / COMPRESSORE 02 /;Compressore 1: Piena potenza /;0;Cambia a 1;Evento;GF LT;LT 2;Piena potenza;1;20:44:20|LT 2
1470;26/09/2026 20:44:20;;CLIM /;DC09 / R02 / Terrazza tecnica;GF LT 2 / COMPRESSORE 02 /;Compressore 1: Richiesta /;0;Cambia a 1;Evento;GF LT;LT 2;Richiesta;1;20:44:20|LT 2
1471;26/09/2026 20:44:43;;CLIM /;DC09 / R02 / SALA DATI B2/B4;GF FW B2-B4.3 / COMPRESSORE 01 /;Compressore 1: Freecooling /;0;Cambia a 1;Evento;GF FW;FW B2-B4.3;Freecooling;1;20:44:43|FW B2-B4.3
1472;26/09/2026 20:44:43;;CLIM /;DC09 / R02 / SALA DATI B2/B4;GF FW B2-B4.3 / COMPRESSORE 02 /;Compressore 2: Freecooling /;0;Cambia a 1;Evento;GF FW;FW B2-B4.3;Freecooling;1;20:44:43|FW B2-B4.3
1473;26/09/2026 20:45:07;;CLIM /;DC09 / R02 / SALA DATI B2/B4;GF FW B2-B4.5 / COMPRESSORE 01 /;Compressore 1: Pompa spenta /;0;Cambia a 1;Evento;GF FW;FW B2-B4.5;Pompa spenta;1;20:45:07|FW B2-B4.5
1474;26/09/2026 20:45:11;;CLIM /;DC09 / R02 / SALA DATI B2/B4;GF FW B2-B4.5 / COMPRESSORE 01 /;Stato di funzionamento compressore 1 /;0;Cambia a 0;Evento;GF FW;FW B2-B4.5;Stato funzionamento;0;20:45:11|FW B2-B4.5
1475;26/09/2026 20:45:11;;CLIM /;DC09 / R02 / SALA DATI B2/B4;GF FW B2-B4.5 / COMPRESSORE 01 /;Compressore 1: Pompa spenta /;0;Cambia a 0;Evento;GF FW;FW B2-B4.5;Pompa spenta;0;20:45:11|FW B2-B4.5
1476;26/09/2026 20:45:11;;CLIM /;DC09 / R02 / SALA DATI B2/B4;GF FW B2-B4.5 / COMPRESSORE 01 /;Compressore 1: Piena potenza /;0;Cambia a 0;Evento;GF FW;FW B2-B4.5;Piena potenza;0;20:45:11|FW B2-B4.5
1477;26/09/2026 20:45:11;;CLIM /;DC09 / R02 / SALA DATI B2/B4;GF FW B2-B4.5 / COMPRESSORE 01 /;Compressore 1: Richiesta /;0;Cambia a 0;Evento;GF FW;FW B2-B4.5;Richiesta;0;20:45:11|FW B2-B4.5
1478;26/09/2026 20:45:25;;CLIM /;DC09 / R02 / Terrazza tecnica;GF CTA PRO A 1-2 / COMPRESSORE 02 /;Compressore 2: Stato operativo /;0;Cambia a 0;Evento;GF CTA PRO;CTA PRO A 1-2;Stato operativo;0;20:45:25|CTA PRO A 1-2
1479;26/09/2026 20:45:25;;CLIM /;DC09 / R02 / Terrazza tecnica;GF CTA PRO A 1-2 / COMPRESSORE 02 /;Compressore 2: Acceso step 1 /;0;Cambia a 0;Evento;GF CTA PRO;CTA PRO A 1-2;Acceso step;0;20:45:25|CTA PRO A 1-2
1480;26/09/2026 20:45:25;;CLIM /;DC09 / R02 / Terrazza tecnica;GF CTA PRO A 1-2 / COMPRESSORE 02 /;Compressore 2: Piena potenza /;0;Cambia a 0;Evento;GF CTA PRO;CTA PRO A 1-2;Piena potenza;0;20:45:25|CTA PRO A 1-2
1481;26/09/2026 20:45:25;;CLIM /;DC09 / R02 / Terrazza tecnica;GF CTA PRO A 1-2 / COMPRESSORE 02 /;Compressore 2: Richiesta /;0;Cambia a 0;Evento;GF CTA PRO;CTA PRO A 1-2;Richiesta;0;20:45:25|CTA PRO A 1-2
1482;26/09/2026 20:45:40;;CLIM /;DC09 / R02 / Terrazza tecnica;GF LT 4 / COMPRESSORE 01 /;Compressore 1 modalita operativa /;0;Cambia a 0;Evento;GF LT;LT 4;Modalità operativa;0;20:45:40|LT 4
1483;26/09/2026 20:45:40;;CLIM /;DC09 / R02 / Terrazza tecnica;GF LT 4 / COMPRESSORE 01 /;Compressore 1: Acceso step 1 /;0;Cambia a 0;Evento;GF LT;LT 4;Acceso step;0;20:45:40|LT 4
1484;26/09/2026 20:45:40;;CLIM /;DC09 / R02 / Terrazza tecnica;GF LT 4 / COMPRESSORE 01 /;Compressore 1: Piena potenza /;0;Cambia a 0;Evento;GF LT;LT 4;Piena potenza;0;20:45:40|LT 4
1485;26/09/2026 20:45:40;;CLIM /;DC09 / R02 / Terrazza tecnica;GF LT 4 / COMPRESSORE 01 /;Compressore 1: Richiesta /;0;Cambia a 0;Evento;GF LT;LT 4;Richiesta;0;20:45:40|LT 4
1486;26/09/2026 20:47:11;;CLIM /;DC09 / R02 / Terrazza tecnica;GF LT 6 / COMPRESSORE 02 /;Compressore 3 modalita operativa /;0;Cambia a 1;Evento;GF LT;LT 6;Modalità operativa;1;20:47:11|LT 6
1487;26/09/2026 20:47:11;;CLIM /;DC09 / R02 / Terrazza tecnica;GF LT 6 / COMPRESSORE 03 /;Compressore 3: Acceso step 1 /;0;Cambia a 1;Evento;GF LT;LT 6;Acceso step;1;20:47:11|LT 6
1488;26/09/2026 20:47:11;;CLIM /;DC09 / R02 / Terrazza tecnica;GF LT 6 / COMPRESSORE 03 /;Compressore 1: Piena potenza /;0;Cambia a 1;Evento;GF LT;LT 6;Piena potenza;1;20:47:11|LT 6
1489;26/09/2026 20:47:11;;CLIM /;DC09 / R02 / Terrazza tecnica;GF LT 6 / COMPRESSORE 03 /;Compressore 1: Richiesta /;0;Cambia a 1;Evento;GF LT;LT 6;Richiesta;1;20:47:11|LT 6
1490;26/09/2026 20:47:17;;CLIM /;DC09 / R02 / Terrazza tecnica;GF LT 2 / COMPRESSORE 03 /;Compressore 4 modalita operativa /;0;Cambia a 1;Evento;GF LT;LT 2;Modalità operativa;1;20:47:17|LT 2
1491;26/09/2026 20:47:17;;CLIM /;DC09 / R02 / Terrazza tecnica;GF LT 2 / COMPRESSORE 04 /;Compressore 4: Acceso step 1 /;0;Cambia a 1;Evento;GF LT;LT 2;Acceso step;1;20:47:17|LT 2
1492;26/09/2026 20:47:17;;CLIM /;DC09 / R02 / Terrazza tecnica;GF LT 2 / COMPRESSORE 04 /;Compressore 1: Piena potenza /;0;Cambia a 1;Evento;GF LT;LT 2;Piena potenza;1;20:47:17|LT 2
1493;26/09/2026 20:47:17;;CLIM /;DC09 / R02 / Terrazza tecnica;GF LT 2 / COMPRESSORE 04 /;Compressore 4: Richiesta /;0;Cambia a 1;Evento;GF LT;LT 2;Richiesta;1;20:47:17|LT 2
1494;26/09/2026 20:47:34;;CLIM /;DC09 / R02 / Terrazza tecnica;GF LT 5 / COMPRESSORE 03 /;Compressore 4 modalita operativa /;0;Cambia a 0;Evento;GF LT;LT 5;Modalità operativa;0;20:47:34|LT 5
1495;26/09/2026 20:47:34;;CLIM /;DC09 / R02 / Terrazza tecnica;GF LT 5 / COMPRESSORE 04 /;Compressore 4: Acceso step 1 /;0;Cambia a 0;Evento;GF LT;LT 5;Acceso step;0;20:47:34|LT 5
1496;26/09/2026 20:47:34;;CLIM /;DC09 / R02 / Terrazza tecnica;GF LT 5 / COMPRESSORE 04 /;Compressore 1: Piena potenza /;0;Cambia a 0;Evento;GF LT;LT 5;Piena potenza;0;20:47:34|LT 5
1497;26/09/2026 20:47:34;;CLIM /;DC09 / R02 / Terrazza tecnica;GF LT 5 / COMPRESSORE 04 /;Compressore 4: Richiesta /;0;Cambia a 0;Evento;GF LT;LT 5;Richiesta;0;20:47:34|LT 5
1498;26/09/2026 20:47:44;;CLIM /;DC09 / R02 / Terrazza tecnica;GF CTA PRO A 3-4 / COMPRESSORE 01 /;Compressore 1: Stato operativo /;0;Cambia a 0;Evento;GF CTA PRO;CTA PRO A 3-4;Stato operativo;0;20:47:44|CTA PRO A 3-4
1499;26/09/2026 20:47:44;;CLIM /;DC09 / R02 / Terrazza tecnica;GF CTA PRO A 3-4 / COMPRESSORE 01 /;Compressore 1: Acceso step 1 /;0;Cambia a 0;Evento;GF CTA PRO;CTA PRO A 3-4;Acceso step;0;20:47:44|CTA PRO A 3-4
1500;26/09/2026 20:47:44;;CLIM /;DC09 / R02 / Terrazza tecnica;GF CTA PRO A 3-4 / COMPRESSORE 01 /;Compressore 1: Piena potenza /;0;Cambia a 0;Evento;GF CTA PRO;CTA PRO A 3-4;Piena potenza;0;20:47:44|CTA PRO A 3-4
1501;26/09/2026 20:47:44;;CLIM /;DC09 / R02 / Terrazza tecnica;GF CTA PRO A 3-4 / COMPRESSORE 01 /;Compressore 1: Richiesta /;0;Cambia a 0;Evento;GF CTA PRO;CTA PRO A 3-4;Richiesta;0;20:47:44|CTA PRO A 3-4
1502;26/09/2026 20:47:55;;CLIM /;DC09 / R02 / Terrazza tecnica;GF CTA PRO B 1-2 / COMPRESSORE 02 /;Compressore 2: Stato operativo /;0;Cambia a 1;Evento;GF CTA PRO;CTA PRO B 1-2;Stato operativo;1;20:47:55|CTA PRO B 1-2
1503;26/09/2026 20:47:55;;CLIM /;DC09 / R02 / Terrazza tecnica;GF CTA PRO B 1-2 / COMPRESSORE 02 /;Compressore 2: Acceso step 1 /;0;Cambia a 1;Evento;GF CTA PRO;CTA PRO B 1-2;Acceso step;1;20:47:55|CTA PRO B 1-2
1504;26/09/2026 20:47:55;;CLIM /;DC09 / R02 / Terrazza tecnica;GF CTA PRO B 1-2 / COMPRESSORE 02 /;Compressore 2: Piena potenza /;0;Cambia a 1;Evento;GF CTA PRO;CTA PRO B 1-2;Piena potenza;1;20:47:55|CTA PRO B 1-2
1505;26/09/2026 20:47:55;;CLIM /;DC09 / R02 / Terrazza tecnica;GF CTA PRO B 1-2 / COMPRESSORE 02 /;Compressore 2: Richiesta /;0;Cambia a 1;Evento;GF CTA PRO;CTA PRO B 1-2;Richiesta;1;20:47:55|CTA PRO B 1-2
1506;26/09/2026 20:48:57;;CLIM /;DC09 / R02 / Terrazza tecnica;GF LT 4 / COMPRESSORE 02 /;Compressore 3 modalita operativa /;0;Cambia a 1;Evento;GF LT;LT 4;Modalità operativa;1;20:48:57|LT 4
1507;26/09/2026 20:48:57;;CLIM /;DC09 / R02 / Terrazza tecnica;GF LT 4 / COMPRESSORE 03 /;Compressore 3: Acceso step 1 /;0;Cambia a 1;Evento;GF LT;LT 4;Acceso step;1;20:48:57|LT 4
1508;26/09/2026 20:48:57;;CLIM /;DC09 / R02 / Terrazza tecnica;GF LT 4 / COMPRESSORE 03 /;Compressore 1: Piena potenza /;0;Cambia a 1;Evento;GF LT;LT 4;Piena potenza;1;20:48:57|LT 4
1509;26/09/2026 20:48:57;;CLIM /;DC09 / R02 / Terrazza tecnica;GF LT 4 / COMPRESSORE 03 /;Compressore 1: Richiesta /;0;Cambia a 1;Evento;GF LT;LT 4;Richiesta;1;20:48:57|LT 4
1510;26/09/2026 20:49:49;;CLIM /;DC09 / R02 / Terrazza tecnica;GF CTA PRO B 3-4 / COMPRESSORE 01 /;Compressore 1: Stato operativo /;0;Cambia a 1;Evento;GF CTA PRO;CTA PRO B 3-4;Stato operativo;1;20:49:49|CTA PRO B 3-4
1511;26/09/2026 20:49:49;;CLIM /;DC09 / R02 / Terrazza tecnica;GF CTA PRO B 3-4 / COMPRESSORE 01 /;Compressore 1: Acceso step 1 /;0;Cambia a 1;Evento;GF CTA PRO;CTA PRO B 3-4;Acceso step;1;20:49:49|CTA PRO B 3-4
1512;26/09/2026 20:49:49;;CLIM /;DC09 / R02 / Terrazza tecnica;GF CTA PRO B 3-4 / COMPRESSORE 01 /;Compressore 1: Piena potenza /;0;Cambia a 1;Evento;GF CTA PRO;CTA PRO B 3-4;Piena potenza;1;20:49:49|CTA PRO B 3-4
1513;26/09/2026 20:49:49;;CLIM /;DC09 / R02 / Terrazza tecnica;GF CTA PRO B 3-4 / COMPRESSORE 01 /;Compressore 1: Richiesta /;0;Cambia a 1;Evento;GF CTA PRO;CTA PRO B 3-4;Richiesta;1;20:49:49|CTA PRO B 3-4
1514;26/09/2026 20:50:27;;CLIM /;DC09 / R02 / Terrazza tecnica;GF LT 6 / COMPRESSORE 03 /;Compressore 4 modalita operativa /;0;Cambia a 1;Evento;GF LT;LT 6;Modalità operativa;1;20:50:27|LT 6
1515;26/09/2026 20:50:27;;CLIM /;DC09 / R02 / Terrazza tecnica;GF LT 6 / COMPRESSORE 04 /;Compressore 4: Acceso step 1 /;0;Cambia a 1;Evento;GF LT;LT 6;Acceso step;1;20:50:27|LT 6
1516;26/09/2026 20:50:27;;CLIM /;DC09 / R02 / Terrazza tecnica;GF LT 6 / COMPRESSORE 04 /;Compressore 1: Piena potenza /;0;Cambia a 1;Evento;GF LT;LT 6;Piena potenza;1;20:50:27|LT 6
1517;26/09/2026 20:50:27;;CLIM /;DC09 / R02 / Terrazza tecnica;GF LT 6 / COMPRESSORE 04 /;Compressore 4: Richiesta /;0;Cambia a 1;Evento;GF LT;LT 6;Richiesta;1;20:50:27|LT 6
1518;26/09/2026 20:50:30;;CLIM /;DC09 / R02 / SALA DATI B2/B4;GF FW B2-B4.5 / COMPRESSORE 01 /;Compressore 1: Richiesta /;0;Cambia a 1;Evento;GF FW;FW B2-B4.5;Richiesta;1;20:50:30|FW B2-B4.5
1519;26/09/2026 20:50:32;;CLIM /;DC09 / R02 / SALA DATI B2/B4;GF FW B2-B4.5 / COMPRESSORE 01 /;Stato di funzionamento compressore 1 /;0;Cambia a 1;Evento;GF FW;FW B2-B4.5;Stato funzionamento;1;20:50:32|FW B2-B4.5
1520;26/09/2026 20:50:32;;CLIM /;DC09 / R02 / SALA DATI B2/B4;GF FW B2-B4.5 / COMPRESSORE 01 /;Compressore 1: Piena potenza /;0;Cambia a 1;Evento;GF FW;FW B2-B4.5;Piena potenza;1;20:50:32|FW B2-B4.5
1521;26/09/2026 20:51:12;;CLIM /;DC09 / R02 / Terrazza tecnica;GF LT 2 / COMPRESSORE 03 /;Compressore 4 modalita operativa /;0;Cambia a 0;Evento;GF LT;LT 2;Modalità operativa;0;20:51:12|LT 2
1522;26/09/2026 20:51:12;;CLIM /;DC09 / R02 / Terrazza tecnica;GF LT 2 / COMPRESSORE 04 /;Compressore 4: Acceso step 1 /;0;Cambia a 0;Evento;GF LT;LT 2;Acceso step;0;20:51:12|LT 2
1523;26/09/2026 20:51:12;;CLIM /;DC09 / R02 / Terrazza tecnica;GF LT 2 / COMPRESSORE 04 /;Compressore 1: Piena potenza /;0;Cambia a 0;Evento;GF LT;LT 2;Piena potenza;0;20:51:12|LT 2
1524;26/09/2026 20:51:12;;CLIM /;DC09 / R02 / Terrazza tecnica;GF LT 2 / COMPRESSORE 04 /;Compressore 4: Richiesta /;0;Cambia a 0;Evento;GF LT;LT 2;Richiesta;0;20:51:12|LT 2
1525;26/09/2026 20:51:46;;CLIM /;DC09 / R02 / Terrazza tecnica;GF LT 6 / COMPRESSORE 02 /;Compressore 3 modalita operativa /;0;Cambia a 0;Evento;GF LT;LT 6;Modalità operativa;0;20:51:46|LT 6
1526;26/09/2026 20:51:46;;CLIM /;DC09 / R02 / Terrazza tecnica;GF LT 6 / COMPRESSORE 03 /;Compressore 3: Acceso step 1 /;0;Cambia a 0;Evento;GF LT;LT 6;Acceso step;0;20:51:46|LT 6
1527;26/09/2026 20:51:46;;CLIM /;DC09 / R02 / Terrazza tecnica;GF LT 6 / COMPRESSORE 03 /;Compressore 1: Piena potenza /;0;Cambia a 0;Evento;GF LT;LT 6;Piena potenza;0;20:51:46|LT 6
1528;26/09/2026 20:51:46;;CLIM /;DC09 / R02 / Terrazza tecnica;GF LT 6 / COMPRESSORE 03 /;Compressore 1: Richiesta /;0;Cambia a 0;Evento;GF LT;LT 6;Richiesta;0;20:51:46|LT 6
1529;26/09/2026 20:52:33;;CLIM /;DC09 / R02 / Terrazza tecnica;GF LT 4 / COMPRESSORE 02 /;Compressore 3 modalita operativa /;0;Cambia a 0;Evento;GF LT;LT 4;Modalità operativa;0;20:52:33|LT 4
1530;26/09/2026 20:52:33;;CLIM /;DC09 / R02 / Terrazza tecnica;GF LT 4 / COMPRESSORE 03 /;Compressore 3: Acceso step 1 /;0;Cambia a 0;Evento;GF LT;LT 4;Acceso step;0;20:52:33|LT 4
1531;26/09/2026 20:52:33;;CLIM /;DC09 / R02 / Terrazza tecnica;GF LT 4 / COMPRESSORE 03 /;Compressore 1: Piena potenza /;0;Cambia a 0;Evento;GF LT;LT 4;Piena potenza;0;20:52:33|LT 4
1532;26/09/2026 20:52:33;;CLIM /;DC09 / R02 / Terrazza tecnica;GF LT 4 / COMPRESSORE 03 /;Compressore 1: Richiesta /;0;Cambia a 0;Evento;GF LT;LT 4;Richiesta;0;20:52:33|LT 4
1533;26/09/2026 20:53:16;;CLIM /;DC09 / R02 / Terrazza tecnica;GF CTA PRO A 1-2 / COMPRESSORE 01 /;Compressore 1: Stato operativo /;0;Cambia a 1;Evento;GF CTA PRO;CTA PRO A 1-2;Stato operativo;1;20:53:16|CTA PRO A 1-2
1534;26/09/2026 20:53:16;;CLIM /;DC09 / R02 / Terrazza tecnica;GF CTA PRO A 1-2 / COMPRESSORE 01 /;Compressore 1: Acceso step 1 /;0;Cambia a 1;Evento;GF CTA PRO;CTA PRO A 1-2;Acceso step;1;20:53:16|CTA PRO A 1-2
1535;26/09/2026 20:53:16;;CLIM /;DC09 / R02 / Terrazza tecnica;GF CTA PRO A 1-2 / COMPRESSORE 01 /;Compressore 1: Piena potenza /;0;Cambia a 1;Evento;GF CTA PRO;CTA PRO A 1-2;Piena potenza;1;20:53:16|CTA PRO A 1-2
1536;26/09/2026 20:53:16;;CLIM /;DC09 / R02 / Terrazza tecnica;GF CTA PRO A 1-2 / COMPRESSORE 01 /;Compressore 1: Richiesta /;0;Cambia a 1;Evento;GF CTA PRO;CTA PRO A 1-2;Richiesta;1;20:53:16|CTA PRO A 1-2
1537;26/09/2026 20:54:22;;CLIM /;DC09 / R02 / Terrazza tecnica;GF CTA PRO B 3-4 / COMPRESSORE 01 /;Compressore 1: Stato operativo /;0;Cambia a 0;Evento;GF CTA PRO;CTA PRO B 3-4;Stato operativo;0;20:54:22|CTA PRO B 3-4
1538;26/09/2026 20:54:22;;CLIM /;DC09 / R02 / Terrazza tecnica;GF CTA PRO B 3-4 / COMPRESSORE 01 /;Compressore 1: Acceso step 1 /;0;Cambia a 0;Evento;GF CTA PRO;CTA PRO B 3-4;Acceso step;0;20:54:22|CTA PRO B 3-4
1539;26/09/2026 20:54:22;;CLIM /;DC09 / R02 / Terrazza tecnica;GF CTA PRO B 3-4 / COMPRESSORE 01 /;Compressore 1: Piena potenza /;0;Cambia a 0;Evento;GF CTA PRO;CTA PRO B 3-4;Piena potenza;0;20:54:22|CTA PRO B 3-4
1540;26/09/2026 20:54:22;;CLIM /;DC09 / R02 / Terrazza tecnica;GF CTA PRO B 3-4 / COMPRESSORE 01 /;Compressore 1: Richiesta /;0;Cambia a 0;Evento;GF CTA PRO;CTA PRO B 3-4;Richiesta;0;20:54:22|CTA PRO B 3-4
1541;26/09/2026 20:54:23;;CLIM /;DC09 / R02 / Terrazza tecnica;GF LT 6 / COMPRESSORE 03 /;Compressore 4 modalita operativa /;0;Cambia a 0;Evento;GF LT;LT 6;Modalità operativa;0;20:54:23|LT 6
1542;26/09/2026 20:54:23;;CLIM /;DC09 / R02 / Terrazza tecnica;GF LT 6 / COMPRESSORE 04 /;Compressore 4: Acceso step 1 /;0;Cambia a 0;Evento;GF LT;LT 6;Acceso step;0;20:54:23|LT 6
1543;26/09/2026 20:54:23;;CLIM /;DC09 / R02 / Terrazza tecnica;GF LT 6 / COMPRESSORE 04 /;Compressore 1: Piena potenza /;0;Cambia a 0;Evento;GF LT;LT 6;Piena potenza;0;20:54:23|LT 6
1544;26/09/2026 20:54:23;;CLIM /;DC09 / R02 / Terrazza tecnica;GF LT 6 / COMPRESSORE 04 /;Compressore 4: Richiesta /;0;Cambia a 0;Evento;GF LT;LT 6;Richiesta;0;20:54:23|LT 6
1545;26/09/2026 20:54:45;;CLIM /;DC09 / R02 / SALA DATI B1/B3;GF FW B1-B3.6 / COMPRESSORE 01 /;Compressore 1: Freecooling /;0;Cambia a 1;Evento;GF FW;FW B1-B3.6;Freecooling;1;20:54:45|FW B1-B3.6
1546;26/09/2026 20:54:45;;CLIM /;DC09 / R02 / SALA DATI B1/B3;GF FW B1-B3.6 / COMPRESSORE 02 /;Compressore 2: Freecooling /;0;Cambia a 1;Evento;GF FW;FW B1-B3.6;Freecooling;1;20:54:45|FW B1-B3.6
1547;26/09/2026 20:55:46;;CLIM /;DC09 / R02 / Terrazza tecnica;GF CTA PRO B 1-2 / COMPRESSORE 02 /;Compressore 2: Stato operativo /;0;Cambia a 0;Evento;GF CTA PRO;CTA PRO B 1-2;Stato operativo;0;20:55:46|CTA PRO B 1-2
1548;26/09/2026 20:55:46;;CLIM /;DC09 / R02 / Terrazza tecnica;GF CTA PRO B 1-2 / COMPRESSORE 02 /;Compressore 2: Acceso step 1 /;0;Cambia a 0;Evento;GF CTA PRO;CTA PRO B 1-2;Acceso step;0;20:55:46|CTA PRO B 1-2
1549;26/09/2026 20:55:46;;CLIM /;DC09 / R02 / Terrazza tecnica;GF CTA PRO B 1-2 / COMPRESSORE 02 /;Compressore 2: Piena potenza /;0;Cambia a 0;Evento;GF CTA PRO;CTA PRO B 1-2;Piena potenza;0;20:55:46|CTA PRO B 1-2
1550;26/09/2026 20:55:46;;CLIM /;DC09 / R02 / Terrazza tecnica;GF CTA PRO B 1-2 / COMPRESSORE 02 /;Compressore 2: Richiesta /;0;Cambia a 0;Evento;GF CTA PRO;CTA PRO B 1-2;Richiesta;0;20:55:46|CTA PRO B 1-2
1551;26/09/2026 20:55:53;;CLIM /;DC09 / R02 / Terrazza tecnica;GF CTA PRO A 1-2 / COMPRESSORE 01 /;Compressore 1: Stato operativo /;0;Cambia a 0;Evento;GF CTA PRO;CTA PRO A 1-2;Stato operativo;0;20:55:53|CTA PRO A 1-2
1552;26/09/2026 20:55:53;;CLIM /;DC09 / R02 / Terrazza tecnica;GF CTA PRO A 1-2 / COMPRESSORE 01 /;Compressore 1: Acceso step 1 /;0;Cambia a 0;Evento;GF CTA PRO;CTA PRO A 1-2;Acceso step;0;20:55:53|CTA PRO A 1-2
1553;26/09/2026 20:55:53;;CLIM /;DC09 / R02 / Terrazza tecnica;GF CTA PRO A 1-2 / COMPRESSORE 01 /;Compressore 1: Piena potenza /;0;Cambia a 0;Evento;GF CTA PRO;CTA PRO A 1-2;Piena potenza;0;20:55:53|CTA PRO A 1-2
1554;26/09/2026 20:55:53;;CLIM /;DC09 / R02 / Terrazza tecnica;GF CTA PRO A 1-2 / COMPRESSORE 01 /;Compressore 1: Richiesta /;0;Cambia a 0;Evento;GF CTA PRO;CTA PRO A 1-2;Richiesta;0;20:55:53|CTA PRO A 1-2
1555;26/09/2026 20:56:06;;CLIM /;DC09 / R02 / Terrazza tecnica;GF LT 2 / COMPRESSORE 02 /;Compressore 3 modalita operativa /;0;Cambia a 1;Evento;GF LT;LT 2;Modalità operativa;1;20:56:06|LT 2
1556;26/09/2026 20:56:06;;CLIM /;DC09 / R02 / Terrazza tecnica;GF LT 2 / COMPRESSORE 03 /;Compressore 3: Acceso step 1 /;0;Cambia a 1;Evento;GF LT;LT 2;Acceso step;1;20:56:06|LT 2
1557;26/09/2026 20:56:06;;CLIM /;DC09 / R02 / Terrazza tecnica;GF LT 2 / COMPRESSORE 03 /;Compressore 1: Piena potenza /;0;Cambia a 1;Evento;GF LT;LT 2;Piena potenza;1;20:56:06|LT 2
1558;26/09/2026 20:56:06;;CLIM /;DC09 / R02 / Terrazza tecnica;GF LT 2 / COMPRESSORE 03 /;Compressore 1: Richiesta /;0;Cambia a 1;Evento;GF LT;LT 2;Richiesta;1;20:56:06|LT 2
1559;26/09/2026 20:56:41;;CLIM /;DC09 / R02 / Terrazza tecnica;GF LT 6 / COMPRESSORE 02 /;Compressore 2 modalita operativa /;0;Cambia a 1;Evento;GF LT;LT 6;Modalità operativa;1;20:56:41|LT 6
1560;26/09/2026 20:56:41;;CLIM /;DC09 / R02 / Terrazza tecnica;GF LT 6 / COMPRESSORE 02 /;Compressore 2: Acceso step 1 /;0;Cambia a 1;Evento;GF LT;LT 6;Acceso step;1;20:56:41|LT 6
1561;26/09/2026 20:56:41;;CLIM /;DC09 / R02 / Terrazza tecnica;GF LT 6 / COMPRESSORE 02 /;Compressore 1: Piena potenza /;0;Cambia a 1;Evento;GF LT;LT 6;Piena potenza;1;20:56:41|LT 6
1562;26/09/2026 20:56:41;;CLIM /;DC09 / R02 / Terrazza tecnica;GF LT 6 / COMPRESSORE 02 /;Compressore 1: Richiesta /;0;Cambia a 1;Evento;GF LT;LT 6;Richiesta;1;20:56:41|LT 6
1563;26/09/2026 20:57:08;;CLIM /;DC09 / R02 / Terrazza tecnica;GF LT 4 / COMPRESSORE 02 /;Compressore 2 modalita operativa /;0;Cambia a 1;Evento;GF LT;LT 4;Modalità operativa;1;20:57:08|LT 4
1564;26/09/2026 20:57:08;;CLIM /;DC09 / R02 / Terrazza tecnica;GF LT 4 / COMPRESSORE 02 /;Compressore 2: Acceso step 1 /;0;Cambia a 1;Evento;GF LT;LT 4;Acceso step;1;20:57:08|LT 4
1565;26/09/2026 20:57:08;;CLIM /;DC09 / R02 / Terrazza tecnica;GF LT 4 / COMPRESSORE 02 /;Compressore 1: Piena potenza /;0;Cambia a 1;Evento;GF LT;LT 4;Piena potenza;1;20:57:08|LT 4
1566;26/09/2026 20:57:08;;CLIM /;DC09 / R02 / Terrazza tecnica;GF LT 4 / COMPRESSORE 02 /;Compressore 1: Richiesta /;0;Cambia a 1;Evento;GF LT;LT 4;Richiesta;1;20:57:08|LT 4
1567;26/09/2026 20:58:04;;CLIM /;DC09 / R02 / Terrazza tecnica;GF LT 2 / COMPRESSORE 01 /;Compressore 1 modalita operativa /;0;Cambia a 1;Evento;GF LT;LT 2;Modalità operativa;1;20:58:04|LT 2
1568;26/09/2026 20:58:04;;CLIM /;DC09 / R02 / Terrazza tecnica;GF LT 2 / COMPRESSORE 01 /;Compressore 1: Acceso step 1 /;0;Cambia a 1;Evento;GF LT;LT 2;Acceso step;1;20:58:04|LT 2
1569;26/09/2026 20:58:04;;CLIM /;DC09 / R02 / Terrazza tecnica;GF LT 2 / COMPRESSORE 01 /;Compressore 1: Piena potenza /;0;Cambia a 1;Evento;GF LT;LT 2;Piena potenza;1;20:58:04|LT 2
1570;26/09/2026 20:58:04;;CLIM /;DC09 / R02 / Terrazza tecnica;GF LT 2 / COMPRESSORE 01 /;Compressore 1: Richiesta /;0;Cambia a 1;Evento;GF LT;LT 2;Richiesta;1;20:58:04|LT 2
1571;26/09/2026 20:59:03;;CLIM /;DC09 / R02 / Terrazza tecnica;GF LT 2 / COMPRESSORE 02 /;Compressore 2 modalita operativa /;0;Cambia a 0;Evento;GF LT;LT 2;Modalità operativa;0;20:59:03|LT 2
1572;26/09/2026 20:59:03;;CLIM /;DC09 / R02 / Terrazza tecnica;GF LT 2 / COMPRESSORE 02 /;Compressore 2: Acceso step 1 /;0;Cambia a 0;Evento;GF LT;LT 2;Acceso step;0;20:59:03|LT 2
1573;26/09/2026 20:59:03;;CLIM /;DC09 / R02 / Terrazza tecnica;GF LT 2 / COMPRESSORE 02 /;Compressore 1: Piena potenza /;0;Cambia a 0;Evento;GF LT;LT 2;Piena potenza;0;20:59:03|LT 2
1574;26/09/2026 20:59:03;;CLIM /;DC09 / R02 / Terrazza tecnica;GF LT 2 / COMPRESSORE 02 /;Compressore 1: Richiesta /;0;Cambia a 0;Evento;GF LT;LT 2;Richiesta;0;20:59:03|LT 2
1575;26/09/2026 20:59:37;;CLIM /;DC09 / R02 / Terrazza tecnica;GF CTA PRO B 3-4 / COMPRESSORE 02 /;Compressore 2: Stato operativo /;0;Cambia a 1;Evento;GF CTA PRO;CTA PRO B 3-4;Stato operativo;1;20:59:37|CTA PRO B 3-4
1576;26/09/2026 20:59:37;;CLIM /;DC09 / R02 / Terrazza tecnica;GF CTA PRO B 3-4 / COMPRESSORE 02 /;Compressore 2: Acceso step 1 /;0;Cambia a 1;Evento;GF CTA PRO;CTA PRO B 3-4;Acceso step;1;20:59:37|CTA PRO B 3-4
1577;26/09/2026 20:59:37;;CLIM /;DC09 / R02 / Terrazza tecnica;GF CTA PRO B 3-4 / COMPRESSORE 02 /;Compressore 2: Piena potenza /;0;Cambia a 1;Evento;GF CTA PRO;CTA PRO B 3-4;Piena potenza;1;20:59:37|CTA PRO B 3-4
1578;26/09/2026 20:59:37;;CLIM /;DC09 / R02 / Terrazza tecnica;GF CTA PRO B 3-4 / COMPRESSORE 02 /;Compressore 2: Richiesta /;0;Cambia a 1;Evento;GF CTA PRO;CTA PRO B 3-4;Richiesta;1;20:59:37|CTA PRO B 3-4
1579;26/09/2026 21:00:22;;CLIM /;DC09 / R02 / Terrazza tecnica;GF LT 2 / COMPRESSORE 02 /;Compressore 3 modalita operativa /;0;Cambia a 0;Evento;GF LT;LT 2;Modalità operativa;0;21:00:22|LT 2
1580;26/09/2026 21:00:22;;CLIM /;DC09 / R02 / Terrazza tecnica;GF LT 2 / COMPRESSORE 03 /;Compressore 3: Acceso step 1 /;0;Cambia a 0;Evento;GF LT;LT 2;Acceso step;0;21:00:22|LT 2
1581;26/09/2026 21:00:22;;CLIM /;DC09 / R02 / Terrazza tecnica;GF LT 2 / COMPRESSORE 03 /;Compressore 1: Piena potenza /;0;Cambia a 0;Evento;GF LT;LT 2;Piena potenza;0;21:00:22|LT 2
1582;26/09/2026 21:00:22;;CLIM /;DC09 / R02 / Terrazza tecnica;GF LT 2 / COMPRESSORE 03 /;Compressore 1: Richiesta /;0;Cambia a 0;Evento;GF LT;LT 2;Richiesta;0;21:00:22|LT 2
1583;26/09/2026 21:00:25;;CLIM /;DC09 / R02 / Terrazza tecnica;GF LT 4 / COMPRESSORE 01 /;Compressore 1 modalita operativa /;0;Cambia a 1;Evento;GF LT;LT 4;Modalità operativa;1;21:00:25|LT 4
1584;26/09/2026 21:00:25;;CLIM /;DC09 / R02 / Terrazza tecnica;GF LT 4 / COMPRESSORE 01 /;Compressore 1: Acceso step 1 /;0;Cambia a 1;Evento;GF LT;LT 4;Acceso step;1;21:00:25|LT 4
1585;26/09/2026 21:00:25;;CLIM /;DC09 / R02 / Terrazza tecnica;GF LT 4 / COMPRESSORE 01 /;Compressore 1: Piena potenza /;0;Cambia a 1;Evento;GF LT;LT 4;Piena potenza;1;21:00:25|LT 4
1586;26/09/2026 21:00:25;;CLIM /;DC09 / R02 / Terrazza tecnica;GF LT 4 / COMPRESSORE 01 /;Compressore 1: Richiesta /;0;Cambia a 1;Evento;GF LT;LT 4;Richiesta;1;21:00:25|LT 4
1587;26/09/2026 21:01:24;;CLIM /;DC09 / R02 / Terrazza tecnica;GF LT 4 / COMPRESSORE 02 /;Compressore 2 modalita operativa /;0;Cambia a 0;Evento;GF LT;LT 4;Modalità operativa;0;21:01:24|LT 4
1588;26/09/2026 21:01:24;;CLIM /;DC09 / R02 / Terrazza tecnica;GF LT 4 / COMPRESSORE 02 /;Compressore 2: Acceso step 1 /;0;Cambia a 0;Evento;GF LT;LT 4;Acceso step;0;21:01:24|LT 4
1589;26/09/2026 21:01:24;;CLIM /;DC09 / R02 / Terrazza tecnica;GF LT 4 / COMPRESSORE 02 /;Compressore 1: Piena potenza /;0;Cambia a 0;Evento;GF LT;LT 4;Piena potenza;0;21:01:24|LT 4
1590;26/09/2026 21:01:24;;CLIM /;DC09 / R02 / Terrazza tecnica;GF LT 4 / COMPRESSORE 02 /;Compressore 1: Richiesta /;0;Cambia a 0;Evento;GF LT;LT 4;Richiesta;0;21:01:24|LT 4
1591;26/09/2026 21:01:58;;CLIM /;DC09 / R02 / Terrazza tecnica;GF LT 5 / COMPRESSORE 01 /;Compressore 1 modalita operativa /;0;Cambia a 1;Evento;GF LT;LT 5;Modalità operativa;1;21:01:58|LT 5
1592;26/09/2026 21:01:58;;CLIM /;DC09 / R02 / Terrazza tecnica;GF LT 5 / COMPRESSORE 01 /;Compressore 1: Acceso step 1 /;0;Cambia a 1;Evento;GF LT;LT 5;Acceso step;1;21:01:58|LT 5
1593;26/09/2026 21:01:58;;CLIM /;DC09 / R02 / Terrazza tecnica;GF LT 5 / COMPRESSORE 01 /;Compressore 1: Piena potenza /;0;Cambia a 1;Evento;GF LT;LT 5;Piena potenza;1;21:01:58|LT 5
1594;26/09/2026 21:01:58;;CLIM /;DC09 / R02 / Terrazza tecnica;GF LT 5 / COMPRESSORE 01 /;Compressore 1: Richiesta /;0;Cambia a 1;Evento;GF LT;LT 5;Richiesta;1;21:01:58|LT 5
1595;26/09/2026 21:01:58;;CLIM /;DC09 / R02 / Terrazza tecnica;GF LT 5 / COMPRESSORE 02 /;Compressore 2 modalita operativa /;0;Cambia a 1;Evento;GF LT;LT 5;Modalità operativa;1;21:01:58|LT 5
1596;26/09/2026 21:01:58;;CLIM /;DC09 / R02 / Terrazza tecnica;GF LT 5 / COMPRESSORE 02 /;Compressore 2: Acceso step 1 /;0;Cambia a 1;Evento;GF LT;LT 5;Acceso step;1;21:01:58|LT 5
1597;26/09/2026 21:01:58;;CLIM /;DC09 / R02 / Terrazza tecnica;GF LT 5 / COMPRESSORE 02 /;Compressore 1: Piena potenza /;0;Cambia a 1;Evento;GF LT;LT 5;Piena potenza;1;21:01:58|LT 5
1598;26/09/2026 21:01:58;;CLIM /;DC09 / R02 / Terrazza tecnica;GF LT 5 / COMPRESSORE 02 /;Compressore 1: Richiesta /;0;Cambia a 1;Evento;GF LT;LT 5;Richiesta;1;21:01:58|LT 5
1599;26/09/2026 21:02:03;;CLIM /;DC09 / R02 / Terrazza tecnica;GF LT 4 / COMPRESSORE 01 /;Compressore 1 modalita operativa /;0;Cambia a 0;Evento;GF LT;LT 4;Modalità operativa;0;21:02:03|LT 4
1600;26/09/2026 21:02:03;;CLIM /;DC09 / R02 / Terrazza tecnica;GF LT 4 / COMPRESSORE 01 /;Compressore 1: Acceso step 1 /;0;Cambia a 0;Evento;GF LT;LT 4;Acceso step;0;21:02:03|LT 4
1601;26/09/2026 21:02:03;;CLIM /;DC09 / R02 / Terrazza tecnica;GF LT 4 / COMPRESSORE 01 /;Compressore 1: Piena potenza /;0;Cambia a 0;Evento;GF LT;LT 4;Piena potenza;0;21:02:03|LT 4
1602;26/09/2026 21:02:03;;CLIM /;DC09 / R02 / Terrazza tecnica;GF LT 4 / COMPRESSORE 01 /;Compressore 1: Richiesta /;0;Cambia a 0;Evento;GF LT;LT 4;Richiesta;0;21:02:03|LT 4
1603;26/09/2026 21:02:45;;CLIM /;DC09 / R02 / SALA DATI B1/B3;GF FW B1-B3.4 / COMPRESSORE 02 /;Compressore 2: Acceso step 2 /;0;Cambia a 1;Evento;GF FW;FW B1-B3.4;Acceso step;1;21:02:45|FW B1-B3.4
1604;26/09/2026 21:02:45;;CLIM /;DC09 / R02 / SALA DATI B1/B3;GF FW B1-B3.4 / COMPRESSORE 02 /;Compressore 2: Acceso step 1 /;0;Cambia a 0;Evento;GF FW;FW B1-B3.4;Acceso step;0;21:02:45|FW B1-B3.4
1605;26/09/2026 21:02:57;;CLIM /;DC09 / R02 / Terrazza tecnica;GF LT 5 / COMPRESSORE 01 /;Compressore 1 modalita operativa /;0;Cambia a 0;Evento;GF LT;LT 5;Modalità operativa;0;21:02:57|LT 5
1606;26/09/2026 21:02:57;;CLIM /;DC09 / R02 / Terrazza tecnica;GF LT 5 / COMPRESSORE 01 /;Compressore 1: Acceso step 1 /;0;Cambia a 0;Evento;GF LT;LT 5;Acceso step;0;21:02:57|LT 5
1607;26/09/2026 21:02:57;;CLIM /;DC09 / R02 / Terrazza tecnica;GF LT 5 / COMPRESSORE 01 /;Compressore 1: Piena potenza /;0;Cambia a 0;Evento;GF LT;LT 5;Piena potenza;0;21:02:57|LT 5
1608;26/09/2026 21:02:57;;CLIM /;DC09 / R02 / Terrazza tecnica;GF LT 5 / COMPRESSORE 01 /;Compressore 1: Richiesta /;0;Cambia a 0;Evento;GF LT;LT 5;Richiesta;0;21:02:57|LT 5
1609;26/09/2026 21:04:03;;CLIM /;DC09 / R02 / Terrazza tecnica;GF CTA PRO A 1-2 / COMPRESSORE 02 /;Compressore 2: Stato operativo /;0;Cambia a 1;Evento;GF CTA PRO;CTA PRO A 1-2;Stato operativo;1;21:04:03|CTA PRO A 1-2
1610;26/09/2026 21:04:03;;CLIM /;DC09 / R02 / Terrazza tecnica;GF CTA PRO A 1-2 / COMPRESSORE 02 /;Compressore 2: Acceso step 1 /;0;Cambia a 1;Evento;GF CTA PRO;CTA PRO A 1-2;Acceso step;1;21:04:03|CTA PRO A 1-2
1611;26/09/2026 21:04:03;;CLIM /;DC09 / R02 / Terrazza tecnica;GF CTA PRO A 1-2 / COMPRESSORE 02 /;Compressore 2: Piena potenza /;0;Cambia a 1;Evento;GF CTA PRO;CTA PRO A 1-2;Piena potenza;1;21:04:03|CTA PRO A 1-2
1612;26/09/2026 21:04:03;;CLIM /;DC09 / R02 / Terrazza tecnica;GF CTA PRO A 1-2 / COMPRESSORE 02 /;Compressore 2: Richiesta /;0;Cambia a 1;Evento;GF CTA PRO;CTA PRO A 1-2;Richiesta;1;21:04:03|CTA PRO A 1-2
1613;26/09/2026 21:04:35;;CLIM /;DC09 / R02 / Terrazza tecnica;GF CTA PRO B 1-2 / COMPRESSORE 01 /;Compressore 1: Stato operativo /;0;Cambia a 1;Evento;GF CTA PRO;CTA PRO B 1-2;Stato operativo;1;21:04:35|CTA PRO B 1-2
1614;26/09/2026 21:04:35;;CLIM /;DC09 / R02 / Terrazza tecnica;GF CTA PRO B 1-2 / COMPRESSORE 01 /;Compressore 1: Acceso step 1 /;0;Cambia a 1;Evento;GF CTA PRO;CTA PRO B 1-2;Acceso step;1;21:04:35|CTA PRO B 1-2
1615;26/09/2026 21:04:35;;CLIM /;DC09 / R02 / Terrazza tecnica;GF CTA PRO B 1-2 / COMPRESSORE 01 /;Compressore 1: Piena potenza /;0;Cambia a 1;Evento;GF CTA PRO;CTA PRO B 1-2;Piena potenza;1;21:04:35|CTA PRO B 1-2
1616;26/09/2026 21:04:35;;CLIM /;DC09 / R02 / Terrazza tecnica;GF CTA PRO B 1-2 / COMPRESSORE 01 /;Compressore 1: Richiesta /;0;Cambia a 1;Evento;GF CTA PRO;CTA PRO B 1-2;Richiesta;1;21:04:35|CTA PRO B 1-2
1617;26/09/2026 21:04:49;;CLIM /;DC09 / R02 / Terrazza tecnica;GF CTA PRO B 3-4 / COMPRESSORE 02 /;Compressore 2: Stato operativo /;0;Cambia a 0;Evento;GF CTA PRO;CTA PRO B 3-4;Stato operativo;0;21:04:49|CTA PRO B 3-4
1618;26/09/2026 21:04:49;;CLIM /;DC09 / R02 / Terrazza tecnica;GF CTA PRO B 3-4 / COMPRESSORE 02 /;Compressore 2: Acceso step 1 /;0;Cambia a 0;Evento;GF CTA PRO;CTA PRO B 3-4;Acceso step;0;21:04:49|CTA PRO B 3-4
1619;26/09/2026 21:04:49;;CLIM /;DC09 / R02 / Terrazza tecnica;GF CTA PRO B 3-4 / COMPRESSORE 02 /;Compressore 2: Piena potenza /;0;Cambia a 0;Evento;GF CTA PRO;CTA PRO B 3-4;Piena potenza;0;21:04:49|CTA PRO B 3-4
1620;26/09/2026 21:04:49;;CLIM /;DC09 / R02 / Terrazza tecnica;GF CTA PRO B 3-4 / COMPRESSORE 02 /;Compressore 2: Richiesta /;0;Cambia a 0;Evento;GF CTA PRO;CTA PRO B 3-4;Richiesta;0;21:04:49|CTA PRO B 3-4
1621;26/09/2026 21:05:24;;CLIM /;DC09 / R02 / Terrazza tecnica;GF CTA PRO A 3-4 / COMPRESSORE 02 /;Compressore 2: Stato operativo /;0;Cambia a 1;Evento;GF CTA PRO;CTA PRO A 3-4;Stato operativo;1;21:05:24|CTA PRO A 3-4
1622;26/09/2026 21:05:24;;CLIM /;DC09 / R02 / Terrazza tecnica;GF CTA PRO A 3-4 / COMPRESSORE 02 /;Compressore 2: Acceso step 1 /;0;Cambia a 1;Evento;GF CTA PRO;CTA PRO A 3-4;Acceso step;1;21:05:24|CTA PRO A 3-4
1623;26/09/2026 21:05:24;;CLIM /;DC09 / R02 / Terrazza tecnica;GF CTA PRO A 3-4 / COMPRESSORE 02 /;Compressore 2: Piena potenza /;0;Cambia a 1;Evento;GF CTA PRO;CTA PRO A 3-4;Piena potenza;1;21:05:24|CTA PRO A 3-4
1624;26/09/2026 21:05:24;;CLIM /;DC09 / R02 / Terrazza tecnica;GF CTA PRO A 3-4 / COMPRESSORE 02 /;Compressore 2: Richiesta /;0;Cambia a 1;Evento;GF CTA PRO;CTA PRO A 3-4;Richiesta;1;21:05:24|CTA PRO A 3-4
1625;26/09/2026 21:05:31;;CLIM /;DC09 / R02 / SALA DATI B2/B4;GF FW B2-B4.5 / COMPRESSORE 01 /;Compressore 1: Pompa spenta /;0;Cambia a 1;Evento;GF FW;FW B2-B4.5;Pompa spenta;1;21:05:31|FW B2-B4.5
1626;26/09/2026 21:05:35;;CLIM /;DC09 / R02 / SALA DATI B2/B4;GF FW B2-B4.5 / COMPRESSORE 01 /;Stato di funzionamento compressore 1 /;0;Cambia a 0;Evento;GF FW;FW B2-B4.5;Stato funzionamento;0;21:05:35|FW B2-B4.5
1627;26/09/2026 21:05:35;;CLIM /;DC09 / R02 / SALA DATI B2/B4;GF FW B2-B4.5 / COMPRESSORE 01 /;Compressore 1: Pompa spenta /;0;Cambia a 0;Evento;GF FW;FW B2-B4.5;Pompa spenta;0;21:05:35|FW B2-B4.5
1628;26/09/2026 21:05:35;;CLIM /;DC09 / R02 / SALA DATI B2/B4;GF FW B2-B4.5 / COMPRESSORE 01 /;Compressore 1: Piena potenza /;0;Cambia a 0;Evento;GF FW;FW B2-B4.5;Piena potenza;0;21:05:35|FW B2-B4.5
1629;26/09/2026 21:05:35;;CLIM /;DC09 / R02 / SALA DATI B2/B4;GF FW B2-B4.5 / COMPRESSORE 01 /;Compressore 1: Richiesta /;0;Cambia a 0;Evento;GF FW;FW B2-B4.5;Richiesta;0;21:05:35|FW B2-B4.5
1630;26/09/2026 21:06:41;;CLIM /;DC09 / R02 / Terrazza tecnica;GF CTA PRO A 1-2 / COMPRESSORE 02 /;Compressore 2: Stato operativo /;0;Cambia a 0;Evento;GF CTA PRO;CTA PRO A 1-2;Stato operativo;0;21:06:41|CTA PRO A 1-2
1631;26/09/2026 21:06:41;;CLIM /;DC09 / R02 / Terrazza tecnica;GF CTA PRO A 1-2 / COMPRESSORE 02 /;Compressore 2: Acceso step 1 /;0;Cambia a 0;Evento;GF CTA PRO;CTA PRO A 1-2;Acceso step;0;21:06:41|CTA PRO A 1-2
1632;26/09/2026 21:06:41;;CLIM /;DC09 / R02 / Terrazza tecnica;GF CTA PRO A 1-2 / COMPRESSORE 02 /;Compressore 2: Piena potenza /;0;Cambia a 0;Evento;GF CTA PRO;CTA PRO A 1-2;Piena potenza;0;21:06:41|CTA PRO A 1-2
1633;26/09/2026 21:06:41;;CLIM /;DC09 / R02 / Terrazza tecnica;GF CTA PRO A 1-2 / COMPRESSORE 02 /;Compressore 2: Richiesta /;0;Cambia a 0;Evento;GF CTA PRO;CTA PRO A 1-2;Richiesta;0;21:06:41|CTA PRO A 1-2
1634;26/09/2026 21:07:12;;CLIM /;DC09 / R02 / Terrazza tecnica;GF LT 5 / COMPRESSORE 02 /;Compressore 2 modalita operativa /;0;Cambia a 0;Evento;GF LT;LT 5;Modalità operativa;0;21:07:12|LT 5
1635;26/09/2026 21:07:12;;CLIM /;DC09 / R02 / Terrazza tecnica;GF LT 5 / COMPRESSORE 02 /;Compressore 2: Acceso step 1 /;0;Cambia a 0;Evento;GF LT;LT 5;Acceso step;0;21:07:12|LT 5
1636;26/09/2026 21:07:12;;CLIM /;DC09 / R02 / Terrazza tecnica;GF LT 5 / COMPRESSORE 02 /;Compressore 1: Piena potenza /;0;Cambia a 0;Evento;GF LT;LT 5;Piena potenza;0;21:07:12|LT 5
1637;26/09/2026 21:07:12;;CLIM /;DC09 / R02 / Terrazza tecnica;GF LT 5 / COMPRESSORE 02 /;Compressore 1: Richiesta /;0;Cambia a 0;Evento;GF LT;LT 5;Richiesta;0;21:07:12|LT 5
1638;26/09/2026 21:07:33;;CLIM /;DC09 / R02 / Terrazza tecnica;GF LT 2 / COMPRESSORE 04 /;Compressore 4: Acceso step 1 /;0;Cambia a 1;Evento;GF LT;LT 2;Acceso step;1;21:07:33|LT 2
1639;26/09/2026 21:07:33;;CLIM /;DC09 / R02 / Terrazza tecnica;GF LT 2 / COMPRESSORE 04 /;Compressore 4: Richiesta /;0;Cambia a 1;Evento;GF LT;LT 2;Richiesta;1;21:07:33|LT 2
1640;26/09/2026 21:07:52;;CLIM /;DC09 / R02 / Terrazza tecnica;GF LT 2 / COMPRESSORE 03 /;Compressore 4 modalita operativa /;0;Cambia a 1;Evento;GF LT;LT 2;Modalità operativa;1;21:07:52|LT 2
1641;26/09/2026 21:07:52;;CLIM /;DC09 / R02 / Terrazza tecnica;GF LT 2 / COMPRESSORE 04 /;Compressore 1: Piena potenza /;0;Cambia a 1;Evento;GF LT;LT 2;Piena potenza;1;21:07:52|LT 2
1642;26/09/2026 21:07:57;;CLIM /;DC09 / R02 / Terrazza tecnica;GF LT 4 / COMPRESSORE 03 /;Compressore 4 modalita operativa /;0;Cambia a 1;Evento;GF LT;LT 4;Modalità operativa;1;21:07:57|LT 4
1643;26/09/2026 21:07:57;;CLIM /;DC09 / R02 / Terrazza tecnica;GF LT 4 / COMPRESSORE 04 /;Compressore 4: Acceso step 1 /;0;Cambia a 1;Evento;GF LT;LT 4;Acceso step;1;21:07:57|LT 4
1644;26/09/2026 21:07:57;;CLIM /;DC09 / R02 / Terrazza tecnica;GF LT 4 / COMPRESSORE 04 /;Compressore 1: Piena potenza /;0;Cambia a 1;Evento;GF LT;LT 4;Piena potenza;1;21:07:57|LT 4
1645;26/09/2026 21:07:57;;CLIM /;DC09 / R02 / Terrazza tecnica;GF LT 4 / COMPRESSORE 04 /;Compressore 4: Richiesta /;0;Cambia a 1;Evento;GF LT;LT 4;Richiesta;1;21:07:57|LT 4
1646;26/09/2026 21:08:34;;CLIM /;DC09 / R02 / SALA DATI B2/B4;GF FW B2-B4.3 / COMPRESSORE 02 /;Compressore 2: Acceso step 2 /;0;Cambia a 1;Evento;GF FW;FW B2-B4.3;Acceso step;1;21:08:34|FW B2-B4.3
1647;26/09/2026 21:08:46;;CLIM /;DC09 / R02 / Terrazza tecnica;GF LT 6 / COMPRESSORE 02 /;Compressore 2 modalita operativa /;0;Cambia a 0;Evento;GF LT;LT 6;Modalità operativa;0;21:08:46|LT 6
1648;26/09/2026 21:08:46;;CLIM /;DC09 / R02 / Terrazza tecnica;GF LT 6 / COMPRESSORE 02 /;Compressore 2: Acceso step 1 /;0;Cambia a 0;Evento;GF LT;LT 6;Acceso step;0;21:08:46|LT 6
1649;26/09/2026 21:08:46;;CLIM /;DC09 / R02 / Terrazza tecnica;GF LT 6 / COMPRESSORE 02 /;Compressore 1: Piena potenza /;0;Cambia a 0;Evento;GF LT;LT 6;Piena potenza;0;21:08:46|LT 6
1650;26/09/2026 21:08:46;;CLIM /;DC09 / R02 / Terrazza tecnica;GF LT 6 / COMPRESSORE 02 /;Compressore 1: Richiesta /;0;Cambia a 0;Evento;GF LT;LT 6;Richiesta;0;21:08:46|LT 6
1651;26/09/2026 21:09:39;;CLIM /;DC09 / R02 / Terrazza tecnica;GF CTA PRO A 3-4 / COMPRESSORE 02 /;Compressore 2: Stato operativo /;0;Cambia a 0;Evento;GF CTA PRO;CTA PRO A 3-4;Stato operativo;0;21:09:39|CTA PRO A 3-4
1652;26/09/2026 21:09:39;;CLIM /;DC09 / R02 / Terrazza tecnica;GF CTA PRO A 3-4 / COMPRESSORE 02 /;Compressore 2: Acceso step 1 /;0;Cambia a 0;Evento;GF CTA PRO;CTA PRO A 3-4;Acceso step;0;21:09:39|CTA PRO A 3-4
1653;26/09/2026 21:09:39;;CLIM /;DC09 / R02 / Terrazza tecnica;GF CTA PRO A 3-4 / COMPRESSORE 02 /;Compressore 2: Piena potenza /;0;Cambia a 0;Evento;GF CTA PRO;CTA PRO A 3-4;Piena potenza;0;21:09:39|CTA PRO A 3-4
1654;26/09/2026 21:09:39;;CLIM /;DC09 / R02 / Terrazza tecnica;GF CTA PRO A 3-4 / COMPRESSORE 02 /;Compressore 2: Richiesta /;0;Cambia a 0;Evento;GF CTA PRO;CTA PRO A 3-4;Richiesta;0;21:09:39|CTA PRO A 3-4
1655;26/09/2026 21:10:04;;CLIM /;DC09 / R02 / Terrazza tecnica;GF CTA PRO B 3-4 / COMPRESSORE 01 /;Compressore 1: Stato operativo /;0;Cambia a 1;Evento;GF CTA PRO;CTA PRO B 3-4;Stato operativo;1;21:10:04|CTA PRO B 3-4
1656;26/09/2026 21:10:04;;CLIM /;DC09 / R02 / Terrazza tecnica;GF CTA PRO B 3-4 / COMPRESSORE 01 /;Compressore 1: Acceso step 1 /;0;Cambia a 1;Evento;GF CTA PRO;CTA PRO B 3-4;Acceso step;1;21:10:04|CTA PRO B 3-4
1657;26/09/2026 21:10:04;;CLIM /;DC09 / R02 / Terrazza tecnica;GF CTA PRO B 3-4 / COMPRESSORE 01 /;Compressore 1: Piena potenza /;0;Cambia a 1;Evento;GF CTA PRO;CTA PRO B 3-4;Piena potenza;1;21:10:04|CTA PRO B 3-4
1658;26/09/2026 21:10:04;;CLIM /;DC09 / R02 / Terrazza tecnica;GF CTA PRO B 3-4 / COMPRESSORE 01 /;Compressore 1: Richiesta /;0;Cambia a 1;Evento;GF CTA PRO;CTA PRO B 3-4;Richiesta;1;21:10:04|CTA PRO B 3-4
1659;26/09/2026 21:10:34;;CLIM /;DC09 / R02 / Terrazza tecnica;GF LT 4 / COMPRESSORE 03 /;Compressore 4 modalita operativa /;0;Cambia a 0;Evento;GF LT;LT 4;Modalità operativa;0;21:10:34|LT 4
1660;26/09/2026 21:10:34;;CLIM /;DC09 / R02 / Terrazza tecnica;GF LT 4 / COMPRESSORE 04 /;Compressore 4: Acceso step 1 /;0;Cambia a 0;Evento;GF LT;LT 4;Acceso step;0;21:10:34|LT 4
1661;26/09/2026 21:10:34;;CLIM /;DC09 / R02 / Terrazza tecnica;GF LT 4 / COMPRESSORE 04 /;Compressore 1: Piena potenza /;0;Cambia a 0;Evento;GF LT;LT 4;Piena potenza;0;21:10:34|LT 4
1662;26/09/2026 21:10:34;;CLIM /;DC09 / R02 / Terrazza tecnica;GF LT 4 / COMPRESSORE 04 /;Compressore 4: Richiesta /;0;Cambia a 0;Evento;GF LT;LT 4;Richiesta;0;21:10:34|LT 4
1663;26/09/2026 21:10:48;;CLIM /;DC09 / R02 / SALA DATI B2/B4;GF FW B2-B4.5 / COMPRESSORE 01 /;Compressore 1: Richiesta /;0;Cambia a 1;Evento;GF FW;FW B2-B4.5;Richiesta;1;21:10:48|FW B2-B4.5
1664;26/09/2026 21:10:50;;CLIM /;DC09 / R02 / SALA DATI B2/B4;GF FW B2-B4.5 / COMPRESSORE 01 /;Stato di funzionamento compressore 1 /;0;Cambia a 1;Evento;GF FW;FW B2-B4.5;Stato funzionamento;1;21:10:50|FW B2-B4.5
1665;26/09/2026 21:10:50;;CLIM /;DC09 / R02 / SALA DATI B2/B4;GF FW B2-B4.5 / COMPRESSORE 01 /;Compressore 1: Piena potenza /;0;Cambia a 1;Evento;GF FW;FW B2-B4.5;Piena potenza;1;21:10:50|FW B2-B4.5
1666;26/09/2026 21:11:24;;CLIM /;DC09 / R02 / Terrazza tecnica;GF LT 6 / COMPRESSORE 02 /;Compressore 3 modalita operativa /;0;Cambia a 1;Evento;GF LT;LT 6;Modalità operativa;1;21:11:24|LT 6
1667;26/09/2026 21:11:24;;CLIM /;DC09 / R02 / Terrazza tecnica;GF LT 6 / COMPRESSORE 03 /;Compressore 3: Acceso step 1 /;0;Cambia a 1;Evento;GF LT;LT 6;Acceso step;1;21:11:24|LT 6
1668;26/09/2026 21:11:24;;CLIM /;DC09 / R02 / Terrazza tecnica;GF LT 6 / COMPRESSORE 03 /;Compressore 1: Piena potenza /;0;Cambia a 1;Evento;GF LT;LT 6;Piena potenza;1;21:11:24|LT 6
1669;26/09/2026 21:11:24;;CLIM /;DC09 / R02 / Terrazza tecnica;GF LT 6 / COMPRESSORE 03 /;Compressore 1: Richiesta /;0;Cambia a 1;Evento;GF LT;LT 6;Richiesta;1;21:11:24|LT 6
1670;26/09/2026 21:11:28;;CLIM /;DC09 / R02 / Terrazza tecnica;GF LT 2 / COMPRESSORE 03 /;Compressore 4 modalita operativa /;0;Cambia a 0;Evento;GF LT;LT 2;Modalità operativa;0;21:11:28|LT 2
1671;26/09/2026 21:11:28;;CLIM /;DC09 / R02 / Terrazza tecnica;GF LT 2 / COMPRESSORE 04 /;Compressore 4: Acceso step 1 /;0;Cambia a 0;Evento;GF LT;LT 2;Acceso step;0;21:11:28|LT 2
1672;26/09/2026 21:11:28;;CLIM /;DC09 / R02 / Terrazza tecnica;GF LT 2 / COMPRESSORE 04 /;Compressore 1: Piena potenza /;0;Cambia a 0;Evento;GF LT;LT 2;Piena potenza;0;21:11:28|LT 2
1673;26/09/2026 21:11:28;;CLIM /;DC09 / R02 / Terrazza tecnica;GF LT 2 / COMPRESSORE 04 /;Compressore 4: Richiesta /;0;Cambia a 0;Evento;GF LT;LT 2;Richiesta;0;21:11:28|LT 2
1674;26/09/2026 21:11:47;;CLIM /;DC09 / R02 / Terrazza tecnica;GF CTA PRO B 1-2 / COMPRESSORE 01 /;Compressore 1: Stato operativo /;0;Cambia a 0;Evento;GF CTA PRO;CTA PRO B 1-2;Stato operativo;0;21:11:47|CTA PRO B 1-2
1675;26/09/2026 21:11:47;;CLIM /;DC09 / R02 / Terrazza tecnica;GF CTA PRO B 1-2 / COMPRESSORE 01 /;Compressore 1: Acceso step 1 /;0;Cambia a 0;Evento;GF CTA PRO;CTA PRO B 1-2;Acceso step;0;21:11:47|CTA PRO B 1-2
1676;26/09/2026 21:11:47;;CLIM /;DC09 / R02 / Terrazza tecnica;GF CTA PRO B 1-2 / COMPRESSORE 01 /;Compressore 1: Piena potenza /;0;Cambia a 0;Evento;GF CTA PRO;CTA PRO B 1-2;Piena potenza;0;21:11:47|CTA PRO B 1-2
1677;26/09/2026 21:11:47;;CLIM /;DC09 / R02 / Terrazza tecnica;GF CTA PRO B 1-2 / COMPRESSORE 01 /;Compressore 1: Richiesta /;0;Cambia a 0;Evento;GF CTA PRO;CTA PRO B 1-2;Richiesta;0;21:11:47|CTA PRO B 1-2
1678;26/09/2026 21:11:47;;CLIM /;DC09 / R02 / SALA DATI B1/B3;GF FW B1-B3.2 / COMPRESSORE 01 /;Compressore 1: Pompa spenta /;0;Cambia a 1;Evento;GF FW;FW B1-B3.2;Pompa spenta;1;21:11:47|FW B1-B3.2
1679;26/09/2026 21:11:52;;CLIM /;DC09 / R02 / SALA DATI B1/B3;GF FW B1-B3.2 / COMPRESSORE 01 /;Stato di funzionamento compressore 1 /;0;Cambia a 0;Evento;GF FW;FW B1-B3.2;Stato funzionamento;0;21:11:52|FW B1-B3.2
1680;26/09/2026 21:11:52;;CLIM /;DC09 / R02 / SALA DATI B1/B3;GF FW B1-B3.2 / COMPRESSORE 01 /;Compressore 1: Pompa spenta /;0;Cambia a 0;Evento;GF FW;FW B1-B3.2;Pompa spenta;0;21:11:52|FW B1-B3.2
1681;26/09/2026 21:11:52;;CLIM /;DC09 / R02 / SALA DATI B1/B3;GF FW B1-B3.2 / COMPRESSORE 01 /;Compressore 1: Piena potenza /;0;Cambia a 0;Evento;GF FW;FW B1-B3.2;Piena potenza;0;21:11:52|FW B1-B3.2
1682;26/09/2026 21:11:52;;CLIM /;DC09 / R02 / SALA DATI B1/B3;GF FW B1-B3.2 / COMPRESSORE 01 /;Compressore 1: Richiesta /;0;Cambia a 0;Evento;GF FW;FW B1-B3.2;Richiesta;0;21:11:52|FW B1-B3.2
1683;26/09/2026 21:12:44;;CLIM /;DC09 / R02 / SALA DATI B1/B3;GF FW B1-B3.4 / COMPRESSORE 02 /;Compressore 2: Acceso step 2 /;0;Cambia a 0;Evento;GF FW;FW B1-B3.4;Acceso step;0;21:12:44|FW B1-B3.4
1684;26/09/2026 21:12:44;;CLIM /;DC09 / R02 / SALA DATI B1/B3;GF FW B1-B3.4 / COMPRESSORE 02 /;Compressore 2: Acceso step 1 /;0;Cambia a 1;Evento;GF FW;FW B1-B3.4;Acceso step;1;21:12:44|FW B1-B3.4
1685;26/09/2026 21:13:11;;CLIM /;DC09 / R02 / SALA DATI B2/B4;GF FW B2-B4.3 / COMPRESSORE 01 /;Compressore 1: Freecooling /;0;Cambia a 0;Evento;GF FW;FW B2-B4.3;Freecooling;0;21:13:11|FW B2-B4.3
1686;26/09/2026 21:13:11;;CLIM /;DC09 / R02 / SALA DATI B2/B4;GF FW B2-B4.3 / COMPRESSORE 02 /;Compressore 2: Freecooling /;0;Cambia a 0;Evento;GF FW;FW B2-B4.3;Freecooling;0;21:13:11|FW B2-B4.3
1687;26/09/2026 21:13:15;;CLIM /;DC09 / R02 / SALA DATI B2/B4;GF FW B2-B4.3 / COMPRESSORE 02 /;Compressore 2: Acceso step 2 /;0;Cambia a 0;Evento;GF FW;FW B2-B4.3;Acceso step;0;21:13:15|FW B2-B4.3
1688;26/09/2026 21:13:15;;CLIM /;DC09 / R02 / SALA DATI B2/B4;GF FW B2-B4.3 / COMPRESSORE 02 /;Compressore 2: Acceso step 1 /;0;Cambia a 1;Evento;GF FW;FW B2-B4.3;Acceso step;1;21:13:15|FW B2-B4.3
1689;26/09/2026 21:13:31;;CLIM /;DC09 / R02 / Terrazza tecnica;GF LT 4 / COMPRESSORE 02 /;Compressore 2 modalita operativa /;0;Cambia a 1;Evento;GF LT;LT 4;Modalità operativa;1;21:13:31|LT 4
1690;26/09/2026 21:13:31;;CLIM /;DC09 / R02 / Terrazza tecnica;GF LT 4 / COMPRESSORE 02 /;Compressore 2: Acceso step 1 /;0;Cambia a 1;Evento;GF LT;LT 4;Acceso step;1;21:13:31|LT 4
1691;26/09/2026 21:13:31;;CLIM /;DC09 / R02 / Terrazza tecnica;GF LT 4 / COMPRESSORE 02 /;Compressore 1: Piena potenza /;0;Cambia a 1;Evento;GF LT;LT 4;Piena potenza;1;21:13:31|LT 4
1692;26/09/2026 21:13:31;;CLIM /;DC09 / R02 / Terrazza tecnica;GF LT 4 / COMPRESSORE 02 /;Compressore 1: Richiesta /;0;Cambia a 1;Evento;GF LT;LT 4;Richiesta;1;21:13:31|LT 4
1693;26/09/2026 21:14:05;;CLIM /;DC09 / R02 / Terrazza tecnica;GF LT 2 / COMPRESSORE 02 /;Compressore 2 modalita operativa /;0;Cambia a 1;Evento;GF LT;LT 2;Modalità operativa;1;21:14:05|LT 2
1694;26/09/2026 21:14:05;;CLIM /;DC09 / R02 / Terrazza tecnica;GF LT 2 / COMPRESSORE 02 /;Compressore 2: Acceso step 1 /;0;Cambia a 1;Evento;GF LT;LT 2;Acceso step;1;21:14:05|LT 2
1695;26/09/2026 21:14:05;;CLIM /;DC09 / R02 / Terrazza tecnica;GF LT 2 / COMPRESSORE 02 /;Compressore 1: Piena potenza /;0;Cambia a 1;Evento;GF LT;LT 2;Piena potenza;1;21:14:05|LT 2
1696;26/09/2026 21:14:05;;CLIM /;DC09 / R02 / Terrazza tecnica;GF LT 2 / COMPRESSORE 02 /;Compressore 1: Richiesta /;0;Cambia a 1;Evento;GF LT;LT 2;Richiesta;1;21:14:05|LT 2
1697;26/09/2026 21:14:51;;CLIM /;DC09 / R02 / Terrazza tecnica;GF CTA PRO A 1-2 / COMPRESSORE 01 /;Compressore 1: Stato operativo /;0;Cambia a 1;Evento;GF CTA PRO;CTA PRO A 1-2;Stato operativo;1;21:14:51|CTA PRO A 1-2
1698;26/09/2026 21:14:51;;CLIM /;DC09 / R02 / Terrazza tecnica;GF CTA PRO A 1-2 / COMPRESSORE 01 /;Compressore 1: Acceso step 1 /;0;Cambia a 1;Evento;GF CTA PRO;CTA PRO A 1-2;Acceso step;1;21:14:51|CTA PRO A 1-2
1699;26/09/2026 21:14:51;;CLIM /;DC09 / R02 / Terrazza tecnica;GF CTA PRO A 1-2 / COMPRESSORE 01 /;Compressore 1: Piena potenza /;0;Cambia a 1;Evento;GF CTA PRO;CTA PRO A 1-2;Piena potenza;1;21:14:51|CTA PRO A 1-2
1700;26/09/2026 21:14:51;;CLIM /;DC09 / R02 / Terrazza tecnica;GF CTA PRO A 1-2 / COMPRESSORE 01 /;Compressore 1: Richiesta /;0;Cambia a 1;Evento;GF CTA PRO;CTA PRO A 1-2;Richiesta;1;21:14:51|CTA PRO A 1-2
1701;26/09/2026 21:14:59;;CLIM /;DC09 / R02 / Terrazza tecnica;GF CTA PRO B 3-4 / COMPRESSORE 01 /;Compressore 1: Stato operativo /;0;Cambia a 0;Evento;GF CTA PRO;CTA PRO B 3-4;Stato operativo;0;21:14:59|CTA PRO B 3-4
1702;26/09/2026 21:14:59;;CLIM /;DC09 / R02 / Terrazza tecnica;GF CTA PRO B 3-4 / COMPRESSORE 01 /;Compressore 1: Acceso step 1 /;0;Cambia a 0;Evento;GF CTA PRO;CTA PRO B 3-4;Acceso step;0;21:14:59|CTA PRO B 3-4
1703;26/09/2026 21:14:59;;CLIM /;DC09 / R02 / Terrazza tecnica;GF CTA PRO B 3-4 / COMPRESSORE 01 /;Compressore 1: Piena potenza /;0;Cambia a 0;Evento;GF CTA PRO;CTA PRO B 3-4;Piena potenza;0;21:14:59|CTA PRO B 3-4
1704;26/09/2026 21:14:59;;CLIM /;DC09 / R02 / Terrazza tecnica;GF CTA PRO B 3-4 / COMPRESSORE 01 /;Compressore 1: Richiesta /;0;Cambia a 0;Evento;GF CTA PRO;CTA PRO B 3-4;Richiesta;0;21:14:59|CTA PRO B 3-4
1705;26/09/2026 21:15:23;;CLIM /;DC09 / R02 / Terrazza tecnica;GF LT 2 / COMPRESSORE 01 /;Compressore 1 modalita operativa /;0;Cambia a 0;Evento;GF LT;LT 2;Modalità operativa;0;21:15:23|LT 2
1706;26/09/2026 21:15:23;;CLIM /;DC09 / R02 / Terrazza tecnica;GF LT 2 / COMPRESSORE 01 /;Compressore 1: Acceso step 1 /;0;Cambia a 0;Evento;GF LT;LT 2;Acceso step;0;21:15:23|LT 2
1707;26/09/2026 21:15:23;;CLIM /;DC09 / R02 / Terrazza tecnica;GF LT 2 / COMPRESSORE 01 /;Compressore 1: Piena potenza /;0;Cambia a 0;Evento;GF LT;LT 2;Piena potenza;0;21:15:23|LT 2
1708;26/09/2026 21:15:23;;CLIM /;DC09 / R02 / Terrazza tecnica;GF LT 2 / COMPRESSORE 01 /;Compressore 1: Richiesta /;0;Cambia a 0;Evento;GF LT;LT 2;Richiesta;0;21:15:23|LT 2
1709;26/09/2026 21:15:52;;CLIM /;DC09 / R02 / SALA DATI B1/B3;GF FW B1-B3.2 / COMPRESSORE 01 /;Compressore 1: Richiesta /;0;Cambia a 1;Evento;GF FW;FW B1-B3.2;Richiesta;1;21:15:52|FW B1-B3.2
1710;26/09/2026 21:15:54;;CLIM /;DC09 / R02 / SALA DATI B1/B3;GF FW B1-B3.2 / COMPRESSORE 01 /;Stato di funzionamento compressore 1 /;0;Cambia a 1;Evento;GF FW;FW B1-B3.2;Stato funzionamento;1;21:15:54|FW B1-B3.2
1711;26/09/2026 21:15:54;;CLIM /;DC09 / R02 / SALA DATI B1/B3;GF FW B1-B3.2 / COMPRESSORE 01 /;Compressore 1: Piena potenza /;0;Cambia a 1;Evento;GF FW;FW B1-B3.2;Piena potenza;1;21:15:54|FW B1-B3.2
1712;26/09/2026 21:16:08;;CLIM /;DC09 / R02 / Terrazza tecnica;GF LT 4 / COMPRESSORE 02 /;Compressore 2 modalita operativa /;0;Cambia a 0;Evento;GF LT;LT 4;Modalità operativa;0;21:16:08|LT 4
1713;26/09/2026 21:16:08;;CLIM /;DC09 / R02 / Terrazza tecnica;GF LT 4 / COMPRESSORE 02 /;Compressore 2: Acceso step 1 /;0;Cambia a 0;Evento;GF LT;LT 4;Acceso step;0;21:16:08|LT 4
1714;26/09/2026 21:16:08;;CLIM /;DC09 / R02 / Terrazza tecnica;GF LT 4 / COMPRESSORE 02 /;Compressore 1: Piena potenza /;0;Cambia a 0;Evento;GF LT;LT 4;Piena potenza;0;21:16:08|LT 4
1715;26/09/2026 21:16:08;;CLIM /;DC09 / R02 / Terrazza tecnica;GF LT 4 / COMPRESSORE 02 /;Compressore 1: Richiesta /;0;Cambia a 0;Evento;GF LT;LT 4;Richiesta;0;21:16:08|LT 4
1716;26/09/2026 21:17:28;;CLIM /;DC09 / R02 / Terrazza tecnica;GF CTA PRO A 1-2 / COMPRESSORE 01 /;Compressore 1: Stato operativo /;0;Cambia a 0;Evento;GF CTA PRO;CTA PRO A 1-2;Stato operativo;0;21:17:28|CTA PRO A 1-2
1717;26/09/2026 21:17:28;;CLIM /;DC09 / R02 / Terrazza tecnica;GF CTA PRO A 1-2 / COMPRESSORE 01 /;Compressore 1: Acceso step 1 /;0;Cambia a 0;Evento;GF CTA PRO;CTA PRO A 1-2;Acceso step;0;21:17:28|CTA PRO A 1-2
1718;26/09/2026 21:17:28;;CLIM /;DC09 / R02 / Terrazza tecnica;GF CTA PRO A 1-2 / COMPRESSORE 01 /;Compressore 1: Piena potenza /;0;Cambia a 0;Evento;GF CTA PRO;CTA PRO A 1-2;Piena potenza;0;21:17:28|CTA PRO A 1-2
1719;26/09/2026 21:17:28;;CLIM /;DC09 / R02 / Terrazza tecnica;GF CTA PRO A 1-2 / COMPRESSORE 01 /;Compressore 1: Richiesta /;0;Cambia a 0;Evento;GF CTA PRO;CTA PRO A 1-2;Richiesta;0;21:17:28|CTA PRO A 1-2
1720;26/09/2026 21:18:41;;CLIM /;DC09 / R02 / Terrazza tecnica;GF LT 2 / COMPRESSORE 02 /;Compressore 3 modalita operativa /;0;Cambia a 1;Evento;GF LT;LT 2;Modalità operativa;1;21:18:41|LT 2
1721;26/09/2026 21:18:41;;CLIM /;DC09 / R02 / Terrazza tecnica;GF LT 2 / COMPRESSORE 03 /;Compressore 3: Acceso step 1 /;0;Cambia a 1;Evento;GF LT;LT 2;Acceso step;1;21:18:41|LT 2
1722;26/09/2026 21:18:41;;CLIM /;DC09 / R02 / Terrazza tecnica;GF LT 2 / COMPRESSORE 03 /;Compressore 1: Piena potenza /;0;Cambia a 1;Evento;GF LT;LT 2;Piena potenza;1;21:18:41|LT 2
1723;26/09/2026 21:18:41;;CLIM /;DC09 / R02 / Terrazza tecnica;GF LT 2 / COMPRESSORE 03 /;Compressore 1: Richiesta /;0;Cambia a 1;Evento;GF LT;LT 2;Richiesta;1;21:18:41|LT 2
1724;26/09/2026 21:19:24;;CLIM /;DC09 / R02 / Terrazza tecnica;GF LT 4 / COMPRESSORE 02 /;Compressore 3 modalita operativa /;0;Cambia a 1;Evento;GF LT;LT 4;Modalità operativa;1;21:19:24|LT 4
1725;26/09/2026 21:19:24;;CLIM /;DC09 / R02 / Terrazza tecnica;GF LT 4 / COMPRESSORE 03 /;Compressore 3: Acceso step 1 /;0;Cambia a 1;Evento;GF LT;LT 4;Acceso step;1;21:19:24|LT 4
1726;26/09/2026 21:19:24;;CLIM /;DC09 / R02 / Terrazza tecnica;GF LT 4 / COMPRESSORE 03 /;Compressore 1: Piena potenza /;0;Cambia a 1;Evento;GF LT;LT 4;Piena potenza;1;21:19:24|LT 4
1727;26/09/2026 21:19:24;;CLIM /;DC09 / R02 / Terrazza tecnica;GF LT 4 / COMPRESSORE 03 /;Compressore 1: Richiesta /;0;Cambia a 1;Evento;GF LT;LT 4;Richiesta;1;21:19:24|LT 4
1728;26/09/2026 21:20:19;;CLIM /;DC09 / R02 / Terrazza tecnica;GF LT 2 / COMPRESSORE 03 /;Compressore 4 modalita operativa /;0;Cambia a 1;Evento;GF LT;LT 2;Modalità operativa;1;21:20:19|LT 2
1729;26/09/2026 21:20:19;;CLIM /;DC09 / R02 / Terrazza tecnica;GF LT 2 / COMPRESSORE 04 /;Compressore 4: Acceso step 1 /;0;Cambia a 1;Evento;GF LT;LT 2;Acceso step;1;21:20:19|LT 2
1730;26/09/2026 21:20:19;;CLIM /;DC09 / R02 / Terrazza tecnica;GF LT 2 / COMPRESSORE 04 /;Compressore 1: Piena potenza /;0;Cambia a 1;Evento;GF LT;LT 2;Piena potenza;1;21:20:19|LT 2
1731;26/09/2026 21:20:19;;CLIM /;DC09 / R02 / Terrazza tecnica;GF LT 2 / COMPRESSORE 04 /;Compressore 4: Richiesta /;0;Cambia a 1;Evento;GF LT;LT 2;Richiesta;1;21:20:19|LT 2
1732;26/09/2026 21:20:33;;CLIM /;DC09 / R02 / Terrazza tecnica;GF CTA PRO B 3-4 / COMPRESSORE 02 /;Compressore 2: Stato operativo /;0;Cambia a 1;Evento;GF CTA PRO;CTA PRO B 3-4;Stato operativo;1;21:20:33|CTA PRO B 3-4
1733;26/09/2026 21:20:33;;CLIM /;DC09 / R02 / Terrazza tecnica;GF CTA PRO B 3-4 / COMPRESSORE 02 /;Compressore 2: Acceso step 1 /;0;Cambia a 1;Evento;GF CTA PRO;CTA PRO B 3-4;Acceso step;1;21:20:33|CTA PRO B 3-4
1734;26/09/2026 21:20:33;;CLIM /;DC09 / R02 / Terrazza tecnica;GF CTA PRO B 3-4 / COMPRESSORE 02 /;Compressore 2: Piena potenza /;0;Cambia a 1;Evento;GF CTA PRO;CTA PRO B 3-4;Piena potenza;1;21:20:33|CTA PRO B 3-4
1735;26/09/2026 21:20:33;;CLIM /;DC09 / R02 / Terrazza tecnica;GF CTA PRO B 3-4 / COMPRESSORE 02 /;Compressore 2: Richiesta /;0;Cambia a 1;Evento;GF CTA PRO;CTA PRO B 3-4;Richiesta;1;21:20:33|CTA PRO B 3-4
1736;26/09/2026 21:20:35;kmema_external;CLIM /;DC09 / R01 / SALA DATI B4;FEDERATORE FW B34 / FW B4-1 /;Fanwall B4-1 Setpoint T. mandata min. /;0;Comando;Comando operatore;Federatore FW B34;FW B4-1;Setpoint T. mandata min.;;21:20:35|FW B4-1
1737;26/09/2026 21:20:37;;CLIM /;DC09 / R02 / Terrazza tecnica;GF CTA PRO B 1-2 / COMPRESSORE 02 /;Compressore 2: Stato operativo /;0;Cambia a 1;Evento;GF CTA PRO;CTA PRO B 1-2;Stato operativo;1;21:20:37|CTA PRO B 1-2
1738;26/09/2026 21:20:37;;CLIM /;DC09 / R02 / Terrazza tecnica;GF CTA PRO B 1-2 / COMPRESSORE 02 /;Compressore 2: Acceso step 1 /;0;Cambia a 1;Evento;GF CTA PRO;CTA PRO B 1-2;Acceso step;1;21:20:37|CTA PRO B 1-2
1739;26/09/2026 21:20:37;;CLIM /;DC09 / R02 / Terrazza tecnica;GF CTA PRO B 1-2 / COMPRESSORE 02 /;Compressore 2: Piena potenza /;0;Cambia a 1;Evento;GF CTA PRO;CTA PRO B 1-2;Piena potenza;1;21:20:37|CTA PRO B 1-2
1740;26/09/2026 21:20:37;;CLIM /;DC09 / R02 / Terrazza tecnica;GF CTA PRO B 1-2 / COMPRESSORE 02 /;Compressore 2: Richiesta /;0;Cambia a 1;Evento;GF CTA PRO;CTA PRO B 1-2;Richiesta;1;21:20:37|CTA PRO B 1-2
1741;26/09/2026 21:21:15;;CMF /;DC09 / R01 / Break Area;/ FC-101 /;Velocita ventola 1 /;0;Cambia a 0;Evento;FC (Break Area);FC-101;Velocità ventola;0;21:21:15|FC-101
1742;26/09/2026 21:21:18;;CLIM /;DC09 / R02 / Terrazza tecnica;GF LT 2 / COMPRESSORE 02 /;Compressore 3 modalita operativa /;0;Cambia a 0;Evento;GF LT;LT 2;Modalità operativa;0;21:21:18|LT 2
1743;26/09/2026 21:21:18;;CLIM /;DC09 / R02 / Terrazza tecnica;GF LT 2 / COMPRESSORE 03 /;Compressore 3: Acceso step 1 /;0;Cambia a 0;Evento;GF LT;LT 2;Acceso step;0;21:21:18|LT 2
1744;26/09/2026 21:21:18;;CLIM /;DC09 / R02 / Terrazza tecnica;GF LT 2 / COMPRESSORE 03 /;Compressore 1: Piena potenza /;0;Cambia a 0;Evento;GF LT;LT 2;Piena potenza;0;21:21:18|LT 2
1745;26/09/2026 21:21:18;;CLIM /;DC09 / R02 / Terrazza tecnica;GF LT 2 / COMPRESSORE 03 /;Compressore 1: Richiesta /;0;Cambia a 0;Evento;GF LT;LT 2;Richiesta;0;21:21:18|LT 2
1746;26/09/2026 21:21:20;;CMF /;DC09 / R01 / Break Area;/ FC-103 /;Velocita ventola 1 /;0;Cambia a 0;Evento;FC (Break Area);FC-103;Velocità ventola;0;21:21:20|FC-103
1747;26/09/2026 21:21:23;;CLIM /;DC09 / R02 / Terrazza tecnica;GF LT 4 / COMPRESSORE 03 /;Compressore 4 modalita operativa /;0;Cambia a 1;Evento;GF LT;LT 4;Modalità operativa;1;21:21:23|LT 4
1748;26/09/2026 21:21:23;;CLIM /;DC09 / R02 / Terrazza tecnica;GF LT 4 / COMPRESSORE 04 /;Compressore 4: Acceso step 1 /;0;Cambia a 1;Evento;GF LT;LT 4;Acceso step;1;21:21:23|LT 4
1749;26/09/2026 21:21:23;;CLIM /;DC09 / R02 / Terrazza tecnica;GF LT 4 / COMPRESSORE 04 /;Compressore 1: Piena potenza /;0;Cambia a 1;Evento;GF LT;LT 4;Piena potenza;1;21:21:23|LT 4
1750;26/09/2026 21:21:23;;CLIM /;DC09 / R02 / Terrazza tecnica;GF LT 4 / COMPRESSORE 04 /;Compressore 4: Richiesta /;0;Cambia a 1;Evento;GF LT;LT 4;Richiesta;1;21:21:23|LT 4
1751;26/09/2026 21:22:16;;CLIM /;DC09 / R02 / Terrazza tecnica;GF LT 2 / COMPRESSORE 03 /;Compressore 4 modalita operativa /;0;Cambia a 0;Evento;GF LT;LT 2;Modalità operativa;0;21:22:16|LT 2
1752;26/09/2026 21:22:16;;CLIM /;DC09 / R02 / Terrazza tecnica;GF LT 2 / COMPRESSORE 04 /;Compressore 4: Acceso step 1 /;0;Cambia a 0;Evento;GF LT;LT 2;Acceso step;0;21:22:16|LT 2
1753;26/09/2026 21:22:16;;CLIM /;DC09 / R02 / Terrazza tecnica;GF LT 2 / COMPRESSORE 04 /;Compressore 1: Piena potenza /;0;Cambia a 0;Evento;GF LT;LT 2;Piena potenza;0;21:22:16|LT 2
1754;26/09/2026 21:22:16;;CLIM /;DC09 / R02 / Terrazza tecnica;GF LT 2 / COMPRESSORE 04 /;Compressore 4: Richiesta /;0;Cambia a 0;Evento;GF LT;LT 2;Richiesta;0;21:22:16|LT 2
1755;26/09/2026 21:22:21;;CLIM /;DC09 / R02 / Terrazza tecnica;GF LT 4 / COMPRESSORE 02 /;Compressore 3 modalita operativa /;0;Cambia a 0;Evento;GF LT;LT 4;Modalità operativa;0;21:22:21|LT 4
1756;26/09/2026 21:22:21;;CLIM /;DC09 / R02 / Terrazza tecnica;GF LT 4 / COMPRESSORE 03 /;Compressore 3: Acceso step 1 /;0;Cambia a 0;Evento;GF LT;LT 4;Acceso step;0;21:22:21|LT 4
1757;26/09/2026 21:22:21;;CLIM /;DC09 / R02 / Terrazza tecnica;GF LT 4 / COMPRESSORE 03 /;Compressore 1: Piena potenza /;0;Cambia a 0;Evento;GF LT;LT 4;Piena potenza;0;21:22:21|LT 4
1758;26/09/2026 21:22:21;;CLIM /;DC09 / R02 / Terrazza tecnica;GF LT 4 / COMPRESSORE 03 /;Compressore 1: Richiesta /;0;Cambia a 0;Evento;GF LT;LT 4;Richiesta;0;21:22:21|LT 4
1759;26/09/2026 21:22:41;;CLIM /;DC09 / R02 / Terrazza tecnica;GF LT 4 / COMPRESSORE 03 /;Compressore 4 modalita operativa /;0;Cambia a 0;Evento;GF LT;LT 4;Modalità operativa;0;21:22:41|LT 4
1760;26/09/2026 21:22:41;;CLIM /;DC09 / R02 / Terrazza tecnica;GF LT 4 / COMPRESSORE 04 /;Compressore 4: Acceso step 1 /;0;Cambia a 0;Evento;GF LT;LT 4;Acceso step;0;21:22:41|LT 4
1761;26/09/2026 21:22:41;;CLIM /;DC09 / R02 / Terrazza tecnica;GF LT 4 / COMPRESSORE 04 /;Compressore 1: Piena potenza /;0;Cambia a 0;Evento;GF LT;LT 4;Piena potenza;0;21:22:41|LT 4
1762;26/09/2026 21:22:41;;CLIM /;DC09 / R02 / Terrazza tecnica;GF LT 4 / COMPRESSORE 04 /;Compressore 4: Richiesta /;0;Cambia a 0;Evento;GF LT;LT 4;Richiesta;0;21:22:41|LT 4
1763;26/09/2026 21:22:45;;CLIM /;DC09 / R02 / SALA DATI B2/B4;GF FW B2-B4.3 / COMPRESSORE 01 /;Compressore 1: Freecooling /;0;Cambia a 1;Evento;GF FW;FW B2-B4.3;Freecooling;1;21:22:45|FW B2-B4.3
1764;26/09/2026 21:22:45;;CLIM /;DC09 / R02 / SALA DATI B2/B4;GF FW B2-B4.3 / COMPRESSORE 02 /;Compressore 2: Freecooling /;0;Cambia a 1;Evento;GF FW;FW B2-B4.3;Freecooling;1;21:22:45|FW B2-B4.3
1765;26/09/2026 21:22:50;;CLIM /;DC09 / R02 / Terrazza tecnica;GF LT 6 / COMPRESSORE 02 /;Compressore 3 modalita operativa /;0;Cambia a 0;Evento;GF LT;LT 6;Modalità operativa;0;21:22:50|LT 6
1766;26/09/2026 21:22:50;;CLIM /;DC09 / R02 / Terrazza tecnica;GF LT 6 / COMPRESSORE 03 /;Compressore 3: Acceso step 1 /;0;Cambia a 0;Evento;GF LT;LT 6;Acceso step;0;21:22:50|LT 6
1767;26/09/2026 21:22:50;;CLIM /;DC09 / R02 / Terrazza tecnica;GF LT 6 / COMPRESSORE 03 /;Compressore 1: Piena potenza /;0;Cambia a 0;Evento;GF LT;LT 6;Piena potenza;0;21:22:50|LT 6
1768;26/09/2026 21:22:50;;CLIM /;DC09 / R02 / Terrazza tecnica;GF LT 6 / COMPRESSORE 03 /;Compressore 1: Richiesta /;0;Cambia a 0;Evento;GF LT;LT 6;Richiesta;0;21:22:50|LT 6
1769;26/09/2026 21:23:32;;CLIM /;DC09 / R02 / Terrazza tecnica;GF LT 5 / COMPRESSORE 03 /;Compressore 3: Acceso step 1 /;0;Cambia a 1;Evento;GF LT;LT 5;Acceso step;1;21:23:32|LT 5
1770;26/09/2026 21:23:32;;CLIM /;DC09 / R02 / Terrazza tecnica;GF LT 5 / COMPRESSORE 03 /;Compressore 1: Richiesta /;0;Cambia a 1;Evento;GF LT;LT 5;Richiesta;1;21:23:32|LT 5
1771;26/09/2026 21:23:54;;CLIM /;DC09 / R02 / Terrazza tecnica;GF LT 5 / COMPRESSORE 02 /;Compressore 3 modalita operativa /;0;Cambia a 1;Evento;GF LT;LT 5;Modalità operativa;1;21:23:54|LT 5
1772;26/09/2026 21:23:54;;CLIM /;DC09 / R02 / Terrazza tecnica;GF LT 5 / COMPRESSORE 03 /;Compressore 1: Piena potenza /;0;Cambia a 1;Evento;GF LT;LT 5;Piena potenza;1;21:23:54|LT 5
1773;26/09/2026 21:24:48;kmema_external;CLIM /;DC09 / R01 / SALA DATI B4;FEDERATORE FW B34 / FW B4-1 /;Fanwall B4-1 Setpoint temperatura ambiente /;0;Comando;Comando operatore;Federatore FW B34;FW B4-1;Setpoint temperatura ambiente;;21:24:48|FW B4-1
1774;26/09/2026 21:25:27;;CLIM /;DC09 / R02 / Terrazza tecnica;GF CTA PRO B 3-4 / COMPRESSORE 02 /;Compressore 2: Stato operativo /;0;Cambia a 0;Evento;GF CTA PRO;CTA PRO B 3-4;Stato operativo;0;21:25:27|CTA PRO B 3-4
1775;26/09/2026 21:25:27;;CLIM /;DC09 / R02 / Terrazza tecnica;GF CTA PRO B 3-4 / COMPRESSORE 02 /;Compressore 2: Acceso step 1 /;0;Cambia a 0;Evento;GF CTA PRO;CTA PRO B 3-4;Acceso step;0;21:25:27|CTA PRO B 3-4
1776;26/09/2026 21:25:27;;CLIM /;DC09 / R02 / Terrazza tecnica;GF CTA PRO B 3-4 / COMPRESSORE 02 /;Compressore 2: Piena potenza /;0;Cambia a 0;Evento;GF CTA PRO;CTA PRO B 3-4;Piena potenza;0;21:25:27|CTA PRO B 3-4
1777;26/09/2026 21:25:27;;CLIM /;DC09 / R02 / Terrazza tecnica;GF CTA PRO B 3-4 / COMPRESSORE 02 /;Compressore 2: Richiesta /;0;Cambia a 0;Evento;GF CTA PRO;CTA PRO B 3-4;Richiesta;0;21:25:27|CTA PRO B 3-4
1778;26/09/2026 21:25:39;;CLIM /;DC09 / R02 / Terrazza tecnica;GF CTA PRO A 1-2 / COMPRESSORE 02 /;Compressore 2: Stato operativo /;0;Cambia a 1;Evento;GF CTA PRO;CTA PRO A 1-2;Stato operativo;1;21:25:39|CTA PRO A 1-2
1779;26/09/2026 21:25:39;;CLIM /;DC09 / R02 / Terrazza tecnica;GF CTA PRO A 1-2 / COMPRESSORE 02 /;Compressore 2: Acceso step 1 /;0;Cambia a 1;Evento;GF CTA PRO;CTA PRO A 1-2;Acceso step;1;21:25:39|CTA PRO A 1-2
1780;26/09/2026 21:25:39;;CLIM /;DC09 / R02 / Terrazza tecnica;GF CTA PRO A 1-2 / COMPRESSORE 02 /;Compressore 2: Piena potenza /;0;Cambia a 1;Evento;GF CTA PRO;CTA PRO A 1-2;Piena potenza;1;21:25:39|CTA PRO A 1-2
1781;26/09/2026 21:25:39;;CLIM /;DC09 / R02 / Terrazza tecnica;GF CTA PRO A 1-2 / COMPRESSORE 02 /;Compressore 2: Richiesta /;0;Cambia a 1;Evento;GF CTA PRO;CTA PRO A 1-2;Richiesta;1;21:25:39|CTA PRO A 1-2
1782;26/09/2026 21:25:48;;CLIM /;DC09 / R02 / Terrazza tecnica;GF LT 6 / COMPRESSORE 01 /;Compressore 1 modalita operativa /;0;Cambia a 1;Evento;GF LT;LT 6;Modalità operativa;1;21:25:48|LT 6
1783;26/09/2026 21:25:48;;CLIM /;DC09 / R02 / Terrazza tecnica;GF LT 6 / COMPRESSORE 01 /;Compressore 1: Acceso step 1 /;0;Cambia a 1;Evento;GF LT;LT 6;Acceso step;1;21:25:48|LT 6
1784;26/09/2026 21:25:48;;CLIM /;DC09 / R02 / Terrazza tecnica;GF LT 6 / COMPRESSORE 01 /;Compressore 1: Piena potenza /;0;Cambia a 1;Evento;GF LT;LT 6;Piena potenza;1;21:25:48|LT 6
1785;26/09/2026 21:25:48;;CLIM /;DC09 / R02 / Terrazza tecnica;GF LT 6 / COMPRESSORE 01 /;Compressore 1: Richiesta /;0;Cambia a 1;Evento;GF LT;LT 6;Richiesta;1;21:25:48|LT 6
1786;26/09/2026 21:26:07;;CLIM /;DC09 / R02 / Terrazza tecnica;GF LT 6 / COMPRESSORE 02 /;Compressore 2 modalita operativa /;0;Cambia a 1;Evento;GF LT;LT 6;Modalità operativa;1;21:26:07|LT 6
1787;26/09/2026 21:26:07;;CLIM /;DC09 / R02 / Terrazza tecnica;GF LT 6 / COMPRESSORE 02 /;Compressore 2: Acceso step 1 /;0;Cambia a 1;Evento;GF LT;LT 6;Acceso step;1;21:26:07|LT 6
1788;26/09/2026 21:26:07;;CLIM /;DC09 / R02 / Terrazza tecnica;GF LT 6 / COMPRESSORE 02 /;Compressore 1: Piena potenza /;0;Cambia a 1;Evento;GF LT;LT 6;Piena potenza;1;21:26:07|LT 6
1789;26/09/2026 21:26:07;;CLIM /;DC09 / R02 / Terrazza tecnica;GF LT 6 / COMPRESSORE 02 /;Compressore 1: Richiesta /;0;Cambia a 1;Evento;GF LT;LT 6;Richiesta;1;21:26:07|LT 6
1790;26/09/2026 21:26:58;kmema_external;CLIM /;DC09 / R01 / SALA DATI B4;FEDERATORE FW B34 / FW B4-1 /;Fanwall B4-1 Setpoint temperatura ambiente /;0;Comando;Comando operatore;Federatore FW B34;FW B4-1;Setpoint temperatura ambiente;;21:26:58|FW B4-1
1791;26/09/2026 21:26:59;;CLIM /;DC09 / R02 / Terrazza tecnica;GF CTA PRO A 3-4 / COMPRESSORE 01 /;Compressore 1: Stato operativo /;0;Cambia a 1;Evento;GF CTA PRO;CTA PRO A 3-4;Stato operativo;1;21:26:59|CTA PRO A 3-4
1792;26/09/2026 21:26:59;;CLIM /;DC09 / R02 / Terrazza tecnica;GF CTA PRO A 3-4 / COMPRESSORE 01 /;Compressore 1: Acceso step 1 /;0;Cambia a 1;Evento;GF CTA PRO;CTA PRO A 3-4;Acceso step;1;21:26:59|CTA PRO A 3-4
1793;26/09/2026 21:26:59;;CLIM /;DC09 / R02 / Terrazza tecnica;GF CTA PRO A 3-4 / COMPRESSORE 01 /;Compressore 1: Piena potenza /;0;Cambia a 1;Evento;GF CTA PRO;CTA PRO A 3-4;Piena potenza;1;21:26:59|CTA PRO A 3-4
1794;26/09/2026 21:26:59;;CLIM /;DC09 / R02 / Terrazza tecnica;GF CTA PRO A 3-4 / COMPRESSORE 01 /;Compressore 1: Richiesta /;0;Cambia a 1;Evento;GF CTA PRO;CTA PRO A 3-4;Richiesta;1;21:26:59|CTA PRO A 3-4
1795;26/09/2026 21:27:06;;CLIM /;DC09 / R02 / Terrazza tecnica;GF LT 6 / COMPRESSORE 01 /;Compressore 1 modalita operativa /;0;Cambia a 0;Evento;GF LT;LT 6;Modalità operativa;0;21:27:06|LT 6
1796;26/09/2026 21:27:06;;CLIM /;DC09 / R02 / Terrazza tecnica;GF LT 6 / COMPRESSORE 01 /;Compressore 1: Acceso step 1 /;0;Cambia a 0;Evento;GF LT;LT 6;Acceso step;0;21:27:06|LT 6
1797;26/09/2026 21:27:06;;CLIM /;DC09 / R02 / Terrazza tecnica;GF LT 6 / COMPRESSORE 01 /;Compressore 1: Piena potenza /;0;Cambia a 0;Evento;GF LT;LT 6;Piena potenza;0;21:27:06|LT 6
1798;26/09/2026 21:27:06;;CLIM /;DC09 / R02 / Terrazza tecnica;GF LT 6 / COMPRESSORE 01 /;Compressore 1: Richiesta /;0;Cambia a 0;Evento;GF LT;LT 6;Richiesta;0;21:27:06|LT 6
1799;26/09/2026 21:27:16;;CLIM /;DC09 / R02 / Terrazza tecnica;GF LT 4 / COMPRESSORE 01 /;Compressore 1 modalita operativa /;0;Cambia a 1;Evento;GF LT;LT 4;Modalità operativa;1;21:27:16|LT 4
1800;26/09/2026 21:27:16;;CLIM /;DC09 / R02 / Terrazza tecnica;GF LT 4 / COMPRESSORE 01 /;Compressore 1: Acceso step 1 /;0;Cambia a 1;Evento;GF LT;LT 4;Acceso step;1;21:27:16|LT 4
1801;26/09/2026 21:27:16;;CLIM /;DC09 / R02 / Terrazza tecnica;GF LT 4 / COMPRESSORE 01 /;Compressore 1: Piena potenza /;0;Cambia a 1;Evento;GF LT;LT 4;Piena potenza;1;21:27:16|LT 4
1802;26/09/2026 21:27:16;;CLIM /;DC09 / R02 / Terrazza tecnica;GF LT 4 / COMPRESSORE 01 /;Compressore 1: Richiesta /;0;Cambia a 1;Evento;GF LT;LT 4;Richiesta;1;21:27:16|LT 4
1803;26/09/2026 21:28:08;;CLIM /;DC09 / R02 / Terrazza tecnica;GF CTA PRO B 1-2 / COMPRESSORE 02 /;Compressore 2: Stato operativo /;0;Cambia a 0;Evento;GF CTA PRO;CTA PRO B 1-2;Stato operativo;0;21:28:08|CTA PRO B 1-2
1804;26/09/2026 21:28:08;;CLIM /;DC09 / R02 / Terrazza tecnica;GF CTA PRO B 1-2 / COMPRESSORE 02 /;Compressore 2: Acceso step 1 /;0;Cambia a 0;Evento;GF CTA PRO;CTA PRO B 1-2;Acceso step;0;21:28:08|CTA PRO B 1-2
1805;26/09/2026 21:28:08;;CLIM /;DC09 / R02 / Terrazza tecnica;GF CTA PRO B 1-2 / COMPRESSORE 02 /;Compressore 2: Piena potenza /;0;Cambia a 0;Evento;GF CTA PRO;CTA PRO B 1-2;Piena potenza;0;21:28:08|CTA PRO B 1-2
1806;26/09/2026 21:28:08;;CLIM /;DC09 / R02 / Terrazza tecnica;GF CTA PRO B 1-2 / COMPRESSORE 02 /;Compressore 2: Richiesta /;0;Cambia a 0;Evento;GF CTA PRO;CTA PRO B 1-2;Richiesta;0;21:28:08|CTA PRO B 1-2
1807;26/09/2026 21:28:15;;CLIM /;DC09 / R02 / Terrazza tecnica;GF CTA PRO A 1-2 / COMPRESSORE 02 /;Compressore 2: Stato operativo /;0;Cambia a 0;Evento;GF CTA PRO;CTA PRO A 1-2;Stato operativo;0;21:28:15|CTA PRO A 1-2
1808;26/09/2026 21:28:15;;CLIM /;DC09 / R02 / Terrazza tecnica;GF CTA PRO A 1-2 / COMPRESSORE 02 /;Compressore 2: Acceso step 1 /;0;Cambia a 0;Evento;GF CTA PRO;CTA PRO A 1-2;Acceso step;0;21:28:15|CTA PRO A 1-2
1809;26/09/2026 21:28:15;;CLIM /;DC09 / R02 / Terrazza tecnica;GF CTA PRO A 1-2 / COMPRESSORE 02 /;Compressore 2: Piena potenza /;0;Cambia a 0;Evento;GF CTA PRO;CTA PRO A 1-2;Piena potenza;0;21:28:15|CTA PRO A 1-2
1810;26/09/2026 21:28:15;;CLIM /;DC09 / R02 / Terrazza tecnica;GF CTA PRO A 1-2 / COMPRESSORE 02 /;Compressore 2: Richiesta /;0;Cambia a 0;Evento;GF CTA PRO;CTA PRO A 1-2;Richiesta;0;21:28:15|CTA PRO A 1-2
1811;26/09/2026 21:28:47;;CLIM /;DC09 / R02 / Terrazza tecnica;GF LT 5 / COMPRESSORE 02 /;Compressore 3 modalita operativa /;0;Cambia a 0;Evento;GF LT;LT 5;Modalità operativa;0;21:28:47|LT 5
1812;26/09/2026 21:28:47;;CLIM /;DC09 / R02 / Terrazza tecnica;GF LT 5 / COMPRESSORE 03 /;Compressore 3: Acceso step 1 /;0;Cambia a 0;Evento;GF LT;LT 5;Acceso step;0;21:28:47|LT 5
1813;26/09/2026 21:28:47;;CLIM /;DC09 / R02 / Terrazza tecnica;GF LT 5 / COMPRESSORE 03 /;Compressore 1: Piena potenza /;0;Cambia a 0;Evento;GF LT;LT 5;Piena potenza;0;21:28:47|LT 5
1814;26/09/2026 21:28:47;;CLIM /;DC09 / R02 / Terrazza tecnica;GF LT 5 / COMPRESSORE 03 /;Compressore 1: Richiesta /;0;Cambia a 0;Evento;GF LT;LT 5;Richiesta;0;21:28:47|LT 5
1815;26/09/2026 21:28:49;kmema_external;CLIM /;DC09 / R01 / SALA DATI B4;FEDERATORE FW B34 / FW B4-1 /;Fanwall B4-1 Setpoint temperatura ambiente /;0;Comando;Comando operatore;Federatore FW B34;FW B4-1;Setpoint temperatura ambiente;;21:28:49|FW B4-1
1816;26/09/2026 21:28:57;;CMF /;DC09 / R01 / Break Area;/ FC-102 /;Velocita ventola 1 /;0;Cambia a 1;Evento;FC (Break Area);FC-102;Velocità ventola;1;21:28:57|FC-102
1817;26/09/2026 21:29:27;;CLIM /;DC09 / R02 / SALA DATI B2/B4;GF FW B2-B4.5 / COMPRESSORE 01 /;Compressore 1: Pompa spenta /;0;Cambia a 1;Evento;GF FW;FW B2-B4.5;Pompa spenta;1;21:29:27|FW B2-B4.5
1818;26/09/2026 21:29:31;;CLIM /;DC09 / R02 / SALA DATI B2/B4;GF FW B2-B4.5 / COMPRESSORE 01 /;Stato di funzionamento compressore 1 /;0;Cambia a 0;Evento;GF FW;FW B2-B4.5;Stato funzionamento;0;21:29:31|FW B2-B4.5
1819;26/09/2026 21:29:31;;CLIM /;DC09 / R02 / SALA DATI B2/B4;GF FW B2-B4.5 / COMPRESSORE 01 /;Compressore 1: Pompa spenta /;0;Cambia a 0;Evento;GF FW;FW B2-B4.5;Pompa spenta;0;21:29:31|FW B2-B4.5
1820;26/09/2026 21:29:31;;CLIM /;DC09 / R02 / SALA DATI B2/B4;GF FW B2-B4.5 / COMPRESSORE 01 /;Compressore 1: Piena potenza /;0;Cambia a 0;Evento;GF FW;FW B2-B4.5;Piena potenza;0;21:29:31|FW B2-B4.5
1821;26/09/2026 21:29:31;;CLIM /;DC09 / R02 / SALA DATI B2/B4;GF FW B2-B4.5 / COMPRESSORE 01 /;Compressore 1: Richiesta /;0;Cambia a 0;Evento;GF FW;FW B2-B4.5;Richiesta;0;21:29:31|FW B2-B4.5
1822;26/09/2026 21:29:33;;CLIM /;DC09 / R02 / Terrazza tecnica;GF LT 4 / COMPRESSORE 01 /;Compressore 1 modalita operativa /;0;Cambia a 0;Evento;GF LT;LT 4;Modalità operativa;0;21:29:33|LT 4
1823;26/09/2026 21:29:33;;CLIM /;DC09 / R02 / Terrazza tecnica;GF LT 4 / COMPRESSORE 01 /;Compressore 1: Acceso step 1 /;0;Cambia a 0;Evento;GF LT;LT 4;Acceso step;0;21:29:33|LT 4
1824;26/09/2026 21:29:33;;CLIM /;DC09 / R02 / Terrazza tecnica;GF LT 4 / COMPRESSORE 01 /;Compressore 1: Piena potenza /;0;Cambia a 0;Evento;GF LT;LT 4;Piena potenza;0;21:29:33|LT 4
1825;26/09/2026 21:29:33;;CLIM /;DC09 / R02 / Terrazza tecnica;GF LT 4 / COMPRESSORE 01 /;Compressore 1: Richiesta /;0;Cambia a 0;Evento;GF LT;LT 4;Richiesta;0;21:29:33|LT 4
1826;26/09/2026 21:30:07;;CLIM /;DC09 / R02 / Terrazza tecnica;GF LT 2 / COMPRESSORE 01 /;Compressore 1 modalita operativa /;0;Cambia a 1;Evento;GF LT;LT 2;Modalità operativa;1;21:30:07|LT 2
1827;26/09/2026 21:30:07;;CLIM /;DC09 / R02 / Terrazza tecnica;GF LT 2 / COMPRESSORE 01 /;Compressore 1: Acceso step 1 /;0;Cambia a 1;Evento;GF LT;LT 2;Acceso step;1;21:30:07|LT 2
1828;26/09/2026 21:30:07;;CLIM /;DC09 / R02 / Terrazza tecnica;GF LT 2 / COMPRESSORE 01 /;Compressore 1: Piena potenza /;0;Cambia a 1;Evento;GF LT;LT 2;Piena potenza;1;21:30:07|LT 2
1829;26/09/2026 21:30:07;;CLIM /;DC09 / R02 / Terrazza tecnica;GF LT 2 / COMPRESSORE 01 /;Compressore 1: Richiesta /;0;Cambia a 1;Evento;GF LT;LT 2;Richiesta;1;21:30:07|LT 2
1830;26/09/2026 21:30:07;;CLIM /;DC09 / R02 / Terrazza tecnica;GF LT 2 / COMPRESSORE 02 /;Compressore 3 modalita operativa /;0;Cambia a 1;Evento;GF LT;LT 2;Modalità operativa;1;21:30:07|LT 2
1831;26/09/2026 21:30:07;;CLIM /;DC09 / R02 / Terrazza tecnica;GF LT 2 / COMPRESSORE 03 /;Compressore 3: Acceso step 1 /;0;Cambia a 1;Evento;GF LT;LT 2;Acceso step;1;21:30:07|LT 2
1832;26/09/2026 21:30:07;;CLIM /;DC09 / R02 / Terrazza tecnica;GF LT 2 / COMPRESSORE 03 /;Compressore 1: Piena potenza /;0;Cambia a 1;Evento;GF LT;LT 2;Piena potenza;1;21:30:07|LT 2
1833;26/09/2026 21:30:07;;CLIM /;DC09 / R02 / Terrazza tecnica;GF LT 2 / COMPRESSORE 03 /;Compressore 1: Richiesta /;0;Cambia a 1;Evento;GF LT;LT 2;Richiesta;1;21:30:07|LT 2
1834;26/09/2026 21:30:32;;CLIM /;DC09 / R02 / SALA DATI B2/B4;GF FW B2-B4.3 / COMPRESSORE 02 /;Compressore 2: Acceso step 2 /;0;Cambia a 1;Evento;GF FW;FW B2-B4.3;Acceso step;1;21:30:32|FW B2-B4.3
1835;26/09/2026 21:30:32;;CLIM /;DC09 / R02 / SALA DATI B2/B4;GF FW B2-B4.3 / COMPRESSORE 02 /;Compressore 2: Acceso step 1 /;0;Cambia a 0;Evento;GF FW;FW B2-B4.3;Acceso step;0;21:30:32|FW B2-B4.3
1836;26/09/2026 21:30:41;;CLIM /;DC09 / R02 / Terrazza tecnica;GF CTA PRO B 3-4 / COMPRESSORE 01 /;Compressore 1: Stato operativo /;0;Cambia a 1;Evento;GF CTA PRO;CTA PRO B 3-4;Stato operativo;1;21:30:41|CTA PRO B 3-4
1837;26/09/2026 21:30:41;;CLIM /;DC09 / R02 / Terrazza tecnica;GF CTA PRO B 3-4 / COMPRESSORE 01 /;Compressore 1: Acceso step 1 /;0;Cambia a 1;Evento;GF CTA PRO;CTA PRO B 3-4;Acceso step;1;21:30:41|CTA PRO B 3-4
1838;26/09/2026 21:30:41;;CLIM /;DC09 / R02 / Terrazza tecnica;GF CTA PRO B 3-4 / COMPRESSORE 01 /;Compressore 1: Piena potenza /;0;Cambia a 1;Evento;GF CTA PRO;CTA PRO B 3-4;Piena potenza;1;21:30:41|CTA PRO B 3-4
1839;26/09/2026 21:30:41;;CLIM /;DC09 / R02 / Terrazza tecnica;GF CTA PRO B 3-4 / COMPRESSORE 01 /;Compressore 1: Richiesta /;0;Cambia a 1;Evento;GF CTA PRO;CTA PRO B 3-4;Richiesta;1;21:30:41|CTA PRO B 3-4
1840;26/09/2026 21:30:54;;CLIM /;DC09 / R02 / Terrazza tecnica;GF CTA PRO A 3-4 / COMPRESSORE 01 /;Compressore 1: Stato operativo /;0;Cambia a 0;Evento;GF CTA PRO;CTA PRO A 3-4;Stato operativo;0;21:30:54|CTA PRO A 3-4
1841;26/09/2026 21:30:54;;CLIM /;DC09 / R02 / Terrazza tecnica;GF CTA PRO A 3-4 / COMPRESSORE 01 /;Compressore 1: Acceso step 1 /;0;Cambia a 0;Evento;GF CTA PRO;CTA PRO A 3-4;Acceso step;0;21:30:54|CTA PRO A 3-4
1842;26/09/2026 21:30:54;;CLIM /;DC09 / R02 / Terrazza tecnica;GF CTA PRO A 3-4 / COMPRESSORE 01 /;Compressore 1: Piena potenza /;0;Cambia a 0;Evento;GF CTA PRO;CTA PRO A 3-4;Piena potenza;0;21:30:54|CTA PRO A 3-4
1843;26/09/2026 21:30:54;;CLIM /;DC09 / R02 / Terrazza tecnica;GF CTA PRO A 3-4 / COMPRESSORE 01 /;Compressore 1: Richiesta /;0;Cambia a 0;Evento;GF CTA PRO;CTA PRO A 3-4;Richiesta;0;21:30:54|CTA PRO A 3-4
1844;26/09/2026 21:31:07;;CLIM /;DC09 / R02 / Terrazza tecnica;GF LT 2 / COMPRESSORE 02 /;Compressore 2 modalita operativa /;0;Cambia a 0;Evento;GF LT;LT 2;Modalità operativa;0;21:31:07|LT 2
1845;26/09/2026 21:31:07;;CLIM /;DC09 / R02 / Terrazza tecnica;GF LT 2 / COMPRESSORE 02 /;Compressore 2: Acceso step 1 /;0;Cambia a 0;Evento;GF LT;LT 2;Acceso step;0;21:31:07|LT 2
1846;26/09/2026 21:31:07;;CLIM /;DC09 / R02 / Terrazza tecnica;GF LT 2 / COMPRESSORE 02 /;Compressore 1: Piena potenza /;0;Cambia a 0;Evento;GF LT;LT 2;Piena potenza;0;21:31:07|LT 2
1847;26/09/2026 21:31:07;;CLIM /;DC09 / R02 / Terrazza tecnica;GF LT 2 / COMPRESSORE 02 /;Compressore 1: Richiesta /;0;Cambia a 0;Evento;GF LT;LT 2;Richiesta;0;21:31:07|LT 2
1848;26/09/2026 21:31:50;;CLIM /;DC09 / R02 / Terrazza tecnica;GF LT 4 / COMPRESSORE 03 /;Compressore 3: Acceso step 1 /;0;Cambia a 1;Evento;GF LT;LT 4;Acceso step;1;21:31:50|LT 4
1849;26/09/2026 21:31:50;;CLIM /;DC09 / R02 / Terrazza tecnica;GF LT 4 / COMPRESSORE 03 /;Compressore 1: Richiesta /;0;Cambia a 1;Evento;GF LT;LT 4;Richiesta;1;21:31:50|LT 4
1850;26/09/2026 21:32:11;;CLIM /;DC09 / R02 / Terrazza tecnica;GF LT 4 / COMPRESSORE 02 /;Compressore 3 modalita operativa /;0;Cambia a 1;Evento;GF LT;LT 4;Modalità operativa;1;21:32:11|LT 4
1851;26/09/2026 21:32:11;;CLIM /;DC09 / R02 / Terrazza tecnica;GF LT 4 / COMPRESSORE 03 /;Compressore 1: Piena potenza /;0;Cambia a 1;Evento;GF LT;LT 4;Piena potenza;1;21:32:11|LT 4
1852;26/09/2026 21:32:29;kmema_external;CLIM /;DC09 / R01 / SALA DATI B4;FEDERATORE FW B34 / FW B4-1 /;Fanwall B4-1 Setpoint T. mandata min. /;0;Comando;Comando operatore;Federatore FW B34;FW B4-1;Setpoint T. mandata min.;;21:32:29|FW B4-1
1853;26/09/2026 21:33:19;kmema_external;CLIM /;DC09 / R01 / SALA DATI B4;FEDERATORE FW B34 / FW B4-2 /;Fanwall B4-2 Setpoint temperatura ambiente /;0;Comando;Comando operatore;Federatore FW B34;FW B4-2;Setpoint temperatura ambiente;;21:33:19|FW B4-2
1854;26/09/2026 21:33:24;;CLIM /;DC09 / R02 / Terrazza tecnica;GF LT 2 / COMPRESSORE 02 /;Compressore 3 modalita operativa /;0;Cambia a 0;Evento;GF LT;LT 2;Modalità operativa;0;21:33:24|LT 2
1855;26/09/2026 21:33:24;;CLIM /;DC09 / R02 / Terrazza tecnica;GF LT 2 / COMPRESSORE 03 /;Compressore 3: Acceso step 1 /;0;Cambia a 0;Evento;GF LT;LT 2;Acceso step;0;21:33:24|LT 2
1856;26/09/2026 21:33:24;;CLIM /;DC09 / R02 / Terrazza tecnica;GF LT 2 / COMPRESSORE 03 /;Compressore 1: Piena potenza /;0;Cambia a 0;Evento;GF LT;LT 2;Piena potenza;0;21:33:24|LT 2
1857;26/09/2026 21:33:24;;CLIM /;DC09 / R02 / Terrazza tecnica;GF LT 2 / COMPRESSORE 03 /;Compressore 1: Richiesta /;0;Cambia a 0;Evento;GF LT;LT 2;Richiesta;0;21:33:24|LT 2
1858;26/09/2026 21:34:28;;CLIM /;DC09 / R02 / Terrazza tecnica;GF LT 4 / COMPRESSORE 02 /;Compressore 3 modalita operativa /;0;Cambia a 0;Evento;GF LT;LT 4;Modalità operativa;0;21:34:28|LT 4
1859;26/09/2026 21:34:28;;CLIM /;DC09 / R02 / Terrazza tecnica;GF LT 4 / COMPRESSORE 03 /;Compressore 3: Acceso step 1 /;0;Cambia a 0;Evento;GF LT;LT 4;Acceso step;0;21:34:28|LT 4
1860;26/09/2026 21:34:28;;CLIM /;DC09 / R02 / Terrazza tecnica;GF LT 4 / COMPRESSORE 03 /;Compressore 1: Piena potenza /;0;Cambia a 0;Evento;GF LT;LT 4;Piena potenza;0;21:34:28|LT 4
1861;26/09/2026 21:34:28;;CLIM /;DC09 / R02 / Terrazza tecnica;GF LT 4 / COMPRESSORE 03 /;Compressore 1: Richiesta /;0;Cambia a 0;Evento;GF LT;LT 4;Richiesta;0;21:34:28|LT 4
1862;26/09/2026 21:34:40;;CLIM /;DC09 / R02 / SALA DATI B2/B4;GF FW B2-B4.5 / COMPRESSORE 01 /;Compressore 1: Richiesta /;0;Cambia a 1;Evento;GF FW;FW B2-B4.5;Richiesta;1;21:34:40|FW B2-B4.5
1863;26/09/2026 21:34:42;;CLIM /;DC09 / R02 / SALA DATI B2/B4;GF FW B2-B4.5 / COMPRESSORE 01 /;Stato di funzionamento compressore 1 /;0;Cambia a 1;Evento;GF FW;FW B2-B4.5;Stato funzionamento;1;21:34:42|FW B2-B4.5
1864;26/09/2026 21:34:42;;CLIM /;DC09 / R02 / SALA DATI B2/B4;GF FW B2-B4.5 / COMPRESSORE 01 /;Compressore 1: Piena potenza /;0;Cambia a 1;Evento;GF FW;FW B2-B4.5;Piena potenza;1;21:34:42|FW B2-B4.5
1865;26/09/2026 21:34:48;kmema_external;CLIM /;DC09 / R01 / SALA DATI B4;FEDERATORE FW B34 / FW B4-1 /;Fanwall B4-1 Setpoint temperatura ambiente /;0;Comando;Comando operatore;Federatore FW B34;FW B4-1;Setpoint temperatura ambiente;;21:34:48|FW B4-1
1866;26/09/2026 21:34:53;kmema_external;CLIM /;DC09 / R01 / SALA DATI B4;FEDERATORE FW B34 / FW B4-1 /;Fanwall B4-1 Setpoint T. mandata min. /;0;Comando;Comando operatore;Federatore FW B34;FW B4-1;Setpoint T. mandata min.;;21:34:53|FW B4-1
1867;26/09/2026 21:35:35;;CLIM /;DC09 / R02 / Terrazza tecnica;GF CTA PRO B 3-4 / COMPRESSORE 01 /;Compressore 1: Stato operativo /;0;Cambia a 0;Evento;GF CTA PRO;CTA PRO B 3-4;Stato operativo;0;21:35:35|CTA PRO B 3-4
1868;26/09/2026 21:35:35;;CLIM /;DC09 / R02 / Terrazza tecnica;GF CTA PRO B 3-4 / COMPRESSORE 01 /;Compressore 1: Acceso step 1 /;0;Cambia a 0;Evento;GF CTA PRO;CTA PRO B 3-4;Acceso step;0;21:35:35|CTA PRO B 3-4
1869;26/09/2026 21:35:35;;CLIM /;DC09 / R02 / Terrazza tecnica;GF CTA PRO B 3-4 / COMPRESSORE 01 /;Compressore 1: Piena potenza /;0;Cambia a 0;Evento;GF CTA PRO;CTA PRO B 3-4;Piena potenza;0;21:35:35|CTA PRO B 3-4
1870;26/09/2026 21:35:35;;CLIM /;DC09 / R02 / Terrazza tecnica;GF CTA PRO B 3-4 / COMPRESSORE 01 /;Compressore 1: Richiesta /;0;Cambia a 0;Evento;GF CTA PRO;CTA PRO B 3-4;Richiesta;0;21:35:35|CTA PRO B 3-4
1871;26/09/2026 21:36:27;;CLIM /;DC09 / R02 / Terrazza tecnica;GF CTA PRO A 1-2 / COMPRESSORE 01 /;Compressore 1: Stato operativo /;0;Cambia a 1;Evento;GF CTA PRO;CTA PRO A 1-2;Stato operativo;1;21:36:27|CTA PRO A 1-2
1872;26/09/2026 21:36:27;;CLIM /;DC09 / R02 / Terrazza tecnica;GF CTA PRO A 1-2 / COMPRESSORE 01 /;Compressore 1: Acceso step 1 /;0;Cambia a 1;Evento;GF CTA PRO;CTA PRO A 1-2;Acceso step;1;21:36:27|CTA PRO A 1-2
1873;26/09/2026 21:36:27;;CLIM /;DC09 / R02 / Terrazza tecnica;GF CTA PRO A 1-2 / COMPRESSORE 01 /;Compressore 1: Piena potenza /;0;Cambia a 1;Evento;GF CTA PRO;CTA PRO A 1-2;Piena potenza;1;21:36:27|CTA PRO A 1-2
1874;26/09/2026 21:36:27;;CLIM /;DC09 / R02 / Terrazza tecnica;GF CTA PRO A 1-2 / COMPRESSORE 01 /;Compressore 1: Richiesta /;0;Cambia a 1;Evento;GF CTA PRO;CTA PRO A 1-2;Richiesta;1;21:36:27|CTA PRO A 1-2
1875;26/09/2026 21:36:54;;CLIM /;DC09 / R02 / Terrazza tecnica;GF LT 6 / COMPRESSORE 02 /;Compressore 2 modalita operativa /;0;Cambia a 0;Evento;GF LT;LT 6;Modalità operativa;0;21:36:54|LT 6
1876;26/09/2026 21:36:54;;CLIM /;DC09 / R02 / Terrazza tecnica;GF LT 6 / COMPRESSORE 02 /;Compressore 2: Acceso step 1 /;0;Cambia a 0;Evento;GF LT;LT 6;Acceso step;0;21:36:54|LT 6
1877;26/09/2026 21:36:54;;CLIM /;DC09 / R02 / Terrazza tecnica;GF LT 6 / COMPRESSORE 02 /;Compressore 1: Piena potenza /;0;Cambia a 0;Evento;GF LT;LT 6;Piena potenza;0;21:36:54|LT 6
1878;26/09/2026 21:36:54;;CLIM /;DC09 / R02 / Terrazza tecnica;GF LT 6 / COMPRESSORE 02 /;Compressore 1: Richiesta /;0;Cambia a 0;Evento;GF LT;LT 6;Richiesta;0;21:36:54|LT 6
1879;26/09/2026 21:36:57;;CLIM /;DC09 / R02 / Terrazza tecnica;GF CTA PRO B 1-2 / COMPRESSORE 01 /;Compressore 1: Stato operativo /;0;Cambia a 1;Evento;GF CTA PRO;CTA PRO B 1-2;Stato operativo;1;21:36:57|CTA PRO B 1-2
1880;26/09/2026 21:36:57;;CLIM /;DC09 / R02 / Terrazza tecnica;GF CTA PRO B 1-2 / COMPRESSORE 01 /;Compressore 1: Acceso step 1 /;0;Cambia a 1;Evento;GF CTA PRO;CTA PRO B 1-2;Acceso step;1;21:36:57|CTA PRO B 1-2
1881;26/09/2026 21:36:57;;CLIM /;DC09 / R02 / Terrazza tecnica;GF CTA PRO B 1-2 / COMPRESSORE 01 /;Compressore 1: Piena potenza /;0;Cambia a 1;Evento;GF CTA PRO;CTA PRO B 1-2;Piena potenza;1;21:36:57|CTA PRO B 1-2
1882;26/09/2026 21:36:57;;CLIM /;DC09 / R02 / Terrazza tecnica;GF CTA PRO B 1-2 / COMPRESSORE 01 /;Compressore 1: Richiesta /;0;Cambia a 1;Evento;GF CTA PRO;CTA PRO B 1-2;Richiesta;1;21:36:57|CTA PRO B 1-2
1883;26/09/2026 21:37:25;;CLIM /;DC09 / R02 / Terrazza tecnica;GF LT 4 / COMPRESSORE 02 /;Compressore 2: Acceso step 1 /;0;Cambia a 1;Evento;GF LT;LT 4;Acceso step;1;21:37:25|LT 4
1884;26/09/2026 21:37:25;;CLIM /;DC09 / R02 / Terrazza tecnica;GF LT 4 / COMPRESSORE 02 /;Compressore 1: Richiesta /;0;Cambia a 1;Evento;GF LT;LT 4;Richiesta;1;21:37:25|LT 4
1885;26/09/2026 21:37:45;;CLIM /;DC09 / R02 / Terrazza tecnica;GF LT 4 / COMPRESSORE 02 /;Compressore 2 modalita operativa /;0;Cambia a 1;Evento;GF LT;LT 4;Modalità operativa;1;21:37:45|LT 4
1886;26/09/2026 21:37:45;;CLIM /;DC09 / R02 / Terrazza tecnica;GF LT 4 / COMPRESSORE 02 /;Compressore 1: Piena potenza /;0;Cambia a 1;Evento;GF LT;LT 4;Piena potenza;1;21:37:45|LT 4
1887;26/09/2026 21:38:05;kmema_external;CLIM /;DC09 / R01 / SALA DATI B4;FEDERATORE FW B34 / FW B4-2 /;Fanwall B4-2 Setpoint temperatura ambiente /;0;Comando;Comando operatore;Federatore FW B34;FW B4-2;Setpoint temperatura ambiente;;21:38:05|FW B4-2
1888;26/09/2026 21:38:37;;CLIM /;DC09 / R02 / Terrazza tecnica;GF LT 2 / COMPRESSORE 03 /;Compressore 4 modalita operativa /;0;Cambia a 1;Evento;GF LT;LT 2;Modalità operativa;1;21:38:37|LT 2
1889;26/09/2026 21:38:37;;CLIM /;DC09 / R02 / Terrazza tecnica;GF LT 2 / COMPRESSORE 04 /;Compressore 4: Acceso step 1 /;0;Cambia a 1;Evento;GF LT;LT 2;Acceso step;1;21:38:37|LT 2
1890;26/09/2026 21:38:37;;CLIM /;DC09 / R02 / Terrazza tecnica;GF LT 2 / COMPRESSORE 04 /;Compressore 1: Piena potenza /;0;Cambia a 1;Evento;GF LT;LT 2;Piena potenza;1;21:38:37|LT 2
1891;26/09/2026 21:38:37;;CLIM /;DC09 / R02 / Terrazza tecnica;GF LT 2 / COMPRESSORE 04 /;Compressore 4: Richiesta /;0;Cambia a 1;Evento;GF LT;LT 2;Richiesta;1;21:38:37|LT 2
1892;26/09/2026 21:39:04;;CLIM /;DC09 / R02 / Terrazza tecnica;GF CTA PRO A 1-2 / COMPRESSORE 01 /;Compressore 1: Stato operativo /;0;Cambia a 0;Evento;GF CTA PRO;CTA PRO A 1-2;Stato operativo;0;21:39:04|CTA PRO A 1-2
1893;26/09/2026 21:39:04;;CLIM /;DC09 / R02 / Terrazza tecnica;GF CTA PRO A 1-2 / COMPRESSORE 01 /;Compressore 1: Acceso step 1 /;0;Cambia a 0;Evento;GF CTA PRO;CTA PRO A 1-2;Acceso step;0;21:39:04|CTA PRO A 1-2
1894;26/09/2026 21:39:04;;CLIM /;DC09 / R02 / Terrazza tecnica;GF CTA PRO A 1-2 / COMPRESSORE 01 /;Compressore 1: Piena potenza /;0;Cambia a 0;Evento;GF CTA PRO;CTA PRO A 1-2;Piena potenza;0;21:39:04|CTA PRO A 1-2
1895;26/09/2026 21:39:04;;CLIM /;DC09 / R02 / Terrazza tecnica;GF CTA PRO A 1-2 / COMPRESSORE 01 /;Compressore 1: Richiesta /;0;Cambia a 0;Evento;GF CTA PRO;CTA PRO A 1-2;Richiesta;0;21:39:04|CTA PRO A 1-2
1896;26/09/2026 21:39:52;;CLIM /;DC09 / R02 / Terrazza tecnica;GF LT 6 / COMPRESSORE 03 /;Compressore 4 modalita operativa /;0;Cambia a 1;Evento;GF LT;LT 6;Modalità operativa;1;21:39:52|LT 6
1897;26/09/2026 21:39:52;;CLIM /;DC09 / R02 / Terrazza tecnica;GF LT 6 / COMPRESSORE 04 /;Compressore 4: Acceso step 1 /;0;Cambia a 1;Evento;GF LT;LT 6;Acceso step;1;21:39:52|LT 6
1898;26/09/2026 21:39:52;;CLIM /;DC09 / R02 / Terrazza tecnica;GF LT 6 / COMPRESSORE 04 /;Compressore 1: Piena potenza /;0;Cambia a 1;Evento;GF LT;LT 6;Piena potenza;1;21:39:52|LT 6
1899;26/09/2026 21:39:52;;CLIM /;DC09 / R02 / Terrazza tecnica;GF LT 6 / COMPRESSORE 04 /;Compressore 4: Richiesta /;0;Cambia a 1;Evento;GF LT;LT 6;Richiesta;1;21:39:52|LT 6
1900;26/09/2026 21:40:22;;CLIM /;DC09 / R02 / Terrazza tecnica;GF LT 4 / COMPRESSORE 02 /;Compressore 2 modalita operativa /;0;Cambia a 0;Evento;GF LT;LT 4;Modalità operativa;0;21:40:22|LT 4
1901;26/09/2026 21:40:22;;CLIM /;DC09 / R02 / Terrazza tecnica;GF LT 4 / COMPRESSORE 02 /;Compressore 2: Acceso step 1 /;0;Cambia a 0;Evento;GF LT;LT 4;Acceso step;0;21:40:22|LT 4
1902;26/09/2026 21:40:22;;CLIM /;DC09 / R02 / Terrazza tecnica;GF LT 4 / COMPRESSORE 02 /;Compressore 1: Piena potenza /;0;Cambia a 0;Evento;GF LT;LT 4;Piena potenza;0;21:40:22|LT 4
1903;26/09/2026 21:40:22;;CLIM /;DC09 / R02 / Terrazza tecnica;GF LT 4 / COMPRESSORE 02 /;Compressore 1: Richiesta /;0;Cambia a 0;Evento;GF LT;LT 4;Richiesta;0;21:40:22|LT 4
1904;26/09/2026 21:40:49;;CLIM /;DC09 / R02 / Terrazza tecnica;GF CTA PRO B 3-4 / COMPRESSORE 02 /;Compressore 2: Acceso step 1 /;0;Cambia a 1;Evento;GF CTA PRO;CTA PRO B 3-4;Acceso step;1;21:40:49|CTA PRO B 3-4
1905;26/09/2026 21:40:49;;CLIM /;DC09 / R02 / Terrazza tecnica;GF CTA PRO B 3-4 / COMPRESSORE 02 /;Compressore 2: Richiesta /;0;Cambia a 1;Evento;GF CTA PRO;CTA PRO B 3-4;Richiesta;1;21:40:49|CTA PRO B 3-4
1906;26/09/2026 21:40:50;;CLIM /;DC09 / R02 / Terrazza tecnica;GF LT 6 / COMPRESSORE 02 /;Compressore 3 modalita operativa /;0;Cambia a 1;Evento;GF LT;LT 6;Modalità operativa;1;21:40:50|LT 6
1907;26/09/2026 21:40:50;;CLIM /;DC09 / R02 / Terrazza tecnica;GF LT 6 / COMPRESSORE 03 /;Compressore 3: Acceso step 1 /;0;Cambia a 1;Evento;GF LT;LT 6;Acceso step;1;21:40:50|LT 6
1908;26/09/2026 21:40:50;;CLIM /;DC09 / R02 / Terrazza tecnica;GF LT 6 / COMPRESSORE 03 /;Compressore 1: Piena potenza /;0;Cambia a 1;Evento;GF LT;LT 6;Piena potenza;1;21:40:50|LT 6
1909;26/09/2026 21:40:50;;CLIM /;DC09 / R02 / Terrazza tecnica;GF LT 6 / COMPRESSORE 03 /;Compressore 1: Richiesta /;0;Cambia a 1;Evento;GF LT;LT 6;Richiesta;1;21:40:50|LT 6
1910;26/09/2026 21:41:10;;CLIM /;DC09 / R02 / Terrazza tecnica;GF CTA PRO B 3-4 / COMPRESSORE 02 /;Compressore 2: Stato operativo /;0;Cambia a 1;Evento;GF CTA PRO;CTA PRO B 3-4;Stato operativo;1;21:41:10|CTA PRO B 3-4
1911;26/09/2026 21:41:10;;CLIM /;DC09 / R02 / Terrazza tecnica;GF CTA PRO B 3-4 / COMPRESSORE 02 /;Compressore 2: Piena potenza /;0;Cambia a 1;Evento;GF CTA PRO;CTA PRO B 3-4;Piena potenza;1;21:41:10|CTA PRO B 3-4
1912;26/09/2026 21:41:25;;CMF /;DC09 / R01 / Break Area;/ FC-102 /;Velocita ventola 1 /;0;Cambia a 0;Evento;FC (Break Area);FC-102;Velocità ventola;0;21:41:25|FC-102
1913;26/09/2026 21:41:49;;CLIM /;DC09 / R02 / Terrazza tecnica;GF LT 6 / COMPRESSORE 03 /;Compressore 4 modalita operativa /;0;Cambia a 0;Evento;GF LT;LT 6;Modalità operativa;0;21:41:49|LT 6
1914;26/09/2026 21:41:49;;CLIM /;DC09 / R02 / Terrazza tecnica;GF LT 6 / COMPRESSORE 04 /;Compressore 4: Acceso step 1 /;0;Cambia a 0;Evento;GF LT;LT 6;Acceso step;0;21:41:49|LT 6
1915;26/09/2026 21:41:49;;CLIM /;DC09 / R02 / Terrazza tecnica;GF LT 6 / COMPRESSORE 04 /;Compressore 1: Piena potenza /;0;Cambia a 0;Evento;GF LT;LT 6;Piena potenza;0;21:41:49|LT 6
1916;26/09/2026 21:41:49;;CLIM /;DC09 / R02 / Terrazza tecnica;GF LT 6 / COMPRESSORE 04 /;Compressore 4: Richiesta /;0;Cambia a 0;Evento;GF LT;LT 6;Richiesta;0;21:41:49|LT 6
1917;26/09/2026 21:41:53;;CLIM /;DC09 / R02 / Terrazza tecnica;GF LT 2 / COMPRESSORE 03 /;Compressore 4 modalita operativa /;0;Cambia a 0;Evento;GF LT;LT 2;Modalità operativa;0;21:41:53|LT 2
1918;26/09/2026 21:41:53;;CLIM /;DC09 / R02 / Terrazza tecnica;GF LT 2 / COMPRESSORE 04 /;Compressore 4: Acceso step 1 /;0;Cambia a 0;Evento;GF LT;LT 2;Acceso step;0;21:41:53|LT 2
1919;26/09/2026 21:41:53;;CLIM /;DC09 / R02 / Terrazza tecnica;GF LT 2 / COMPRESSORE 04 /;Compressore 1: Piena potenza /;0;Cambia a 0;Evento;GF LT;LT 2;Piena potenza;0;21:41:53|LT 2
1920;26/09/2026 21:41:53;;CLIM /;DC09 / R02 / Terrazza tecnica;GF LT 2 / COMPRESSORE 04 /;Compressore 4: Richiesta /;0;Cambia a 0;Evento;GF LT;LT 2;Richiesta;0;21:41:53|LT 2
1921;26/09/2026 21:42:03;kmema_external;CLIM /;DC09 / R01 / SALA DATI B4;FEDERATORE FW B34 / FW B4-1 /;Fanwall B4-1 Setpoint temperatura ambiente /;0;Comando;Comando operatore;Federatore FW B34;FW B4-1;Setpoint temperatura ambiente;;21:42:03|FW B4-1
1922;26/09/2026 21:42:07;kmema_external;CLIM /;DC09 / R01 / SALA DATI B4;FEDERATORE FW B34 / FW B4-1 /;Fanwall B4-1 Setpoint T. mandata min. /;0;Comando;Comando operatore;Federatore FW B34;FW B4-1;Setpoint T. mandata min.;;21:42:07|FW B4-1
1923;26/09/2026 21:42:59;;CLIM /;DC09 / R02 / Terrazza tecnica;GF LT 4 / COMPRESSORE 04 /;Compressore 4: Acceso step 1 /;0;Cambia a 1;Evento;GF LT;LT 4;Acceso step;1;21:42:59|LT 4
1924;26/09/2026 21:42:59;;CLIM /;DC09 / R02 / Terrazza tecnica;GF LT 4 / COMPRESSORE 04 /;Compressore 4: Richiesta /;0;Cambia a 1;Evento;GF LT;LT 4;Richiesta;1;21:42:59|LT 4
1925;26/09/2026 21:43:17;;CMF /;DC09 / R01 / Break Area;/ FC-102 /;Velocita ventola 1 /;0;Cambia a 1;Evento;FC (Break Area);FC-102;Velocità ventola;1;21:43:17|FC-102
1926;26/09/2026 21:43:19;;CLIM /;DC09 / R02 / Terrazza tecnica;GF LT 4 / COMPRESSORE 03 /;Compressore 4 modalita operativa /;0;Cambia a 1;Evento;GF LT;LT 4;Modalità operativa;1;21:43:19|LT 4
1927;26/09/2026 21:43:19;;CLIM /;DC09 / R02 / Terrazza tecnica;GF LT 4 / COMPRESSORE 04 /;Compressore 1: Piena potenza /;0;Cambia a 1;Evento;GF LT;LT 4;Piena potenza;1;21:43:19|LT 4
1928;26/09/2026 21:43:50;;CLIM /;DC09 / R02 / Terrazza tecnica;GF LT 5 / COMPRESSORE 01 /;Compressore 1 modalita operativa /;0;Cambia a 1;Evento;GF LT;LT 5;Modalità operativa;1;21:43:50|LT 5
1929;26/09/2026 21:43:50;;CLIM /;DC09 / R02 / Terrazza tecnica;GF LT 5 / COMPRESSORE 01 /;Compressore 1: Acceso step 1 /;0;Cambia a 1;Evento;GF LT;LT 5;Acceso step;1;21:43:50|LT 5
1930;26/09/2026 21:43:50;;CLIM /;DC09 / R02 / Terrazza tecnica;GF LT 5 / COMPRESSORE 01 /;Compressore 1: Piena potenza /;0;Cambia a 1;Evento;GF LT;LT 5;Piena potenza;1;21:43:50|LT 5
1931;26/09/2026 21:43:50;;CLIM /;DC09 / R02 / Terrazza tecnica;GF LT 5 / COMPRESSORE 01 /;Compressore 1: Richiesta /;0;Cambia a 1;Evento;GF LT;LT 5;Richiesta;1;21:43:50|LT 5
1932;26/09/2026 21:44:09;;CLIM /;DC09 / R02 / Terrazza tecnica;GF CTA PRO B 1-2 / COMPRESSORE 01 /;Compressore 1: Stato operativo /;0;Cambia a 0;Evento;GF CTA PRO;CTA PRO B 1-2;Stato operativo;0;21:44:09|CTA PRO B 1-2
1933;26/09/2026 21:44:09;;CLIM /;DC09 / R02 / Terrazza tecnica;GF CTA PRO B 1-2 / COMPRESSORE 01 /;Compressore 1: Acceso step 1 /;0;Cambia a 0;Evento;GF CTA PRO;CTA PRO B 1-2;Acceso step;0;21:44:09|CTA PRO B 1-2
1934;26/09/2026 21:44:09;;CLIM /;DC09 / R02 / Terrazza tecnica;GF CTA PRO B 1-2 / COMPRESSORE 01 /;Compressore 1: Piena potenza /;0;Cambia a 0;Evento;GF CTA PRO;CTA PRO B 1-2;Piena potenza;0;21:44:09|CTA PRO B 1-2
1935;26/09/2026 21:44:09;;CLIM /;DC09 / R02 / Terrazza tecnica;GF CTA PRO B 1-2 / COMPRESSORE 01 /;Compressore 1: Richiesta /;0;Cambia a 0;Evento;GF CTA PRO;CTA PRO B 1-2;Richiesta;0;21:44:09|CTA PRO B 1-2
1936;26/09/2026 21:45:44;;CLIM /;DC09 / R02 / Terrazza tecnica;GF CTA PRO B 3-4 / COMPRESSORE 02 /;Compressore 2: Stato operativo /;0;Cambia a 0;Evento;GF CTA PRO;CTA PRO B 3-4;Stato operativo;0;21:45:44|CTA PRO B 3-4
1937;26/09/2026 21:45:44;;CLIM /;DC09 / R02 / Terrazza tecnica;GF CTA PRO B 3-4 / COMPRESSORE 02 /;Compressore 2: Acceso step 1 /;0;Cambia a 0;Evento;GF CTA PRO;CTA PRO B 3-4;Acceso step;0;21:45:44|CTA PRO B 3-4
1938;26/09/2026 21:45:44;;CLIM /;DC09 / R02 / Terrazza tecnica;GF CTA PRO B 3-4 / COMPRESSORE 02 /;Compressore 2: Piena potenza /;0;Cambia a 0;Evento;GF CTA PRO;CTA PRO B 3-4;Piena potenza;0;21:45:44|CTA PRO B 3-4
1939;26/09/2026 21:45:44;;CLIM /;DC09 / R02 / Terrazza tecnica;GF CTA PRO B 3-4 / COMPRESSORE 02 /;Compressore 2: Richiesta /;0;Cambia a 0;Evento;GF CTA PRO;CTA PRO B 3-4;Richiesta;0;21:45:44|CTA PRO B 3-4
1940;26/09/2026 21:45:56;;CLIM /;DC09 / R02 / Terrazza tecnica;GF LT 4 / COMPRESSORE 03 /;Compressore 4 modalita operativa /;0;Cambia a 0;Evento;GF LT;LT 4;Modalità operativa;0;21:45:56|LT 4
1941;26/09/2026 21:45:56;;CLIM /;DC09 / R02 / Terrazza tecnica;GF LT 4 / COMPRESSORE 04 /;Compressore 4: Acceso step 1 /;0;Cambia a 0;Evento;GF LT;LT 4;Acceso step;0;21:45:56|LT 4
1942;26/09/2026 21:45:56;;CLIM /;DC09 / R02 / Terrazza tecnica;GF LT 4 / COMPRESSORE 04 /;Compressore 1: Piena potenza /;0;Cambia a 0;Evento;GF LT;LT 4;Piena potenza;0;21:45:56|LT 4
1943;26/09/2026 21:45:56;;CLIM /;DC09 / R02 / Terrazza tecnica;GF LT 4 / COMPRESSORE 04 /;Compressore 4: Richiesta /;0;Cambia a 0;Evento;GF LT;LT 4;Richiesta;0;21:45:56|LT 4
1944;26/09/2026 21:46:28;;CLIM /;DC09 / R02 / Terrazza tecnica;GF LT 2 / COMPRESSORE 02 /;Compressore 2 modalita operativa /;0;Cambia a 1;Evento;GF LT;LT 2;Modalità operativa;1;21:46:28|LT 2
1945;26/09/2026 21:46:28;;CLIM /;DC09 / R02 / Terrazza tecnica;GF LT 2 / COMPRESSORE 02 /;Compressore 2: Acceso step 1 /;0;Cambia a 1;Evento;GF LT;LT 2;Acceso step;1;21:46:28|LT 2
1946;26/09/2026 21:46:28;;CLIM /;DC09 / R02 / Terrazza tecnica;GF LT 2 / COMPRESSORE 02 /;Compressore 1: Piena potenza /;0;Cambia a 1;Evento;GF LT;LT 2;Piena potenza;1;21:46:28|LT 2
1947;26/09/2026 21:46:28;;CLIM /;DC09 / R02 / Terrazza tecnica;GF LT 2 / COMPRESSORE 02 /;Compressore 1: Richiesta /;0;Cambia a 1;Evento;GF LT;LT 2;Richiesta;1;21:46:28|LT 2
1948;26/09/2026 21:46:37;;CLIM /;DC09 / R02 / SALA DATI B1/B3;GF FW B1-B3.4 / COMPRESSORE 02 /;Compressore 2: Acceso step 2 /;0;Cambia a 1;Evento;GF FW;FW B1-B3.4;Acceso step;1;21:46:37|FW B1-B3.4
1949;26/09/2026 21:46:37;;CLIM /;DC09 / R02 / SALA DATI B1/B3;GF FW B1-B3.4 / COMPRESSORE 02 /;Compressore 2: Acceso step 1 /;0;Cambia a 0;Evento;GF FW;FW B1-B3.4;Acceso step;0;21:46:37|FW B1-B3.4
1950;26/09/2026 21:47:03;;CLIM /;DC09 / R02 / Terrazza tecnica;GF LT 6 / COMPRESSORE 02 /;Compressore 3 modalita operativa /;0;Cambia a 0;Evento;GF LT;LT 6;Modalità operativa;0;21:47:03|LT 6
1951;26/09/2026 21:47:03;;CLIM /;DC09 / R02 / Terrazza tecnica;GF LT 6 / COMPRESSORE 03 /;Compressore 3: Acceso step 1 /;0;Cambia a 0;Evento;GF LT;LT 6;Acceso step;0;21:47:03|LT 6
1952;26/09/2026 21:47:03;;CLIM /;DC09 / R02 / Terrazza tecnica;GF LT 6 / COMPRESSORE 03 /;Compressore 1: Piena potenza /;0;Cambia a 0;Evento;GF LT;LT 6;Piena potenza;0;21:47:03|LT 6
1953;26/09/2026 21:47:03;;CLIM /;DC09 / R02 / Terrazza tecnica;GF LT 6 / COMPRESSORE 03 /;Compressore 1: Richiesta /;0;Cambia a 0;Evento;GF LT;LT 6;Richiesta;0;21:47:03|LT 6
1954;26/09/2026 21:47:14;;CLIM /;DC09 / R02 / Terrazza tecnica;GF CTA PRO A 1-2 / COMPRESSORE 02 /;Compressore 2: Acceso step 1 /;0;Cambia a 1;Evento;GF CTA PRO;CTA PRO A 1-2;Acceso step;1;21:47:14|CTA PRO A 1-2
1955;26/09/2026 21:47:14;;CLIM /;DC09 / R02 / Terrazza tecnica;GF CTA PRO A 1-2 / COMPRESSORE 02 /;Compressore 2: Richiesta /;0;Cambia a 1;Evento;GF CTA PRO;CTA PRO A 1-2;Richiesta;1;21:47:14|CTA PRO A 1-2
1956;26/09/2026 21:47:16;;CLIM /;DC09 / R02 / SALA DATI B2/B4;GF FW B2-B4.3 / COMPRESSORE 02 /;Compressore 2: Acceso step 2 /;0;Cambia a 0;Evento;GF FW;FW B2-B4.3;Acceso step;0;21:47:16|FW B2-B4.3
1957;26/09/2026 21:47:16;;CLIM /;DC09 / R02 / SALA DATI B2/B4;GF FW B2-B4.3 / COMPRESSORE 02 /;Compressore 2: Acceso step 1 /;0;Cambia a 1;Evento;GF FW;FW B2-B4.3;Acceso step;1;21:47:16|FW B2-B4.3
1958;26/09/2026 21:47:28;;CLIM /;DC09 / R02 / Terrazza tecnica;GF LT 2 / COMPRESSORE 01 /;Compressore 1 modalita operativa /;0;Cambia a 0;Evento;GF LT;LT 2;Modalità operativa;0;21:47:28|LT 2
1959;26/09/2026 21:47:28;;CLIM /;DC09 / R02 / Terrazza tecnica;GF LT 2 / COMPRESSORE 01 /;Compressore 1: Acceso step 1 /;0;Cambia a 0;Evento;GF LT;LT 2;Acceso step;0;21:47:28|LT 2
1960;26/09/2026 21:47:28;;CLIM /;DC09 / R02 / Terrazza tecnica;GF LT 2 / COMPRESSORE 01 /;Compressore 1: Piena potenza /;0;Cambia a 0;Evento;GF LT;LT 2;Piena potenza;0;21:47:28|LT 2
1961;26/09/2026 21:47:28;;CLIM /;DC09 / R02 / Terrazza tecnica;GF LT 2 / COMPRESSORE 01 /;Compressore 1: Richiesta /;0;Cambia a 0;Evento;GF LT;LT 2;Richiesta;0;21:47:28|LT 2
1962;26/09/2026 21:47:34;;CLIM /;DC09 / R02 / Terrazza tecnica;GF CTA PRO A 1-2 / COMPRESSORE 02 /;Compressore 2: Stato operativo /;0;Cambia a 1;Evento;GF CTA PRO;CTA PRO A 1-2;Stato operativo;1;21:47:34|CTA PRO A 1-2
1963;26/09/2026 21:47:34;;CLIM /;DC09 / R02 / Terrazza tecnica;GF CTA PRO A 1-2 / COMPRESSORE 02 /;Compressore 2: Piena potenza /;0;Cambia a 1;Evento;GF CTA PRO;CTA PRO A 1-2;Piena potenza;1;21:47:34|CTA PRO A 1-2
1964;26/09/2026 21:48:34;;CLIM /;DC09 / R02 / Terrazza tecnica;GF CTA PRO A 3-4 / COMPRESSORE 02 /;Compressore 2: Stato operativo /;0;Cambia a 1;Evento;GF CTA PRO;CTA PRO A 3-4;Stato operativo;1;21:48:34|CTA PRO A 3-4
1965;26/09/2026 21:48:34;;CLIM /;DC09 / R02 / Terrazza tecnica;GF CTA PRO A 3-4 / COMPRESSORE 02 /;Compressore 2: Acceso step 1 /;0;Cambia a 1;Evento;GF CTA PRO;CTA PRO A 3-4;Acceso step;1;21:48:34|CTA PRO A 3-4
1966;26/09/2026 21:48:34;;CLIM /;DC09 / R02 / Terrazza tecnica;GF CTA PRO A 3-4 / COMPRESSORE 02 /;Compressore 2: Piena potenza /;0;Cambia a 1;Evento;GF CTA PRO;CTA PRO A 3-4;Piena potenza;1;21:48:34|CTA PRO A 3-4
1967;26/09/2026 21:48:34;;CLIM /;DC09 / R02 / Terrazza tecnica;GF CTA PRO A 3-4 / COMPRESSORE 02 /;Compressore 2: Richiesta /;0;Cambia a 1;Evento;GF CTA PRO;CTA PRO A 3-4;Richiesta;1;21:48:34|CTA PRO A 3-4
1968;26/09/2026 21:48:35;;CLIM /;DC09 / R02 / SALA DATI B2/B4;GF FW B2-B4.3 / COMPRESSORE 01 /;Compressore 1: Freecooling /;0;Cambia a 0;Evento;GF FW;FW B2-B4.3;Freecooling;0;21:48:35|FW B2-B4.3
1969;26/09/2026 21:48:35;;CLIM /;DC09 / R02 / SALA DATI B2/B4;GF FW B2-B4.3 / COMPRESSORE 02 /;Compressore 2: Freecooling /;0;Cambia a 0;Evento;GF FW;FW B2-B4.3;Freecooling;0;21:48:35|FW B2-B4.3
1970;26/09/2026 21:48:48;;CLIM /;DC09 / R02 / SALA DATI B2/B4;GF FW B2-B4.1 / COMPRESSORE 01 /;Compressore 1: Pompa spenta /;0;Cambia a 1;Evento;GF FW;FW B2-B4.1;Pompa spenta;1;21:48:48|FW B2-B4.1
1971;26/09/2026 21:48:52;;CLIM /;DC09 / R02 / SALA DATI B2/B4;GF FW B2-B4.1 / COMPRESSORE 01 /;Stato di funzionamento compressore 1 /;0;Cambia a 0;Evento;GF FW;FW B2-B4.1;Stato funzionamento;0;21:48:52|FW B2-B4.1
1972;26/09/2026 21:48:52;;CLIM /;DC09 / R02 / SALA DATI B2/B4;GF FW B2-B4.1 / COMPRESSORE 01 /;Compressore 1: Pompa spenta /;0;Cambia a 0;Evento;GF FW;FW B2-B4.1;Pompa spenta;0;21:48:52|FW B2-B4.1
1973;26/09/2026 21:48:52;;CLIM /;DC09 / R02 / SALA DATI B2/B4;GF FW B2-B4.1 / COMPRESSORE 01 /;Compressore 1: Piena potenza /;0;Cambia a 0;Evento;GF FW;FW B2-B4.1;Piena potenza;0;21:48:52|FW B2-B4.1
1974;26/09/2026 21:48:52;;CLIM /;DC09 / R02 / SALA DATI B2/B4;GF FW B2-B4.1 / COMPRESSORE 01 /;Compressore 1: Richiesta /;0;Cambia a 0;Evento;GF FW;FW B2-B4.1;Richiesta;0;21:48:52|FW B2-B4.1
1975;26/09/2026 21:48:53;;CLIM /;DC09 / R02 / Terrazza tecnica;GF LT 4 / COMPRESSORE 01 /;Compressore 1 modalita operativa /;0;Cambia a 1;Evento;GF LT;LT 4;Modalità operativa;1;21:48:53|LT 4
1976;26/09/2026 21:48:53;;CLIM /;DC09 / R02 / Terrazza tecnica;GF LT 4 / COMPRESSORE 01 /;Compressore 1: Acceso step 1 /;0;Cambia a 1;Evento;GF LT;LT 4;Acceso step;1;21:48:53|LT 4
1977;26/09/2026 21:48:53;;CLIM /;DC09 / R02 / Terrazza tecnica;GF LT 4 / COMPRESSORE 01 /;Compressore 1: Piena potenza /;0;Cambia a 1;Evento;GF LT;LT 4;Piena potenza;1;21:48:53|LT 4
1978;26/09/2026 21:48:53;;CLIM /;DC09 / R02 / Terrazza tecnica;GF LT 4 / COMPRESSORE 01 /;Compressore 1: Richiesta /;0;Cambia a 1;Evento;GF LT;LT 4;Richiesta;1;21:48:53|LT 4
1979;26/09/2026 21:49:01;;CLIM /;DC09 / R02 / Terrazza tecnica;GF LT 6 / COMPRESSORE 01 /;Compressore 1 modalita operativa /;0;Cambia a 1;Evento;GF LT;LT 6;Modalità operativa;1;21:49:01|LT 6
1980;26/09/2026 21:49:01;;CLIM /;DC09 / R02 / Terrazza tecnica;GF LT 6 / COMPRESSORE 01 /;Compressore 1: Acceso step 1 /;0;Cambia a 1;Evento;GF LT;LT 6;Acceso step;1;21:49:01|LT 6
1981;26/09/2026 21:49:01;;CLIM /;DC09 / R02 / Terrazza tecnica;GF LT 6 / COMPRESSORE 01 /;Compressore 1: Piena potenza /;0;Cambia a 1;Evento;GF LT;LT 6;Piena potenza;1;21:49:01|LT 6
1982;26/09/2026 21:49:01;;CLIM /;DC09 / R02 / Terrazza tecnica;GF LT 6 / COMPRESSORE 01 /;Compressore 1: Richiesta /;0;Cambia a 1;Evento;GF LT;LT 6;Richiesta;1;21:49:01|LT 6
1983;26/09/2026 21:49:03;;CLIM /;DC09 / R02 / Terrazza tecnica;GF LT 5 / COMPRESSORE 01 /;Compressore 1 modalita operativa /;0;Cambia a 0;Evento;GF LT;LT 5;Modalità operativa;0;21:49:03|LT 5
1984;26/09/2026 21:49:03;;CLIM /;DC09 / R02 / Terrazza tecnica;GF LT 5 / COMPRESSORE 01 /;Compressore 1: Acceso step 1 /;0;Cambia a 0;Evento;GF LT;LT 5;Acceso step;0;21:49:03|LT 5
1985;26/09/2026 21:49:03;;CLIM /;DC09 / R02 / Terrazza tecnica;GF LT 5 / COMPRESSORE 01 /;Compressore 1: Piena potenza /;0;Cambia a 0;Evento;GF LT;LT 5;Piena potenza;0;21:49:03|LT 5
1986;26/09/2026 21:49:03;;CLIM /;DC09 / R02 / Terrazza tecnica;GF LT 5 / COMPRESSORE 01 /;Compressore 1: Richiesta /;0;Cambia a 0;Evento;GF LT;LT 5;Richiesta;0;21:49:03|LT 5
1987;26/09/2026 21:49:05;;CLIM /;DC09 / R02 / Terrazza tecnica;GF LT 2 / COMPRESSORE 02 /;Compressore 3 modalita operativa /;0;Cambia a 1;Evento;GF LT;LT 2;Modalità operativa;1;21:49:05|LT 2
1988;26/09/2026 21:49:05;;CLIM /;DC09 / R02 / Terrazza tecnica;GF LT 2 / COMPRESSORE 03 /;Compressore 3: Acceso step 1 /;0;Cambia a 1;Evento;GF LT;LT 2;Acceso step;1;21:49:05|LT 2
1989;26/09/2026 21:49:05;;CLIM /;DC09 / R02 / Terrazza tecnica;GF LT 2 / COMPRESSORE 03 /;Compressore 1: Piena potenza /;0;Cambia a 1;Evento;GF LT;LT 2;Piena potenza;1;21:49:05|LT 2
1990;26/09/2026 21:49:05;;CLIM /;DC09 / R02 / Terrazza tecnica;GF LT 2 / COMPRESSORE 03 /;Compressore 1: Richiesta /;0;Cambia a 1;Evento;GF LT;LT 2;Richiesta;1;21:49:05|LT 2
1991;26/09/2026 21:50:11;;CLIM /;DC09 / R02 / Terrazza tecnica;GF CTA PRO A 1-2 / COMPRESSORE 02 /;Compressore 2: Stato operativo /;0;Cambia a 0;Evento;GF CTA PRO;CTA PRO A 1-2;Stato operativo;0;21:50:11|CTA PRO A 1-2
1992;26/09/2026 21:50:11;;CLIM /;DC09 / R02 / Terrazza tecnica;GF CTA PRO A 1-2 / COMPRESSORE 02 /;Compressore 2: Acceso step 1 /;0;Cambia a 0;Evento;GF CTA PRO;CTA PRO A 1-2;Acceso step;0;21:50:11|CTA PRO A 1-2
1993;26/09/2026 21:50:11;;CLIM /;DC09 / R02 / Terrazza tecnica;GF CTA PRO A 1-2 / COMPRESSORE 02 /;Compressore 2: Piena potenza /;0;Cambia a 0;Evento;GF CTA PRO;CTA PRO A 1-2;Piena potenza;0;21:50:11|CTA PRO A 1-2
1994;26/09/2026 21:50:11;;CLIM /;DC09 / R02 / Terrazza tecnica;GF CTA PRO A 1-2 / COMPRESSORE 02 /;Compressore 2: Richiesta /;0;Cambia a 0;Evento;GF CTA PRO;CTA PRO A 1-2;Richiesta;0;21:50:11|CTA PRO A 1-2
1995;26/09/2026 21:50:52;;CLIM /;DC09 / R02 / SALA DATI B2/B4;GF FW B2-B4.5 / COMPRESSORE 01 /;Compressore 1: Pompa spenta /;0;Cambia a 1;Evento;GF FW;FW B2-B4.5;Pompa spenta;1;21:50:52|FW B2-B4.5
1996;26/09/2026 21:50:56;;CLIM /;DC09 / R02 / SALA DATI B2/B4;GF FW B2-B4.5 / COMPRESSORE 01 /;Stato di funzionamento compressore 1 /;0;Cambia a 0;Evento;GF FW;FW B2-B4.5;Stato funzionamento;0;21:50:56|FW B2-B4.5
1997;26/09/2026 21:50:56;;CLIM /;DC09 / R02 / SALA DATI B2/B4;GF FW B2-B4.5 / COMPRESSORE 01 /;Compressore 1: Pompa spenta /;0;Cambia a 0;Evento;GF FW;FW B2-B4.5;Pompa spenta;0;21:50:56|FW B2-B4.5
1998;26/09/2026 21:50:56;;CLIM /;DC09 / R02 / SALA DATI B2/B4;GF FW B2-B4.5 / COMPRESSORE 01 /;Compressore 1: Piena potenza /;0;Cambia a 0;Evento;GF FW;FW B2-B4.5;Piena potenza;0;21:50:56|FW B2-B4.5
1999;26/09/2026 21:50:56;;CLIM /;DC09 / R02 / SALA DATI B2/B4;GF FW B2-B4.5 / COMPRESSORE 01 /;Compressore 1: Richiesta /;0;Cambia a 0;Evento;GF FW;FW B2-B4.5;Richiesta;0;21:50:56|FW B2-B4.5
2000;26/09/2026 21:51:18;;CLIM /;DC09 / R02 / Terrazza tecnica;GF CTA PRO B 3-4 / COMPRESSORE 01 /;Compressore 1: Stato operativo /;0;Cambia a 1;Evento;GF CTA PRO;CTA PRO B 3-4;Stato operativo;1;21:51:18|CTA PRO B 3-4
2001;26/09/2026 21:51:18;;CLIM /;DC09 / R02 / Terrazza tecnica;GF CTA PRO B 3-4 / COMPRESSORE 01 /;Compressore 1: Acceso step 1 /;0;Cambia a 1;Evento;GF CTA PRO;CTA PRO B 3-4;Acceso step;1;21:51:18|CTA PRO B 3-4
2002;26/09/2026 21:51:18;;CLIM /;DC09 / R02 / Terrazza tecnica;GF CTA PRO B 3-4 / COMPRESSORE 01 /;Compressore 1: Piena potenza /;0;Cambia a 1;Evento;GF CTA PRO;CTA PRO B 3-4;Piena potenza;1;21:51:18|CTA PRO B 3-4
2003;26/09/2026 21:51:18;;CLIM /;DC09 / R02 / Terrazza tecnica;GF CTA PRO B 3-4 / COMPRESSORE 01 /;Compressore 1: Richiesta /;0;Cambia a 1;Evento;GF CTA PRO;CTA PRO B 3-4;Richiesta;1;21:51:18|CTA PRO B 3-4
2004;26/09/2026 21:51:29;;CLIM /;DC09 / R02 / SALA DATI B1/B3;GF FW B1-B3.2 / COMPRESSORE 01 /;Compressore 1: Pompa spenta /;0;Cambia a 1;Evento;GF FW;FW B1-B3.2;Pompa spenta;1;21:51:29|FW B1-B3.2
2005;26/09/2026 21:51:33;;CLIM /;DC09 / R02 / SALA DATI B1/B3;GF FW B1-B3.2 / COMPRESSORE 01 /;Stato di funzionamento compressore 1 /;0;Cambia a 0;Evento;GF FW;FW B1-B3.2;Stato funzionamento;0;21:51:33|FW B1-B3.2
2006;26/09/2026 21:51:33;;CLIM /;DC09 / R02 / SALA DATI B1/B3;GF FW B1-B3.2 / COMPRESSORE 01 /;Compressore 1: Pompa spenta /;0;Cambia a 0;Evento;GF FW;FW B1-B3.2;Pompa spenta;0;21:51:33|FW B1-B3.2
2007;26/09/2026 21:51:33;;CLIM /;DC09 / R02 / SALA DATI B1/B3;GF FW B1-B3.2 / COMPRESSORE 01 /;Compressore 1: Piena potenza /;0;Cambia a 0;Evento;GF FW;FW B1-B3.2;Piena potenza;0;21:51:33|FW B1-B3.2
2008;26/09/2026 21:51:33;;CLIM /;DC09 / R02 / SALA DATI B1/B3;GF FW B1-B3.2 / COMPRESSORE 01 /;Compressore 1: Richiesta /;0;Cambia a 0;Evento;GF FW;FW B1-B3.2;Richiesta;0;21:51:33|FW B1-B3.2
2009;26/09/2026 21:51:50;;CLIM /;DC09 / R02 / Terrazza tecnica;GF LT 4 / COMPRESSORE 01 /;Compressore 1 modalita operativa /;0;Cambia a 0;Evento;GF LT;LT 4;Modalità operativa;0;21:51:50|LT 4
2010;26/09/2026 21:51:50;;CLIM /;DC09 / R02 / Terrazza tecnica;GF LT 4 / COMPRESSORE 01 /;Compressore 1: Acceso step 1 /;0;Cambia a 0;Evento;GF LT;LT 4;Acceso step;0;21:51:50|LT 4
2011;26/09/2026 21:51:50;;CLIM /;DC09 / R02 / Terrazza tecnica;GF LT 4 / COMPRESSORE 01 /;Compressore 1: Piena potenza /;0;Cambia a 0;Evento;GF LT;LT 4;Piena potenza;0;21:51:50|LT 4
2012;26/09/2026 21:51:50;;CLIM /;DC09 / R02 / Terrazza tecnica;GF LT 4 / COMPRESSORE 01 /;Compressore 1: Richiesta /;0;Cambia a 0;Evento;GF LT;LT 4;Richiesta;0;21:51:50|LT 4
2013;26/09/2026 21:52:29;;CLIM /;DC09 / R02 / Terrazza tecnica;GF CTA PRO A 3-4 / COMPRESSORE 02 /;Compressore 2: Stato operativo /;0;Cambia a 0;Evento;GF CTA PRO;CTA PRO A 3-4;Stato operativo;0;21:52:29|CTA PRO A 3-4
2014;26/09/2026 21:52:29;;CLIM /;DC09 / R02 / Terrazza tecnica;GF CTA PRO A 3-4 / COMPRESSORE 02 /;Compressore 2: Acceso step 1 /;0;Cambia a 0;Evento;GF CTA PRO;CTA PRO A 3-4;Acceso step;0;21:52:29|CTA PRO A 3-4
2015;26/09/2026 21:52:29;;CLIM /;DC09 / R02 / Terrazza tecnica;GF CTA PRO A 3-4 / COMPRESSORE 02 /;Compressore 2: Piena potenza /;0;Cambia a 0;Evento;GF CTA PRO;CTA PRO A 3-4;Piena potenza;0;21:52:29|CTA PRO A 3-4
2016;26/09/2026 21:52:29;;CLIM /;DC09 / R02 / Terrazza tecnica;GF CTA PRO A 3-4 / COMPRESSORE 02 /;Compressore 2: Richiesta /;0;Cambia a 0;Evento;GF CTA PRO;CTA PRO A 3-4;Richiesta;0;21:52:29|CTA PRO A 3-4
2017;26/09/2026 21:52:38;;CLIM /;DC09 / R02 / Terrazza tecnica;GF CTA PRO B 1-2 / COMPRESSORE 02 /;Compressore 2: Stato operativo /;0;Cambia a 1;Evento;GF CTA PRO;CTA PRO B 1-2;Stato operativo;1;21:52:38|CTA PRO B 1-2
2018;26/09/2026 21:52:38;;CLIM /;DC09 / R02 / Terrazza tecnica;GF CTA PRO B 1-2 / COMPRESSORE 02 /;Compressore 2: Acceso step 1 /;0;Cambia a 1;Evento;GF CTA PRO;CTA PRO B 1-2;Acceso step;1;21:52:38|CTA PRO B 1-2
2019;26/09/2026 21:52:38;;CLIM /;DC09 / R02 / Terrazza tecnica;GF CTA PRO B 1-2 / COMPRESSORE 02 /;Compressore 2: Piena potenza /;0;Cambia a 1;Evento;GF CTA PRO;CTA PRO B 1-2;Piena potenza;1;21:52:38|CTA PRO B 1-2
2020;26/09/2026 21:52:38;;CLIM /;DC09 / R02 / Terrazza tecnica;GF CTA PRO B 1-2 / COMPRESSORE 02 /;Compressore 2: Richiesta /;0;Cambia a 1;Evento;GF CTA PRO;CTA PRO B 1-2;Richiesta;1;21:52:38|CTA PRO B 1-2
2021;26/09/2026 21:52:41;;CLIM /;DC09 / R02 / Terrazza tecnica;GF LT 2 / COMPRESSORE 02 /;Compressore 3 modalita operativa /;0;Cambia a 0;Evento;GF LT;LT 2;Modalità operativa;0;21:52:41|LT 2
2022;26/09/2026 21:52:41;;CLIM /;DC09 / R02 / Terrazza tecnica;GF LT 2 / COMPRESSORE 03 /;Compressore 3: Acceso step 1 /;0;Cambia a 0;Evento;GF LT;LT 2;Acceso step;0;21:52:41|LT 2
2023;26/09/2026 21:52:41;;CLIM /;DC09 / R02 / Terrazza tecnica;GF LT 2 / COMPRESSORE 03 /;Compressore 1: Piena potenza /;0;Cambia a 0;Evento;GF LT;LT 2;Piena potenza;0;21:52:41|LT 2
2024;26/09/2026 21:52:41;;CLIM /;DC09 / R02 / Terrazza tecnica;GF LT 2 / COMPRESSORE 03 /;Compressore 1: Richiesta /;0;Cambia a 0;Evento;GF LT;LT 2;Richiesta;0;21:52:41|LT 2
2025;26/09/2026 21:54:15;;CLIM /;DC09 / R02 / Terrazza tecnica;GF LT 6 / COMPRESSORE 02 /;Compressore 2 modalita operativa /;0;Cambia a 1;Evento;GF LT;LT 6;Modalità operativa;1;21:54:15|LT 6
2026;26/09/2026 21:54:15;;CLIM /;DC09 / R02 / Terrazza tecnica;GF LT 6 / COMPRESSORE 02 /;Compressore 2: Acceso step 1 /;0;Cambia a 1;Evento;GF LT;LT 6;Acceso step;1;21:54:15|LT 6
2027;26/09/2026 21:54:15;;CLIM /;DC09 / R02 / Terrazza tecnica;GF LT 6 / COMPRESSORE 02 /;Compressore 1: Piena potenza /;0;Cambia a 1;Evento;GF LT;LT 6;Piena potenza;1;21:54:15|LT 6
2028;26/09/2026 21:54:15;;CLIM /;DC09 / R02 / Terrazza tecnica;GF LT 6 / COMPRESSORE 02 /;Compressore 1: Richiesta /;0;Cambia a 1;Evento;GF LT;LT 6;Richiesta;1;21:54:15|LT 6
2029;26/09/2026 21:54:25;;CLIM /;DC09 / R02 / SALA DATI B2/B4;GF FW B2-B4.3 / COMPRESSORE 01 /;Compressore 1: Freecooling /;0;Cambia a 1;Evento;GF FW;FW B2-B4.3;Freecooling;1;21:54:25|FW B2-B4.3
2030;26/09/2026 21:54:25;;CLIM /;DC09 / R02 / SALA DATI B2/B4;GF FW B2-B4.3 / COMPRESSORE 02 /;Compressore 2: Freecooling /;0;Cambia a 1;Evento;GF FW;FW B2-B4.3;Freecooling;1;21:54:25|FW B2-B4.3
2031;26/09/2026 21:54:45;;CLIM /;DC09 / R02 / SALA DATI B1/B3;GF FW B1-B3.1 / COMPRESSORE 01 /;Compressore 1: Freecooling /;0;Cambia a 1;Evento;GF FW;FW B1-B3.1;Freecooling;1;21:54:45|FW B1-B3.1
2032;26/09/2026 21:54:45;;CLIM /;DC09 / R02 / SALA DATI B1/B3;GF FW B1-B3.1 / COMPRESSORE 02 /;Compressore 2: Freecooling /;0;Cambia a 1;Evento;GF FW;FW B1-B3.1;Freecooling;1;21:54:45|FW B1-B3.1
2033;26/09/2026 21:54:47;;CLIM /;DC09 / R02 / Terrazza tecnica;GF LT 4 / COMPRESSORE 02 /;Compressore 3 modalita operativa /;0;Cambia a 1;Evento;GF LT;LT 4;Modalità operativa;1;21:54:47|LT 4
2034;26/09/2026 21:54:47;;CLIM /;DC09 / R02 / Terrazza tecnica;GF LT 4 / COMPRESSORE 03 /;Compressore 3: Acceso step 1 /;0;Cambia a 1;Evento;GF LT;LT 4;Acceso step;1;21:54:47|LT 4
2035;26/09/2026 21:54:47;;CLIM /;DC09 / R02 / Terrazza tecnica;GF LT 4 / COMPRESSORE 03 /;Compressore 1: Piena potenza /;0;Cambia a 1;Evento;GF LT;LT 4;Piena potenza;1;21:54:47|LT 4
2036;26/09/2026 21:54:47;;CLIM /;DC09 / R02 / Terrazza tecnica;GF LT 4 / COMPRESSORE 03 /;Compressore 1: Richiesta /;0;Cambia a 1;Evento;GF LT;LT 4;Richiesta;1;21:54:47|LT 4
2037;26/09/2026 21:55:13;;CLIM /;DC09 / R02 / Terrazza tecnica;GF LT 6 / COMPRESSORE 01 /;Compressore 1 modalita operativa /;0;Cambia a 0;Evento;GF LT;LT 6;Modalità operativa;0;21:55:13|LT 6
2038;26/09/2026 21:55:13;;CLIM /;DC09 / R02 / Terrazza tecnica;GF LT 6 / COMPRESSORE 01 /;Compressore 1: Acceso step 1 /;0;Cambia a 0;Evento;GF LT;LT 6;Acceso step;0;21:55:13|LT 6
2039;26/09/2026 21:55:13;;CLIM /;DC09 / R02 / Terrazza tecnica;GF LT 6 / COMPRESSORE 01 /;Compressore 1: Piena potenza /;0;Cambia a 0;Evento;GF LT;LT 6;Piena potenza;0;21:55:13|LT 6
2040;26/09/2026 21:55:13;;CLIM /;DC09 / R02 / Terrazza tecnica;GF LT 6 / COMPRESSORE 01 /;Compressore 1: Richiesta /;0;Cambia a 0;Evento;GF LT;LT 6;Richiesta;0;21:55:13|LT 6
2041;26/09/2026 21:55:45;;CMF /;DC09 / R01 / Break Area;/ FC-102 /;Velocita ventola 1 /;0;Cambia a 0;Evento;FC (Break Area);FC-102;Velocità ventola;0;21:55:45|FC-102
2042;26/09/2026 21:55:45;;CLIM /;DC09 / R02 / SALA DATI B1/B3;GF FW B1-B3.2 / COMPRESSORE 01 /;Compressore 1: Richiesta /;0;Cambia a 1;Evento;GF FW;FW B1-B3.2;Richiesta;1;21:55:45|FW B1-B3.2
2043;26/09/2026 21:55:47;;CLIM /;DC09 / R02 / SALA DATI B1/B3;GF FW B1-B3.2 / COMPRESSORE 01 /;Stato di funzionamento compressore 1 /;0;Cambia a 1;Evento;GF FW;FW B1-B3.2;Stato funzionamento;1;21:55:47|FW B1-B3.2
2044;26/09/2026 21:55:47;;CLIM /;DC09 / R02 / SALA DATI B1/B3;GF FW B1-B3.2 / COMPRESSORE 01 /;Compressore 1: Piena potenza /;0;Cambia a 1;Evento;GF FW;FW B1-B3.2;Piena potenza;1;21:55:47|FW B1-B3.2
2045;26/09/2026 21:56:13;;CLIM /;DC09 / R02 / Terrazza tecnica;GF CTA PRO B 3-4 / COMPRESSORE 01 /;Compressore 1: Stato operativo /;0;Cambia a 0;Evento;GF CTA PRO;CTA PRO B 3-4;Stato operativo;0;21:56:13|CTA PRO B 3-4
2046;26/09/2026 21:56:13;;CLIM /;DC09 / R02 / Terrazza tecnica;GF CTA PRO B 3-4 / COMPRESSORE 01 /;Compressore 1: Acceso step 1 /;0;Cambia a 0;Evento;GF CTA PRO;CTA PRO B 3-4;Acceso step;0;21:56:13|CTA PRO B 3-4
2047;26/09/2026 21:56:13;;CLIM /;DC09 / R02 / Terrazza tecnica;GF CTA PRO B 3-4 / COMPRESSORE 01 /;Compressore 1: Piena potenza /;0;Cambia a 0;Evento;GF CTA PRO;CTA PRO B 3-4;Piena potenza;0;21:56:13|CTA PRO B 3-4
2048;26/09/2026 21:56:13;;CLIM /;DC09 / R02 / Terrazza tecnica;GF CTA PRO B 3-4 / COMPRESSORE 01 /;Compressore 1: Richiesta /;0;Cambia a 0;Evento;GF CTA PRO;CTA PRO B 3-4;Richiesta;0;21:56:13|CTA PRO B 3-4
2049;26/09/2026 21:56:13;;CLIM /;DC09 / R02 / SALA DATI B2/B4;GF FW B2-B4.5 / COMPRESSORE 01 /;Compressore 1: Richiesta /;0;Cambia a 1;Evento;GF FW;FW B2-B4.5;Richiesta;1;21:56:13|FW B2-B4.5
2050;26/09/2026 21:56:15;;CLIM /;DC09 / R02 / SALA DATI B2/B4;GF FW B2-B4.5 / COMPRESSORE 01 /;Stato di funzionamento compressore 1 /;0;Cambia a 1;Evento;GF FW;FW B2-B4.5;Stato funzionamento;1;21:56:15|FW B2-B4.5
2051;26/09/2026 21:56:15;;CLIM /;DC09 / R02 / SALA DATI B2/B4;GF FW B2-B4.5 / COMPRESSORE 01 /;Compressore 1: Piena potenza /;0;Cambia a 1;Evento;GF FW;FW B2-B4.5;Piena potenza;1;21:56:15|FW B2-B4.5
2052;26/09/2026 21:56:32;;CLIM /;DC09 / R02 / Terrazza tecnica;GF LT 6 / COMPRESSORE 02 /;Compressore 2 modalita operativa /;0;Cambia a 0;Evento;GF LT;LT 6;Modalità operativa;0;21:56:32|LT 6
2053;26/09/2026 21:56:32;;CLIM /;DC09 / R02 / Terrazza tecnica;GF LT 6 / COMPRESSORE 02 /;Compressore 2: Acceso step 1 /;0;Cambia a 0;Evento;GF LT;LT 6;Acceso step;0;21:56:32|LT 6
2054;26/09/2026 21:56:32;;CLIM /;DC09 / R02 / Terrazza tecnica;GF LT 6 / COMPRESSORE 02 /;Compressore 1: Piena potenza /;0;Cambia a 0;Evento;GF LT;LT 6;Piena potenza;0;21:56:32|LT 6
2055;26/09/2026 21:56:32;;CLIM /;DC09 / R02 / Terrazza tecnica;GF LT 6 / COMPRESSORE 02 /;Compressore 1: Richiesta /;0;Cambia a 0;Evento;GF LT;LT 6;Richiesta;0;21:56:32|LT 6
2056;26/09/2026 21:57:01;;CLIM /;DC09 / R02 / SALA DATI B1/B3;GF FW B1-B3.4 / COMPRESSORE 02 /;Compressore 2: Acceso step 2 /;0;Cambia a 0;Evento;GF FW;FW B1-B3.4;Acceso step;0;21:57:01|FW B1-B3.4
2057;26/09/2026 21:57:01;;CLIM /;DC09 / R02 / SALA DATI B1/B3;GF FW B1-B3.4 / COMPRESSORE 02 /;Compressore 2: Acceso step 1 /;0;Cambia a 1;Evento;GF FW;FW B1-B3.4;Acceso step;1;21:57:01|FW B1-B3.4
2058;26/09/2026 21:57:24;;CLIM /;DC09 / R02 / Terrazza tecnica;GF LT 4 / COMPRESSORE 02 /;Compressore 3 modalita operativa /;0;Cambia a 0;Evento;GF LT;LT 4;Modalità operativa;0;21:57:24|LT 4
2059;26/09/2026 21:57:24;;CLIM /;DC09 / R02 / Terrazza tecnica;GF LT 4 / COMPRESSORE 03 /;Compressore 3: Acceso step 1 /;0;Cambia a 0;Evento;GF LT;LT 4;Acceso step;0;21:57:24|LT 4
2060;26/09/2026 21:57:24;;CLIM /;DC09 / R02 / Terrazza tecnica;GF LT 4 / COMPRESSORE 03 /;Compressore 1: Piena potenza /;0;Cambia a 0;Evento;GF LT;LT 4;Piena potenza;0;21:57:24|LT 4
2061;26/09/2026 21:57:24;;CLIM /;DC09 / R02 / Terrazza tecnica;GF LT 4 / COMPRESSORE 03 /;Compressore 1: Richiesta /;0;Cambia a 0;Evento;GF LT;LT 4;Richiesta;0;21:57:24|LT 4
2062;26/09/2026 21:57:31;kmema_external;CLIM /;DC09 / R00 / SALA DATI A2;RIO 1 / CORRIDOIO FREDDO 5 / A2-1-27 /;Controsoffito A2-1.27 - Incongruenza comando-posizione;2;Riconoscimento;Riconoscimento allarme;Allarme;RIO 1;Controsoffito A2-1.27 - Incongruenza comando-posizione;;21:57:31|RIO 1
2063;26/09/2026 21:57:31;kmema_external;CLIM /;DC09 / R01 / SALA DATI A3;RIO 2 / CORRIDOIO FREDDO 1 / A3-1-23 /;Controsoffito A3-1.23 - Incongruenza comando-posizione;2;Riconoscimento;Riconoscimento allarme;Allarme;RIO 2;Controsoffito A3-1.23 - Incongruenza comando-posizione;;21:57:31|RIO 2
2064;26/09/2026 21:57:31;kmema_external;CLIM /;DC09 / R01 / SALA DATI B3 / B4;Federatore IT / SONDA 32 / 32 /;Preallarme bassa T. corridoio freddo 4 sonda 32;3;Riconoscimento;Riconoscimento allarme;Allarme;Federatore IT;Preallarme bassa T. corridoio freddo 4 sonda 32;;21:57:31|Federatore IT
2065;26/09/2026 21:57:31;kmema_external;CLIM /;DC09 / R02 / Terrazza tecnica;CTA PRO B 1-2 / GENERALE /;Sintesi avvisi (Non Bloccanti);2;Riconoscimento;Riconoscimento allarme;Allarme;CTA PRO B 1-2;Sintesi avvisi (Non Bloccanti);;21:57:31|CTA PRO B 1-2
2066;26/09/2026 21:57:31;kmema_external;CLIM /;DC09 / R02 / Terrazza tecnica;CTA PRO B 1-2 / MANDATA /;Allarme bassa T. mandata;2;Riconoscimento;Riconoscimento allarme;Allarme;CTA PRO B 1-2;Allarme bassa T. mandata;;21:57:31|CTA PRO B 1-2
2067;26/09/2026 21:57:31;kmema_external;CLIM /;DC09 / R00 / SALA DATI A1 / A2;SONDA DP 02 / 02 /;Soglia alta Delta P. sala A12;2;Riconoscimento;Riconoscimento allarme;Allarme;SONDA DP 02;Soglia alta Delta P. sala A12;;21:57:31|SONDA DP 02
2068;26/09/2026 21:57:31;kmema_external;CLIM /;DC09 / R01 / SALA DATI A3;RIO 3 / CORRIDOIO FREDDO 2 / A3-2-9 /;Controsoffito A3-2.09 - Incongruenza comando-posizione;2;Riconoscimento;Riconoscimento allarme;Allarme;RIO 3;Controsoffito A3-2.09 - Incongruenza comando-posizione;;21:57:31|RIO 3
2069;26/09/2026 21:57:33;kmema_external;CLIM /;DC09 / R00 / Locale MT F;Regolazione /;Allarme alta P locale TRAFO F;2;Riconoscimento;Riconoscimento allarme;Allarme;Regolazione;Allarme alta P locale TRAFO F;;21:57:33|Regolazione
2070;26/09/2026 21:57:33;kmema_external;CLIM /;DC09 / R01 / SALA DATI B3;RIO 1 / CORRIDOIO FREDDO 5 / B3-4-7 /;Controsoffito B3-4.07 - Incongruenza comando-posizione;2;Riconoscimento;Riconoscimento allarme;Allarme;RIO 1;Controsoffito B3-4.07 - Incongruenza comando-posizione;;21:57:33|RIO 1
2071;26/09/2026 21:57:33;kmema_external;CLIM /;DC09 / R00 / SALA DATI B1;RIO 1 / CORRIDOIO FREDDO 6 / B1-3-2 /;Controsoffito B1-3.02 - Incongruenza comando-posizione;2;Riconoscimento;Riconoscimento allarme;Allarme;RIO 1;Controsoffito B1-3.02 - Incongruenza comando-posizione;;21:57:33|RIO 1
2072;26/09/2026 21:57:33;kmema_external;CLIM /;DC09 / R00 / SALA DATI A2;RIO 1 / CORRIDOIO FREDDO 7 / A2-3-22 /;Controsoffito A2-3.22 - Incongruenza comando-posizione;2;Riconoscimento;Riconoscimento allarme;Allarme;RIO 1;Controsoffito A2-3.22 - Incongruenza comando-posizione;;21:57:33|RIO 1
2073;26/09/2026 21:57:33;kmema_external;CLIM /;DC09 / R00 / SALA DATI A1 / A2;SONDA DP 03 / 03 /;Soglia alta Delta P. sala A12;2;Riconoscimento;Riconoscimento allarme;Allarme;SONDA DP 03;Soglia alta Delta P. sala A12;;21:57:33|SONDA DP 03
2074;26/09/2026 21:57:58;kmema_external;CLIM /;DC09 / R01 / SALA DATI B3 / B4;Federatore IT / SONDA 31 / 31 /;Allarme bassa T. corridoio freddo 4 sonda 31;0;Riconoscimento;Riconoscimento allarme;Allarme;Federatore IT;Allarme bassa T. corridoio freddo 4 sonda 31;;21:57:58|Federatore IT
2075;26/09/2026 21:58:02;;CLIM /;DC09 / R02 / Terrazza tecnica;GF CTA PRO A 1-2 / COMPRESSORE 01 /;Compressore 1: Stato operativo /;0;Cambia a 1;Evento;GF CTA PRO;CTA PRO A 1-2;Stato operativo;1;21:58:02|CTA PRO A 1-2
2076;26/09/2026 21:58:02;;CLIM /;DC09 / R02 / Terrazza tecnica;GF CTA PRO A 1-2 / COMPRESSORE 01 /;Compressore 1: Acceso step 1 /;0;Cambia a 1;Evento;GF CTA PRO;CTA PRO A 1-2;Acceso step;1;21:58:02|CTA PRO A 1-2
2077;26/09/2026 21:58:02;;CLIM /;DC09 / R02 / Terrazza tecnica;GF CTA PRO A 1-2 / COMPRESSORE 01 /;Compressore 1: Piena potenza /;0;Cambia a 1;Evento;GF CTA PRO;CTA PRO A 1-2;Piena potenza;1;21:58:02|CTA PRO A 1-2
2078;26/09/2026 21:58:02;;CLIM /;DC09 / R02 / Terrazza tecnica;GF CTA PRO A 1-2 / COMPRESSORE 01 /;Compressore 1: Richiesta /;0;Cambia a 1;Evento;GF CTA PRO;CTA PRO A 1-2;Richiesta;1;21:58:02|CTA PRO A 1-2
2079;26/09/2026 21:58:31;;CLIM /;DC09 / R02 / Terrazza tecnica;GF LT 6 / COMPRESSORE 03 /;Compressore 4 modalita operativa /;0;Cambia a 1;Evento;GF LT;LT 6;Modalità operativa;1;21:58:31|LT 6
2080;26/09/2026 21:58:31;;CLIM /;DC09 / R02 / Terrazza tecnica;GF LT 6 / COMPRESSORE 04 /;Compressore 4: Acceso step 1 /;0;Cambia a 1;Evento;GF LT;LT 6;Acceso step;1;21:58:31|LT 6
2081;26/09/2026 21:58:31;;CLIM /;DC09 / R02 / Terrazza tecnica;GF LT 6 / COMPRESSORE 04 /;Compressore 1: Piena potenza /;0;Cambia a 1;Evento;GF LT;LT 6;Piena potenza;1;21:58:31|LT 6
2082;26/09/2026 21:58:31;;CLIM /;DC09 / R02 / Terrazza tecnica;GF LT 6 / COMPRESSORE 04 /;Compressore 4: Richiesta /;0;Cambia a 1;Evento;GF LT;LT 6;Richiesta;1;21:58:31|LT 6
2083;26/09/2026 21:59:33;;CLIM /;DC09 / R02 / Terrazza tecnica;GF LT 2 / COMPRESSORE 04 /;Compressore 4: Acceso step 1 /;0;Cambia a 1;Evento;GF LT;LT 2;Acceso step;1;21:59:33|LT 2
2084;26/09/2026 21:59:33;;CLIM /;DC09 / R02 / Terrazza tecnica;GF LT 2 / COMPRESSORE 04 /;Compressore 4: Richiesta /;0;Cambia a 1;Evento;GF LT;LT 2;Richiesta;1;21:59:33|LT 2
2085;26/09/2026 21:59:50;;CLIM /;DC09 / R02 / Terrazza tecnica;GF CTA PRO B 1-2 / COMPRESSORE 02 /;Compressore 2: Stato operativo /;0;Cambia a 0;Evento;GF CTA PRO;CTA PRO B 1-2;Stato operativo;0;21:59:50|CTA PRO B 1-2
2086;26/09/2026 21:59:50;;CLIM /;DC09 / R02 / Terrazza tecnica;GF CTA PRO B 1-2 / COMPRESSORE 02 /;Compressore 2: Acceso step 1 /;0;Cambia a 0;Evento;GF CTA PRO;CTA PRO B 1-2;Acceso step;0;21:59:50|CTA PRO B 1-2
2087;26/09/2026 21:59:50;;CLIM /;DC09 / R02 / Terrazza tecnica;GF CTA PRO B 1-2 / COMPRESSORE 02 /;Compressore 2: Piena potenza /;0;Cambia a 0;Evento;GF CTA PRO;CTA PRO B 1-2;Piena potenza;0;21:59:50|CTA PRO B 1-2
2088;26/09/2026 21:59:50;;CLIM /;DC09 / R02 / Terrazza tecnica;GF CTA PRO B 1-2 / COMPRESSORE 02 /;Compressore 2: Richiesta /;0;Cambia a 0;Evento;GF CTA PRO;CTA PRO B 1-2;Richiesta;0;21:59:50|CTA PRO B 1-2
2089;26/09/2026 21:59:52;;CLIM /;DC09 / R02 / Terrazza tecnica;GF LT 2 / COMPRESSORE 03 /;Compressore 4 modalita operativa /;0;Cambia a 1;Evento;GF LT;LT 2;Modalità operativa;1;21:59:52|LT 2
2090;26/09/2026 21:59:52;;CLIM /;DC09 / R02 / Terrazza tecnica;GF LT 2 / COMPRESSORE 04 /;Compressore 1: Piena potenza /;0;Cambia a 1;Evento;GF LT;LT 2;Piena potenza;1;21:59:52|LT 2
2091;26/09/2026 22:00:21;;CLIM /;DC09 / R02 / Terrazza tecnica;GF LT 4 / COMPRESSORE 02 /;Compressore 2 modalita operativa /;0;Cambia a 1;Evento;GF LT;LT 4;Modalità operativa;1;22:00:21|LT 4
2092;26/09/2026 22:00:21;;CLIM /;DC09 / R02 / Terrazza tecnica;GF LT 4 / COMPRESSORE 02 /;Compressore 2: Acceso step 1 /;0;Cambia a 1;Evento;GF LT;LT 4;Acceso step;1;22:00:21|LT 4
2093;26/09/2026 22:00:21;;CLIM /;DC09 / R02 / Terrazza tecnica;GF LT 4 / COMPRESSORE 02 /;Compressore 1: Piena potenza /;0;Cambia a 1;Evento;GF LT;LT 4;Piena potenza;1;22:00:21|LT 4
2094;26/09/2026 22:00:21;;CLIM /;DC09 / R02 / Terrazza tecnica;GF LT 4 / COMPRESSORE 02 /;Compressore 1: Richiesta /;0;Cambia a 1;Evento;GF LT;LT 4;Richiesta;1;22:00:21|LT 4
2095;26/09/2026 22:00:31;;CLIM /;DC09 / R02 / SALA DATI B2/B4;GF FW B2-B4.2 / COMPRESSORE 01 /;Compressore 1: Freecooling /;0;Cambia a 1;Evento;GF FW;FW B2-B4.2;Freecooling;1;22:00:31|FW B2-B4.2
2096;26/09/2026 22:00:31;;CLIM /;DC09 / R02 / SALA DATI B2/B4;GF FW B2-B4.2 / COMPRESSORE 02 /;Compressore 2: Freecooling /;0;Cambia a 1;Evento;GF FW;FW B2-B4.2;Freecooling;1;22:00:31|FW B2-B4.2
2097;26/09/2026 22:00:39;;CLIM /;DC09 / R02 / Terrazza tecnica;GF CTA PRO A 1-2 / COMPRESSORE 01 /;Compressore 1: Stato operativo /;0;Cambia a 0;Evento;GF CTA PRO;CTA PRO A 1-2;Stato operativo;0;22:00:39|CTA PRO A 1-2
2098;26/09/2026 22:00:39;;CLIM /;DC09 / R02 / Terrazza tecnica;GF CTA PRO A 1-2 / COMPRESSORE 01 /;Compressore 1: Acceso step 1 /;0;Cambia a 0;Evento;GF CTA PRO;CTA PRO A 1-2;Acceso step;0;22:00:39|CTA PRO A 1-2
2099;26/09/2026 22:00:39;;CLIM /;DC09 / R02 / Terrazza tecnica;GF CTA PRO A 1-2 / COMPRESSORE 01 /;Compressore 1: Piena potenza /;0;Cambia a 0;Evento;GF CTA PRO;CTA PRO A 1-2;Piena potenza;0;22:00:39|CTA PRO A 1-2
2100;26/09/2026 22:00:39;;CLIM /;DC09 / R02 / Terrazza tecnica;GF CTA PRO A 1-2 / COMPRESSORE 01 /;Compressore 1: Richiesta /;0;Cambia a 0;Evento;GF CTA PRO;CTA PRO A 1-2;Richiesta;0;22:00:39|CTA PRO A 1-2
2101;26/09/2026 22:01:26;;CLIM /;DC09 / R02 / Terrazza tecnica;GF CTA PRO B 3-4 / COMPRESSORE 02 /;Compressore 2: Stato operativo /;0;Cambia a 1;Evento;GF CTA PRO;CTA PRO B 3-4;Stato operativo;1;22:01:26|CTA PRO B 3-4
2102;26/09/2026 22:01:26;;CLIM /;DC09 / R02 / Terrazza tecnica;GF CTA PRO B 3-4 / COMPRESSORE 02 /;Compressore 2: Acceso step 1 /;0;Cambia a 1;Evento;GF CTA PRO;CTA PRO B 3-4;Acceso step;1;22:01:26|CTA PRO B 3-4
2103;26/09/2026 22:01:26;;CLIM /;DC09 / R02 / Terrazza tecnica;GF CTA PRO B 3-4 / COMPRESSORE 02 /;Compressore 2: Piena potenza /;0;Cambia a 1;Evento;GF CTA PRO;CTA PRO B 3-4;Piena potenza;1;22:01:26|CTA PRO B 3-4
2104;26/09/2026 22:01:26;;CLIM /;DC09 / R02 / Terrazza tecnica;GF CTA PRO B 3-4 / COMPRESSORE 02 /;Compressore 2: Richiesta /;0;Cambia a 1;Evento;GF CTA PRO;CTA PRO B 3-4;Richiesta;1;22:01:26|CTA PRO B 3-4
2105;26/09/2026 22:02:30;;CLIM /;DC09 / R02 / Terrazza tecnica;GF LT 2 / COMPRESSORE 01 /;Compressore 1 modalita operativa /;0;Cambia a 1;Evento;GF LT;LT 2;Modalità operativa;1;22:02:30|LT 2
2106;26/09/2026 22:02:30;;CLIM /;DC09 / R02 / Terrazza tecnica;GF LT 2 / COMPRESSORE 01 /;Compressore 1: Acceso step 1 /;0;Cambia a 1;Evento;GF LT;LT 2;Acceso step;1;22:02:30|LT 2
2107;26/09/2026 22:02:30;;CLIM /;DC09 / R02 / Terrazza tecnica;GF LT 2 / COMPRESSORE 01 /;Compressore 1: Piena potenza /;0;Cambia a 1;Evento;GF LT;LT 2;Piena potenza;1;22:02:30|LT 2
2108;26/09/2026 22:02:30;;CLIM /;DC09 / R02 / Terrazza tecnica;GF LT 2 / COMPRESSORE 01 /;Compressore 1: Richiesta /;0;Cambia a 1;Evento;GF LT;LT 2;Richiesta;1;22:02:30|LT 2
2109;26/09/2026 22:03:18;;CLIM /;DC09 / R02 / Terrazza tecnica;GF LT 4 / COMPRESSORE 02 /;Compressore 2 modalita operativa /;0;Cambia a 0;Evento;GF LT;LT 4;Modalità operativa;0;22:03:18|LT 4
2110;26/09/2026 22:03:18;;CLIM /;DC09 / R02 / Terrazza tecnica;GF LT 4 / COMPRESSORE 02 /;Compressore 2: Acceso step 1 /;0;Cambia a 0;Evento;GF LT;LT 4;Acceso step;0;22:03:18|LT 4
2111;26/09/2026 22:03:18;;CLIM /;DC09 / R02 / Terrazza tecnica;GF LT 4 / COMPRESSORE 02 /;Compressore 1: Piena potenza /;0;Cambia a 0;Evento;GF LT;LT 4;Piena potenza;0;22:03:18|LT 4
2112;26/09/2026 22:03:18;;CLIM /;DC09 / R02 / Terrazza tecnica;GF LT 4 / COMPRESSORE 02 /;Compressore 1: Richiesta /;0;Cambia a 0;Evento;GF LT;LT 4;Richiesta;0;22:03:18|LT 4
2113;26/09/2026 22:03:28;;CLIM /;DC09 / R02 / Terrazza tecnica;GF LT 2 / COMPRESSORE 02 /;Compressore 2 modalita operativa /;0;Cambia a 0;Evento;GF LT;LT 2;Modalità operativa;0;22:03:28|LT 2
2114;26/09/2026 22:03:28;;CLIM /;DC09 / R02 / Terrazza tecnica;GF LT 2 / COMPRESSORE 02 /;Compressore 2: Acceso step 1 /;0;Cambia a 0;Evento;GF LT;LT 2;Acceso step;0;22:03:28|LT 2
2115;26/09/2026 22:03:28;;CLIM /;DC09 / R02 / Terrazza tecnica;GF LT 2 / COMPRESSORE 02 /;Compressore 1: Piena potenza /;0;Cambia a 0;Evento;GF LT;LT 2;Piena potenza;0;22:03:28|LT 2
2116;26/09/2026 22:03:28;;CLIM /;DC09 / R02 / Terrazza tecnica;GF LT 2 / COMPRESSORE 02 /;Compressore 1: Richiesta /;0;Cambia a 0;Evento;GF LT;LT 2;Richiesta;0;22:03:28|LT 2
2117;26/09/2026 22:04:05;;CLIM /;DC09 / R02 / Terrazza tecnica;GF LT 5 / COMPRESSORE 03 /;Compressore 4 modalita operativa /;0;Cambia a 1;Evento;GF LT;LT 5;Modalità operativa;1;22:04:05|LT 5
2118;26/09/2026 22:04:05;;CLIM /;DC09 / R02 / Terrazza tecnica;GF LT 5 / COMPRESSORE 04 /;Compressore 4: Acceso step 1 /;0;Cambia a 1;Evento;GF LT;LT 5;Acceso step;1;22:04:05|LT 5
2119;26/09/2026 22:04:05;;CLIM /;DC09 / R02 / Terrazza tecnica;GF LT 5 / COMPRESSORE 04 /;Compressore 1: Piena potenza /;0;Cambia a 1;Evento;GF LT;LT 5;Piena potenza;1;22:04:05|LT 5
2120;26/09/2026 22:04:05;;CLIM /;DC09 / R02 / Terrazza tecnica;GF LT 5 / COMPRESSORE 04 /;Compressore 4: Richiesta /;0;Cambia a 1;Evento;GF LT;LT 5;Richiesta;1;22:04:05|LT 5
2121;26/09/2026 22:04:08;;CLIM /;DC09 / R02 / Terrazza tecnica;GF LT 2 / COMPRESSORE 02 /;Compressore 3 modalita operativa /;0;Cambia a 1;Evento;GF LT;LT 2;Modalità operativa;1;22:04:08|LT 2
2122;26/09/2026 22:04:08;;CLIM /;DC09 / R02 / Terrazza tecnica;GF LT 2 / COMPRESSORE 03 /;Compressore 3: Acceso step 1 /;0;Cambia a 1;Evento;GF LT;LT 2;Acceso step;1;22:04:08|LT 2
2123;26/09/2026 22:04:08;;CLIM /;DC09 / R02 / Terrazza tecnica;GF LT 2 / COMPRESSORE 03 /;Compressore 1: Piena potenza /;0;Cambia a 1;Evento;GF LT;LT 2;Piena potenza;1;22:04:08|LT 2
2124;26/09/2026 22:04:08;;CLIM /;DC09 / R02 / Terrazza tecnica;GF LT 2 / COMPRESSORE 03 /;Compressore 1: Richiesta /;0;Cambia a 1;Evento;GF LT;LT 2;Richiesta;1;22:04:08|LT 2
2125;26/09/2026 22:05:07;;CLIM /;DC09 / R02 / Terrazza tecnica;GF LT 2 / COMPRESSORE 03 /;Compressore 4 modalita operativa /;0;Cambia a 0;Evento;GF LT;LT 2;Modalità operativa;0;22:05:07|LT 2
2126;26/09/2026 22:05:07;;CLIM /;DC09 / R02 / Terrazza tecnica;GF LT 2 / COMPRESSORE 04 /;Compressore 4: Acceso step 1 /;0;Cambia a 0;Evento;GF LT;LT 2;Acceso step;0;22:05:07|LT 2
2127;26/09/2026 22:05:07;;CLIM /;DC09 / R02 / Terrazza tecnica;GF LT 2 / COMPRESSORE 04 /;Compressore 1: Piena potenza /;0;Cambia a 0;Evento;GF LT;LT 2;Piena potenza;0;22:05:07|LT 2
2128;26/09/2026 22:05:07;;CLIM /;DC09 / R02 / Terrazza tecnica;GF LT 2 / COMPRESSORE 04 /;Compressore 4: Richiesta /;0;Cambia a 0;Evento;GF LT;LT 2;Richiesta;0;22:05:07|LT 2
2129;26/09/2026 22:05:11;;CMF /;DC09 / R01 / Break Area;/ FC-102 /;Velocita ventola 1 /;0;Cambia a 1;Evento;FC (Break Area);FC-102;Velocità ventola;1;22:05:11|FC-102
2130;26/09/2026 22:05:24;;CLIM /;DC09 / R02 / SALA DATI B2/B4;GF FW B2-B4.1 / COMPRESSORE 01 /;Compressore 1: Richiesta /;0;Cambia a 1;Evento;GF FW;FW B2-B4.1;Richiesta;1;22:05:24|FW B2-B4.1
2131;26/09/2026 22:05:26;;CLIM /;DC09 / R02 / SALA DATI B2/B4;GF FW B2-B4.1 / COMPRESSORE 01 /;Stato di funzionamento compressore 1 /;0;Cambia a 1;Evento;GF FW;FW B2-B4.1;Stato funzionamento;1;22:05:26|FW B2-B4.1
2132;26/09/2026 22:05:26;;CLIM /;DC09 / R02 / SALA DATI B2/B4;GF FW B2-B4.1 / COMPRESSORE 01 /;Compressore 1: Piena potenza /;0;Cambia a 1;Evento;GF FW;FW B2-B4.1;Piena potenza;1;22:05:26|FW B2-B4.1
2133;26/09/2026 22:05:42;;CLIM /;DC09 / R02 / Terrazza tecnica;GF LT 6 / COMPRESSORE 03 /;Compressore 4 modalita operativa /;0;Cambia a 0;Evento;GF LT;LT 6;Modalità operativa;0;22:05:42|LT 6
2134;26/09/2026 22:05:42;;CLIM /;DC09 / R02 / Terrazza tecnica;GF LT 6 / COMPRESSORE 04 /;Compressore 4: Acceso step 1 /;0;Cambia a 0;Evento;GF LT;LT 6;Acceso step;0;22:05:42|LT 6
2135;26/09/2026 22:05:42;;CLIM /;DC09 / R02 / Terrazza tecnica;GF LT 6 / COMPRESSORE 04 /;Compressore 1: Piena potenza /;0;Cambia a 0;Evento;GF LT;LT 6;Piena potenza;0;22:05:42|LT 6
2136;26/09/2026 22:05:42;;CLIM /;DC09 / R02 / Terrazza tecnica;GF LT 6 / COMPRESSORE 04 /;Compressore 4: Richiesta /;0;Cambia a 0;Evento;GF LT;LT 6;Richiesta;0;22:05:42|LT 6
2137;26/09/2026 22:05:44;;CLIM /;DC09 / R02 / Terrazza tecnica;GF LT 5 / COMPRESSORE 02 /;Compressore 3 modalita operativa /;0;Cambia a 1;Evento;GF LT;LT 5;Modalità operativa;1;22:05:44|LT 5
2138;26/09/2026 22:05:44;;CLIM /;DC09 / R02 / Terrazza tecnica;GF LT 5 / COMPRESSORE 03 /;Compressore 3: Acceso step 1 /;0;Cambia a 1;Evento;GF LT;LT 5;Acceso step;1;22:05:44|LT 5
2139;26/09/2026 22:05:44;;CLIM /;DC09 / R02 / Terrazza tecnica;GF LT 5 / COMPRESSORE 03 /;Compressore 1: Piena potenza /;0;Cambia a 1;Evento;GF LT;LT 5;Piena potenza;1;22:05:44|LT 5
2140;26/09/2026 22:05:44;;CLIM /;DC09 / R02 / Terrazza tecnica;GF LT 5 / COMPRESSORE 03 /;Compressore 1: Richiesta /;0;Cambia a 1;Evento;GF LT;LT 5;Richiesta;1;22:05:44|LT 5
2141;26/09/2026 22:06:06;;CLIM /;DC09 / R02 / Terrazza tecnica;GF LT 2 / COMPRESSORE 01 /;Compressore 1 modalita operativa /;0;Cambia a 0;Evento;GF LT;LT 2;Modalità operativa;0;22:06:06|LT 2
2142;26/09/2026 22:06:06;;CLIM /;DC09 / R02 / Terrazza tecnica;GF LT 2 / COMPRESSORE 01 /;Compressore 1: Acceso step 1 /;0;Cambia a 0;Evento;GF LT;LT 2;Acceso step;0;22:06:06|LT 2
2143;26/09/2026 22:06:06;;CLIM /;DC09 / R02 / Terrazza tecnica;GF LT 2 / COMPRESSORE 01 /;Compressore 1: Piena potenza /;0;Cambia a 0;Evento;GF LT;LT 2;Piena potenza;0;22:06:06|LT 2
2144;26/09/2026 22:06:06;;CLIM /;DC09 / R02 / Terrazza tecnica;GF LT 2 / COMPRESSORE 01 /;Compressore 1: Richiesta /;0;Cambia a 0;Evento;GF LT;LT 2;Richiesta;0;22:06:06|LT 2
2145;26/09/2026 22:06:06;;CLIM /;DC09 / R02 / Terrazza tecnica;GF LT 2 / COMPRESSORE 02 /;Compressore 3 modalita operativa /;0;Cambia a 0;Evento;GF LT;LT 2;Modalità operativa;0;22:06:06|LT 2
2146;26/09/2026 22:06:06;;CLIM /;DC09 / R02 / Terrazza tecnica;GF LT 2 / COMPRESSORE 03 /;Compressore 3: Acceso step 1 /;0;Cambia a 0;Evento;GF LT;LT 2;Acceso step;0;22:06:06|LT 2
2147;26/09/2026 22:06:06;;CLIM /;DC09 / R02 / Terrazza tecnica;GF LT 2 / COMPRESSORE 03 /;Compressore 1: Piena potenza /;0;Cambia a 0;Evento;GF LT;LT 2;Piena potenza;0;22:06:06|LT 2
2148;26/09/2026 22:06:06;;CLIM /;DC09 / R02 / Terrazza tecnica;GF LT 2 / COMPRESSORE 03 /;Compressore 1: Richiesta /;0;Cambia a 0;Evento;GF LT;LT 2;Richiesta;0;22:06:06|LT 2
2149;26/09/2026 22:06:15;;CLIM /;DC09 / R02 / Terrazza tecnica;GF LT 4 / COMPRESSORE 03 /;Compressore 4 modalita operativa /;0;Cambia a 1;Evento;GF LT;LT 4;Modalità operativa;1;22:06:15|LT 4
2150;26/09/2026 22:06:15;;CLIM /;DC09 / R02 / Terrazza tecnica;GF LT 4 / COMPRESSORE 04 /;Compressore 4: Acceso step 1 /;0;Cambia a 1;Evento;GF LT;LT 4;Acceso step;1;22:06:15|LT 4
2151;26/09/2026 22:06:15;;CLIM /;DC09 / R02 / Terrazza tecnica;GF LT 4 / COMPRESSORE 04 /;Compressore 1: Piena potenza /;0;Cambia a 1;Evento;GF LT;LT 4;Piena potenza;1;22:06:15|LT 4
2152;26/09/2026 22:06:15;;CLIM /;DC09 / R02 / Terrazza tecnica;GF LT 4 / COMPRESSORE 04 /;Compressore 4: Richiesta /;0;Cambia a 1;Evento;GF LT;LT 4;Richiesta;1;22:06:15|LT 4
2153;26/09/2026 22:06:21;;CLIM /;DC09 / R02 / Terrazza tecnica;GF CTA PRO B 3-4 / COMPRESSORE 02 /;Compressore 2: Stato operativo /;0;Cambia a 0;Evento;GF CTA PRO;CTA PRO B 3-4;Stato operativo;0;22:06:21|CTA PRO B 3-4
2154;26/09/2026 22:06:21;;CLIM /;DC09 / R02 / Terrazza tecnica;GF CTA PRO B 3-4 / COMPRESSORE 02 /;Compressore 2: Acceso step 1 /;0;Cambia a 0;Evento;GF CTA PRO;CTA PRO B 3-4;Acceso step;0;22:06:21|CTA PRO B 3-4
2155;26/09/2026 22:06:21;;CLIM /;DC09 / R02 / Terrazza tecnica;GF CTA PRO B 3-4 / COMPRESSORE 02 /;Compressore 2: Piena potenza /;0;Cambia a 0;Evento;GF CTA PRO;CTA PRO B 3-4;Piena potenza;0;22:06:21|CTA PRO B 3-4
2156;26/09/2026 22:06:21;;CLIM /;DC09 / R02 / Terrazza tecnica;GF CTA PRO B 3-4 / COMPRESSORE 02 /;Compressore 2: Richiesta /;0;Cambia a 0;Evento;GF CTA PRO;CTA PRO B 3-4;Richiesta;0;22:06:21|CTA PRO B 3-4
2157;26/09/2026 22:07:02;;CLIM /;DC09 / R02 / Terrazza tecnica;GF LT 5 / COMPRESSORE 03 /;Compressore 4 modalita operativa /;0;Cambia a 0;Evento;GF LT;LT 5;Modalità operativa;0;22:07:02|LT 5
2158;26/09/2026 22:07:02;;CLIM /;DC09 / R02 / Terrazza tecnica;GF LT 5 / COMPRESSORE 04 /;Compressore 4: Acceso step 1 /;0;Cambia a 0;Evento;GF LT;LT 5;Acceso step;0;22:07:02|LT 5
2159;26/09/2026 22:07:02;;CLIM /;DC09 / R02 / Terrazza tecnica;GF LT 5 / COMPRESSORE 04 /;Compressore 1: Piena potenza /;0;Cambia a 0;Evento;GF LT;LT 5;Piena potenza;0;22:07:02|LT 5
2160;26/09/2026 22:07:02;;CLIM /;DC09 / R02 / Terrazza tecnica;GF LT 5 / COMPRESSORE 04 /;Compressore 4: Richiesta /;0;Cambia a 0;Evento;GF LT;LT 5;Richiesta;0;22:07:02|LT 5
2161;26/09/2026 22:07:20;;CLIM /;DC09 / R02 / Terrazza tecnica;GF LT 6 / COMPRESSORE 01 /;Compressore 1: Acceso step 1 /;0;Cambia a 1;Evento;GF LT;LT 6;Acceso step;1;22:07:20|LT 6
2162;26/09/2026 22:07:20;;CLIM /;DC09 / R02 / Terrazza tecnica;GF LT 6 / COMPRESSORE 01 /;Compressore 1: Richiesta /;0;Cambia a 1;Evento;GF LT;LT 6;Richiesta;1;22:07:20|LT 6
2163;26/09/2026 22:07:40;;CLIM /;DC09 / R02 / Terrazza tecnica;GF LT 6 / COMPRESSORE 01 /;Compressore 1 modalita operativa /;0;Cambia a 1;Evento;GF LT;LT 6;Modalità operativa;1;22:07:40|LT 6
2164;26/09/2026 22:07:40;;CLIM /;DC09 / R02 / Terrazza tecnica;GF LT 6 / COMPRESSORE 01 /;Compressore 1: Piena potenza /;0;Cambia a 1;Evento;GF LT;LT 6;Piena potenza;1;22:07:40|LT 6
2165;26/09/2026 22:08:02;;CLIM /;DC09 / R02 / Terrazza tecnica;GF CTA PRO B 1-2 / COMPRESSORE 01 /;Compressore 1: Acceso step 1 /;0;Cambia a 1;Evento;GF CTA PRO;CTA PRO B 1-2;Acceso step;1;22:08:02|CTA PRO B 1-2
2166;26/09/2026 22:08:02;;CLIM /;DC09 / R02 / Terrazza tecnica;GF CTA PRO B 1-2 / COMPRESSORE 01 /;Compressore 1: Richiesta /;0;Cambia a 1;Evento;GF CTA PRO;CTA PRO B 1-2;Richiesta;1;22:08:02|CTA PRO B 1-2
2167;26/09/2026 22:08:21;;CLIM /;DC09 / R02 / Terrazza tecnica;GF CTA PRO B 1-2 / COMPRESSORE 01 /;Compressore 1: Stato operativo /;0;Cambia a 1;Evento;GF CTA PRO;CTA PRO B 1-2;Stato operativo;1;22:08:21|CTA PRO B 1-2
2168;26/09/2026 22:08:21;;CLIM /;DC09 / R02 / Terrazza tecnica;GF CTA PRO B 1-2 / COMPRESSORE 01 /;Compressore 1: Piena potenza /;0;Cambia a 1;Evento;GF CTA PRO;CTA PRO B 1-2;Piena potenza;1;22:08:21|CTA PRO B 1-2
2169;26/09/2026 22:08:33;;CLIM /;DC09 / R02 / Terrazza tecnica;GF LT 4 / COMPRESSORE 03 /;Compressore 4 modalita operativa /;0;Cambia a 0;Evento;GF LT;LT 4;Modalità operativa;0;22:08:33|LT 4
2170;26/09/2026 22:08:33;;CLIM /;DC09 / R02 / Terrazza tecnica;GF LT 4 / COMPRESSORE 04 /;Compressore 4: Acceso step 1 /;0;Cambia a 0;Evento;GF LT;LT 4;Acceso step;0;22:08:33|LT 4
2171;26/09/2026 22:08:33;;CLIM /;DC09 / R02 / Terrazza tecnica;GF LT 4 / COMPRESSORE 04 /;Compressore 1: Piena potenza /;0;Cambia a 0;Evento;GF LT;LT 4;Piena potenza;0;22:08:33|LT 4
2172;26/09/2026 22:08:33;;CLIM /;DC09 / R02 / Terrazza tecnica;GF LT 4 / COMPRESSORE 04 /;Compressore 4: Richiesta /;0;Cambia a 0;Evento;GF LT;LT 4;Richiesta;0;22:08:33|LT 4
2173;26/09/2026 22:08:50;;CLIM /;DC09 / R02 / Terrazza tecnica;GF CTA PRO A 1-2 / COMPRESSORE 02 /;Compressore 2: Stato operativo /;0;Cambia a 1;Evento;GF CTA PRO;CTA PRO A 1-2;Stato operativo;1;22:08:50|CTA PRO A 1-2
2174;26/09/2026 22:08:50;;CLIM /;DC09 / R02 / Terrazza tecnica;GF CTA PRO A 1-2 / COMPRESSORE 02 /;Compressore 2: Acceso step 1 /;0;Cambia a 1;Evento;GF CTA PRO;CTA PRO A 1-2;Acceso step;1;22:08:50|CTA PRO A 1-2
2175;26/09/2026 22:08:50;;CLIM /;DC09 / R02 / Terrazza tecnica;GF CTA PRO A 1-2 / COMPRESSORE 02 /;Compressore 2: Piena potenza /;0;Cambia a 1;Evento;GF CTA PRO;CTA PRO A 1-2;Piena potenza;1;22:08:50|CTA PRO A 1-2
2176;26/09/2026 22:08:50;;CLIM /;DC09 / R02 / Terrazza tecnica;GF CTA PRO A 1-2 / COMPRESSORE 02 /;Compressore 2: Richiesta /;0;Cambia a 1;Evento;GF CTA PRO;CTA PRO A 1-2;Richiesta;1;22:08:50|CTA PRO A 1-2
2177;26/09/2026 22:08:59;;CLIM /;DC09 / R02 / Terrazza tecnica;GF LT 5 / COMPRESSORE 02 /;Compressore 3 modalita operativa /;0;Cambia a 0;Evento;GF LT;LT 5;Modalità operativa;0;22:08:59|LT 5
2178;26/09/2026 22:08:59;;CLIM /;DC09 / R02 / Terrazza tecnica;GF LT 5 / COMPRESSORE 03 /;Compressore 3: Acceso step 1 /;0;Cambia a 0;Evento;GF LT;LT 5;Acceso step;0;22:08:59|LT 5
2179;26/09/2026 22:08:59;;CLIM /;DC09 / R02 / Terrazza tecnica;GF LT 5 / COMPRESSORE 03 /;Compressore 1: Piena potenza /;0;Cambia a 0;Evento;GF LT;LT 5;Piena potenza;0;22:08:59|LT 5
2180;26/09/2026 22:08:59;;CLIM /;DC09 / R02 / Terrazza tecnica;GF LT 5 / COMPRESSORE 03 /;Compressore 1: Richiesta /;0;Cambia a 0;Evento;GF LT;LT 5;Richiesta;0;22:08:59|LT 5
2181;26/09/2026 22:09:02;;CLIM /;DC09 / R02 / Terrazza tecnica;GF LT 2 / COMPRESSORE 01 /;Compressore 1 modalita operativa /;0;Cambia a 1;Evento;GF LT;LT 2;Modalità operativa;1;22:09:02|LT 2
2182;26/09/2026 22:09:02;;CLIM /;DC09 / R02 / Terrazza tecnica;GF LT 2 / COMPRESSORE 01 /;Compressore 1: Acceso step 1 /;0;Cambia a 1;Evento;GF LT;LT 2;Acceso step;1;22:09:02|LT 2
2183;26/09/2026 22:09:02;;CLIM /;DC09 / R02 / Terrazza tecnica;GF LT 2 / COMPRESSORE 01 /;Compressore 1: Piena potenza /;0;Cambia a 1;Evento;GF LT;LT 2;Piena potenza;1;22:09:02|LT 2
2184;26/09/2026 22:09:02;;CLIM /;DC09 / R02 / Terrazza tecnica;GF LT 2 / COMPRESSORE 01 /;Compressore 1: Richiesta /;0;Cambia a 1;Evento;GF LT;LT 2;Richiesta;1;22:09:02|LT 2
2185;26/09/2026 22:09:33;;CLIM /;DC09 / R02 / SALA DATI B2/B4;GF FW B2-B4.5 / COMPRESSORE 01 /;Compressore 1: Pompa spenta /;0;Cambia a 1;Evento;GF FW;FW B2-B4.5;Pompa spenta;1;22:09:33|FW B2-B4.5
2186;26/09/2026 22:09:37;;CLIM /;DC09 / R02 / SALA DATI B2/B4;GF FW B2-B4.5 / COMPRESSORE 01 /;Stato di funzionamento compressore 1 /;0;Cambia a 0;Evento;GF FW;FW B2-B4.5;Stato funzionamento;0;22:09:37|FW B2-B4.5
2187;26/09/2026 22:09:37;;CLIM /;DC09 / R02 / SALA DATI B2/B4;GF FW B2-B4.5 / COMPRESSORE 01 /;Compressore 1: Pompa spenta /;0;Cambia a 0;Evento;GF FW;FW B2-B4.5;Pompa spenta;0;22:09:37|FW B2-B4.5
2188;26/09/2026 22:09:37;;CLIM /;DC09 / R02 / SALA DATI B2/B4;GF FW B2-B4.5 / COMPRESSORE 01 /;Compressore 1: Piena potenza /;0;Cambia a 0;Evento;GF FW;FW B2-B4.5;Piena potenza;0;22:09:37|FW B2-B4.5
2189;26/09/2026 22:09:37;;CLIM /;DC09 / R02 / SALA DATI B2/B4;GF FW B2-B4.5 / COMPRESSORE 01 /;Compressore 1: Richiesta /;0;Cambia a 0;Evento;GF FW;FW B2-B4.5;Richiesta;0;22:09:37|FW B2-B4.5
2190;26/09/2026 22:09:55;;CMF /;DC09 / R01 / Break Area;/ FC-102 /;Velocita ventola 1 /;0;Cambia a 0;Evento;FC (Break Area);FC-102;Velocità ventola;0;22:09:55|FC-102
2191;26/09/2026 22:10:10;;CLIM /;DC09 / R02 / Terrazza tecnica;GF CTA PRO A 3-4 / COMPRESSORE 01 /;Compressore 1: Stato operativo /;0;Cambia a 1;Evento;GF CTA PRO;CTA PRO A 3-4;Stato operativo;1;22:10:10|CTA PRO A 3-4
2192;26/09/2026 22:10:10;;CLIM /;DC09 / R02 / Terrazza tecnica;GF CTA PRO A 3-4 / COMPRESSORE 01 /;Compressore 1: Acceso step 1 /;0;Cambia a 1;Evento;GF CTA PRO;CTA PRO A 3-4;Acceso step;1;22:10:10|CTA PRO A 3-4
2193;26/09/2026 22:10:10;;CLIM /;DC09 / R02 / Terrazza tecnica;GF CTA PRO A 3-4 / COMPRESSORE 01 /;Compressore 1: Piena potenza /;0;Cambia a 1;Evento;GF CTA PRO;CTA PRO A 3-4;Piena potenza;1;22:10:10|CTA PRO A 3-4
2194;26/09/2026 22:10:10;;CLIM /;DC09 / R02 / Terrazza tecnica;GF CTA PRO A 3-4 / COMPRESSORE 01 /;Compressore 1: Richiesta /;0;Cambia a 1;Evento;GF CTA PRO;CTA PRO A 3-4;Richiesta;1;22:10:10|CTA PRO A 3-4
2195;26/09/2026 22:11:28;;CLIM /;DC09 / R02 / Terrazza tecnica;GF CTA PRO A 1-2 / COMPRESSORE 02 /;Compressore 2: Stato operativo /;0;Cambia a 0;Evento;GF CTA PRO;CTA PRO A 1-2;Stato operativo;0;22:11:28|CTA PRO A 1-2
2196;26/09/2026 22:11:28;;CLIM /;DC09 / R02 / Terrazza tecnica;GF CTA PRO A 1-2 / COMPRESSORE 02 /;Compressore 2: Acceso step 1 /;0;Cambia a 0;Evento;GF CTA PRO;CTA PRO A 1-2;Acceso step;0;22:11:28|CTA PRO A 1-2
2197;26/09/2026 22:11:28;;CLIM /;DC09 / R02 / Terrazza tecnica;GF CTA PRO A 1-2 / COMPRESSORE 02 /;Compressore 2: Piena potenza /;0;Cambia a 0;Evento;GF CTA PRO;CTA PRO A 1-2;Piena potenza;0;22:11:28|CTA PRO A 1-2
2198;26/09/2026 22:11:28;;CLIM /;DC09 / R02 / Terrazza tecnica;GF CTA PRO A 1-2 / COMPRESSORE 02 /;Compressore 2: Richiesta /;0;Cambia a 0;Evento;GF CTA PRO;CTA PRO A 1-2;Richiesta;0;22:11:28|CTA PRO A 1-2
2199;26/09/2026 22:11:35;;CLIM /;DC09 / R02 / Terrazza tecnica;GF CTA PRO B 3-4 / COMPRESSORE 01 /;Compressore 1: Stato operativo /;0;Cambia a 1;Evento;GF CTA PRO;CTA PRO B 3-4;Stato operativo;1;22:11:35|CTA PRO B 3-4
2200;26/09/2026 22:11:35;;CLIM /;DC09 / R02 / Terrazza tecnica;GF CTA PRO B 3-4 / COMPRESSORE 01 /;Compressore 1: Acceso step 1 /;0;Cambia a 1;Evento;GF CTA PRO;CTA PRO B 3-4;Acceso step;1;22:11:35|CTA PRO B 3-4
2201;26/09/2026 22:11:35;;CLIM /;DC09 / R02 / Terrazza tecnica;GF CTA PRO B 3-4 / COMPRESSORE 01 /;Compressore 1: Piena potenza /;0;Cambia a 1;Evento;GF CTA PRO;CTA PRO B 3-4;Piena potenza;1;22:11:35|CTA PRO B 3-4
2202;26/09/2026 22:11:35;;CLIM /;DC09 / R02 / Terrazza tecnica;GF CTA PRO B 3-4 / COMPRESSORE 01 /;Compressore 1: Richiesta /;0;Cambia a 1;Evento;GF CTA PRO;CTA PRO B 3-4;Richiesta;1;22:11:35|CTA PRO B 3-4
2203;26/09/2026 22:11:36;;CLIM /;DC09 / R02 / SALA DATI B2/B4;GF FW B2-B4.1 / COMPRESSORE 01 /;Compressore 1: Pompa spenta /;0;Cambia a 1;Evento;GF FW;FW B2-B4.1;Pompa spenta;1;22:11:36|FW B2-B4.1
2204;26/09/2026 22:11:40;;CLIM /;DC09 / R02 / SALA DATI B2/B4;GF FW B2-B4.1 / COMPRESSORE 01 /;Stato di funzionamento compressore 1 /;0;Cambia a 0;Evento;GF FW;FW B2-B4.1;Stato funzionamento;0;22:11:40|FW B2-B4.1
2205;26/09/2026 22:11:40;;CLIM /;DC09 / R02 / SALA DATI B2/B4;GF FW B2-B4.1 / COMPRESSORE 01 /;Compressore 1: Pompa spenta /;0;Cambia a 0;Evento;GF FW;FW B2-B4.1;Pompa spenta;0;22:11:40|FW B2-B4.1
2206;26/09/2026 22:11:40;;CLIM /;DC09 / R02 / SALA DATI B2/B4;GF FW B2-B4.1 / COMPRESSORE 01 /;Compressore 1: Piena potenza /;0;Cambia a 0;Evento;GF FW;FW B2-B4.1;Piena potenza;0;22:11:40|FW B2-B4.1
2207;26/09/2026 22:11:40;;CLIM /;DC09 / R02 / SALA DATI B2/B4;GF FW B2-B4.1 / COMPRESSORE 01 /;Compressore 1: Richiesta /;0;Cambia a 0;Evento;GF FW;FW B2-B4.1;Richiesta;0;22:11:40|FW B2-B4.1
2208;26/09/2026 22:11:49;;CLIM /;DC09 / R02 / Terrazza tecnica;GF LT 4 / COMPRESSORE 01 /;Compressore 1 modalita operativa /;0;Cambia a 1;Evento;GF LT;LT 4;Modalità operativa;1;22:11:49|LT 4
2209;26/09/2026 22:11:49;;CLIM /;DC09 / R02 / Terrazza tecnica;GF LT 4 / COMPRESSORE 01 /;Compressore 1: Acceso step 1 /;0;Cambia a 1;Evento;GF LT;LT 4;Acceso step;1;22:11:49|LT 4
2210;26/09/2026 22:11:49;;CLIM /;DC09 / R02 / Terrazza tecnica;GF LT 4 / COMPRESSORE 01 /;Compressore 1: Piena potenza /;0;Cambia a 1;Evento;GF LT;LT 4;Piena potenza;1;22:11:49|LT 4
2211;26/09/2026 22:11:49;;CLIM /;DC09 / R02 / Terrazza tecnica;GF LT 4 / COMPRESSORE 01 /;Compressore 1: Richiesta /;0;Cambia a 1;Evento;GF LT;LT 4;Richiesta;1;22:11:49|LT 4
2212;26/09/2026 22:11:59;;CLIM /;DC09 / R02 / Terrazza tecnica;GF LT 2 / COMPRESSORE 03 /;Compressore 4 modalita operativa /;0;Cambia a 1;Evento;GF LT;LT 2;Modalità operativa;1;22:11:59|LT 2
2213;26/09/2026 22:11:59;;CLIM /;DC09 / R02 / Terrazza tecnica;GF LT 2 / COMPRESSORE 04 /;Compressore 4: Acceso step 1 /;0;Cambia a 1;Evento;GF LT;LT 2;Acceso step;1;22:11:59|LT 2
2214;26/09/2026 22:11:59;;CLIM /;DC09 / R02 / Terrazza tecnica;GF LT 2 / COMPRESSORE 04 /;Compressore 1: Piena potenza /;0;Cambia a 1;Evento;GF LT;LT 2;Piena potenza;1;22:11:59|LT 2
2215;26/09/2026 22:11:59;;CLIM /;DC09 / R02 / Terrazza tecnica;GF LT 2 / COMPRESSORE 04 /;Compressore 4: Richiesta /;0;Cambia a 1;Evento;GF LT;LT 2;Richiesta;1;22:11:59|LT 2
2216;26/09/2026 22:12:49;;CLIM /;DC09 / R02 / Terrazza tecnica;GF LT 4 / COMPRESSORE 02 /;Compressore 2 modalita operativa /;0;Cambia a 1;Evento;GF LT;LT 4;Modalità operativa;1;22:12:49|LT 4
2217;26/09/2026 22:12:49;;CLIM /;DC09 / R02 / Terrazza tecnica;GF LT 4 / COMPRESSORE 02 /;Compressore 2: Acceso step 1 /;0;Cambia a 1;Evento;GF LT;LT 4;Acceso step;1;22:12:49|LT 4
2218;26/09/2026 22:12:49;;CLIM /;DC09 / R02 / Terrazza tecnica;GF LT 4 / COMPRESSORE 02 /;Compressore 1: Piena potenza /;0;Cambia a 1;Evento;GF LT;LT 4;Piena potenza;1;22:12:49|LT 4
2219;26/09/2026 22:12:49;;CLIM /;DC09 / R02 / Terrazza tecnica;GF LT 4 / COMPRESSORE 02 /;Compressore 1: Richiesta /;0;Cambia a 1;Evento;GF LT;LT 4;Richiesta;1;22:12:49|LT 4
2220;26/09/2026 22:13:47;;CLIM /;DC09 / R02 / Terrazza tecnica;GF LT 4 / COMPRESSORE 01 /;Compressore 1 modalita operativa /;0;Cambia a 0;Evento;GF LT;LT 4;Modalità operativa;0;22:13:47|LT 4
2221;26/09/2026 22:13:47;;CLIM /;DC09 / R02 / Terrazza tecnica;GF LT 4 / COMPRESSORE 01 /;Compressore 1: Acceso step 1 /;0;Cambia a 0;Evento;GF LT;LT 4;Acceso step;0;22:13:47|LT 4
2222;26/09/2026 22:13:47;;CLIM /;DC09 / R02 / Terrazza tecnica;GF LT 4 / COMPRESSORE 01 /;Compressore 1: Piena potenza /;0;Cambia a 0;Evento;GF LT;LT 4;Piena potenza;0;22:13:47|LT 4
2223;26/09/2026 22:13:47;;CLIM /;DC09 / R02 / Terrazza tecnica;GF LT 4 / COMPRESSORE 01 /;Compressore 1: Richiesta /;0;Cambia a 0;Evento;GF LT;LT 4;Richiesta;0;22:13:47|LT 4
2224;26/09/2026 22:14:05;;CLIM /;DC09 / R02 / Terrazza tecnica;GF CTA PRO A 3-4 / COMPRESSORE 01 /;Compressore 1: Stato operativo /;0;Cambia a 0;Evento;GF CTA PRO;CTA PRO A 3-4;Stato operativo;0;22:14:05|CTA PRO A 3-4
2225;26/09/2026 22:14:05;;CLIM /;DC09 / R02 / Terrazza tecnica;GF CTA PRO A 3-4 / COMPRESSORE 01 /;Compressore 1: Acceso step 1 /;0;Cambia a 0;Evento;GF CTA PRO;CTA PRO A 3-4;Acceso step;0;22:14:05|CTA PRO A 3-4
2226;26/09/2026 22:14:05;;CLIM /;DC09 / R02 / Terrazza tecnica;GF CTA PRO A 3-4 / COMPRESSORE 01 /;Compressore 1: Piena potenza /;0;Cambia a 0;Evento;GF CTA PRO;CTA PRO A 3-4;Piena potenza;0;22:14:05|CTA PRO A 3-4
2227;26/09/2026 22:14:05;;CLIM /;DC09 / R02 / Terrazza tecnica;GF CTA PRO A 3-4 / COMPRESSORE 01 /;Compressore 1: Richiesta /;0;Cambia a 0;Evento;GF CTA PRO;CTA PRO A 3-4;Richiesta;0;22:14:05|CTA PRO A 3-4
2228;26/09/2026 22:14:27;;CLIM /;DC09 / R02 / Terrazza tecnica;GF LT 4 / COMPRESSORE 02 /;Compressore 2 modalita operativa /;0;Cambia a 0;Evento;GF LT;LT 4;Modalità operativa;0;22:14:27|LT 4
2229;26/09/2026 22:14:27;;CLIM /;DC09 / R02 / Terrazza tecnica;GF LT 4 / COMPRESSORE 02 /;Compressore 2: Acceso step 1 /;0;Cambia a 0;Evento;GF LT;LT 4;Acceso step;0;22:14:27|LT 4
2230;26/09/2026 22:14:27;;CLIM /;DC09 / R02 / Terrazza tecnica;GF LT 4 / COMPRESSORE 02 /;Compressore 1: Piena potenza /;0;Cambia a 0;Evento;GF LT;LT 4;Piena potenza;0;22:14:27|LT 4
2231;26/09/2026 22:14:27;;CLIM /;DC09 / R02 / Terrazza tecnica;GF LT 4 / COMPRESSORE 02 /;Compressore 1: Richiesta /;0;Cambia a 0;Evento;GF LT;LT 4;Richiesta;0;22:14:27|LT 4
2232;26/09/2026 22:14:34;;CLIM /;DC09 / R02 / SALA DATI B2/B4;GF FW B2-B4.5 / COMPRESSORE 01 /;Compressore 1: Richiesta /;0;Cambia a 1;Evento;GF FW;FW B2-B4.5;Richiesta;1;22:14:34|FW B2-B4.5
2233;26/09/2026 22:14:36;;CLIM /;DC09 / R02 / SALA DATI B2/B4;GF FW B2-B4.5 / COMPRESSORE 01 /;Stato di funzionamento compressore 1 /;0;Cambia a 1;Evento;GF FW;FW B2-B4.5;Stato funzionamento;1;22:14:36|FW B2-B4.5
2234;26/09/2026 22:14:36;;CLIM /;DC09 / R02 / SALA DATI B2/B4;GF FW B2-B4.5 / COMPRESSORE 01 /;Compressore 1: Piena potenza /;0;Cambia a 1;Evento;GF FW;FW B2-B4.5;Piena potenza;1;22:14:36|FW B2-B4.5
2235;26/09/2026 22:15:05;;CLIM /;DC09 / R02 / SALA DATI B2/B4;GF FW B2-B4.3 / COMPRESSORE 02 /;Compressore 2: Acceso step 2 /;0;Cambia a 1;Evento;GF FW;FW B2-B4.3;Acceso step;1;22:15:05|FW B2-B4.3
2236;26/09/2026 22:15:05;;CLIM /;DC09 / R02 / SALA DATI B2/B4;GF FW B2-B4.3 / COMPRESSORE 02 /;Compressore 2: Acceso step 1 /;0;Cambia a 0;Evento;GF FW;FW B2-B4.3;Acceso step;0;22:15:05|FW B2-B4.3
2237;26/09/2026 22:15:13;;CLIM /;DC09 / R02 / Terrazza tecnica;GF CTA PRO B 1-2 / COMPRESSORE 01 /;Compressore 1: Stato operativo /;0;Cambia a 0;Evento;GF CTA PRO;CTA PRO B 1-2;Stato operativo;0;22:15:13|CTA PRO B 1-2
2238;26/09/2026 22:15:13;;CLIM /;DC09 / R02 / Terrazza tecnica;GF CTA PRO B 1-2 / COMPRESSORE 01 /;Compressore 1: Acceso step 1 /;0;Cambia a 0;Evento;GF CTA PRO;CTA PRO B 1-2;Acceso step;0;22:15:13|CTA PRO B 1-2
2239;26/09/2026 22:15:13;;CLIM /;DC09 / R02 / Terrazza tecnica;GF CTA PRO B 1-2 / COMPRESSORE 01 /;Compressore 1: Piena potenza /;0;Cambia a 0;Evento;GF CTA PRO;CTA PRO B 1-2;Piena potenza;0;22:15:13|CTA PRO B 1-2
2240;26/09/2026 22:15:13;;CLIM /;DC09 / R02 / Terrazza tecnica;GF CTA PRO B 1-2 / COMPRESSORE 01 /;Compressore 1: Richiesta /;0;Cambia a 0;Evento;GF CTA PRO;CTA PRO B 1-2;Richiesta;0;22:15:13|CTA PRO B 1-2
2241;26/09/2026 22:15:48;;CMF /;DC09 / R01 / Break Area;/ FC-102 /;Velocita ventola 1 /;0;Cambia a 1;Evento;FC (Break Area);FC-102;Velocità ventola;1;22:15:48|FC-102
2242;26/09/2026 22:16:10;;CLIM /;DC09 / R02 / Terrazza tecnica;GF CTA PRO B 3-4 / COMPRESSORE 01 /;Compressore 1: Stato operativo /;0;Cambia a 0;Evento;GF CTA PRO;CTA PRO B 3-4;Stato operativo;0;22:16:10|CTA PRO B 3-4
2243;26/09/2026 22:16:10;;CLIM /;DC09 / R02 / Terrazza tecnica;GF CTA PRO B 3-4 / COMPRESSORE 01 /;Compressore 1: Acceso step 1 /;0;Cambia a 0;Evento;GF CTA PRO;CTA PRO B 3-4;Acceso step;0;22:16:10|CTA PRO B 3-4
2244;26/09/2026 22:16:10;;CLIM /;DC09 / R02 / Terrazza tecnica;GF CTA PRO B 3-4 / COMPRESSORE 01 /;Compressore 1: Piena potenza /;0;Cambia a 0;Evento;GF CTA PRO;CTA PRO B 3-4;Piena potenza;0;22:16:10|CTA PRO B 3-4
2245;26/09/2026 22:16:10;;CLIM /;DC09 / R02 / Terrazza tecnica;GF CTA PRO B 3-4 / COMPRESSORE 01 /;Compressore 1: Richiesta /;0;Cambia a 0;Evento;GF CTA PRO;CTA PRO B 3-4;Richiesta;0;22:16:10|CTA PRO B 3-4
2246;26/09/2026 22:16:14;;CLIM /;DC09 / R02 / Terrazza tecnica;GF LT 2 / COMPRESSORE 03 /;Compressore 4 modalita operativa /;0;Cambia a 0;Evento;GF LT;LT 2;Modalità operativa;0;22:16:14|LT 2
2247;26/09/2026 22:16:14;;CLIM /;DC09 / R02 / Terrazza tecnica;GF LT 2 / COMPRESSORE 04 /;Compressore 4: Acceso step 1 /;0;Cambia a 0;Evento;GF LT;LT 2;Acceso step;0;22:16:14|LT 2
2248;26/09/2026 22:16:14;;CLIM /;DC09 / R02 / Terrazza tecnica;GF LT 2 / COMPRESSORE 04 /;Compressore 1: Piena potenza /;0;Cambia a 0;Evento;GF LT;LT 2;Piena potenza;0;22:16:14|LT 2
2249;26/09/2026 22:16:14;;CLIM /;DC09 / R02 / Terrazza tecnica;GF LT 2 / COMPRESSORE 04 /;Compressore 4: Richiesta /;0;Cambia a 0;Evento;GF LT;LT 2;Richiesta;0;22:16:14|LT 2
2250;26/09/2026 22:19:03;;CLIM /;DC09 / R02 / Terrazza tecnica;GF LT 4 / COMPRESSORE 02 /;Compressore 3 modalita operativa /;0;Cambia a 1;Evento;GF LT;LT 4;Modalità operativa;1;22:19:03|LT 4
2251;26/09/2026 22:19:03;;CLIM /;DC09 / R02 / Terrazza tecnica;GF LT 4 / COMPRESSORE 03 /;Compressore 3: Acceso step 1 /;0;Cambia a 1;Evento;GF LT;LT 4;Acceso step;1;22:19:03|LT 4
2252;26/09/2026 22:19:03;;CLIM /;DC09 / R02 / Terrazza tecnica;GF LT 4 / COMPRESSORE 03 /;Compressore 1: Piena potenza /;0;Cambia a 1;Evento;GF LT;LT 4;Piena potenza;1;22:19:03|LT 4
2253;26/09/2026 22:19:03;;CLIM /;DC09 / R02 / Terrazza tecnica;GF LT 4 / COMPRESSORE 03 /;Compressore 1: Richiesta /;0;Cambia a 1;Evento;GF LT;LT 4;Richiesta;1;22:19:03|LT 4
2254;26/09/2026 22:19:06;;CLIM /;DC09 / R02 / Terrazza tecnica;GF LT 6 / COMPRESSORE 01 /;Compressore 1 modalita operativa /;0;Cambia a 0;Evento;GF LT;LT 6;Modalità operativa;0;22:19:06|LT 6
2255;26/09/2026 22:19:06;;CLIM /;DC09 / R02 / Terrazza tecnica;GF LT 6 / COMPRESSORE 01 /;Compressore 1: Acceso step 1 /;0;Cambia a 0;Evento;GF LT;LT 6;Acceso step;0;22:19:06|LT 6
