N;Data_ora;Operatore;Lotto;Edificio / Piano / Area;Apparecchio / sApparecchio;Descrizione / ValPrec.;Priorità;Stato;Tipo;Famiglia;Unità;Variabile;Valore;Chiave_transizione;Riconosciuto
1;26/09/2026 18:08:29;;CLIM /;DC09 / R02 / Terrazza tecnica;CTA PRO B 1-2 / GENERALE /;Sintesi avvisi (Non Bloccanti);2;Allarme;Allarme;CTA PRO B 1-2;CTA PRO B 1-2 GENERALE;Sintesi avvisi (Non Bloccanti);Allarme;18:08:29|CTA PRO B 1-2 GENERALE;n/a
2;26/09/2026 18:08:29;;CLIM /;DC09 / R02 / Terrazza tecnica;CTA PRO B 1-2 / MANDATA /;Allarme bassa T. mandata;2;Allarme;Allarme;CTA PRO B 1-2;CTA PRO B 1-2 MANDATA;Allarme bassa T. mandata;Allarme;18:08:29|CTA PRO B 1-2 MANDATA;n/a
3;26/09/2026 18:09:27;;CLIM /;DC09 / R00 / SALA DATI A1/A2;SONDA DP 02 / 02 /;Soglia alta Delta P. sala A12;2;Off - Non riconosciuto;Allarme;Sonda DP;SONDA DP 02 02;Soglia alta Delta P. sala A12;Off;18:09:27|SONDA DP 02 02;No
4;26/09/2026 18:09:32;;CLIM /;DC09 / R00 / SALA DATI A1/A2;SONDA DP 02 / 02 /;Soglia alta Delta P. sala A12;2;On - Non riconosciuto;Allarme;Sonda DP;SONDA DP 02 02;Soglia alta Delta P. sala A12;On;18:09:32|SONDA DP 02 02;No
5;26/09/2026 18:10:12;;CLIM /;DC09 / R00 / SALA DATI A1/A2;SONDA DP 02 / 02 /;Soglia alta Delta P. sala A12;2;Off - Non riconosciuto;Allarme;Sonda DP;SONDA DP 02 02;Soglia alta Delta P. sala A12;Off;18:10:12|SONDA DP 02 02;No
6;26/09/2026 18:10:22;;CLIM /;DC09 / R00 / SALA DATI A1/A2;SONDA DP 02 / 02 /;Soglia alta Delta P. sala A12;2;On - Non riconosciuto;Allarme;Sonda DP;SONDA DP 02 02;Soglia alta Delta P. sala A12;On;18:10:22|SONDA DP 02 02;No
7;26/09/2026 18:10:29;;CLIM /;DC09 / R02 / Terrazza tecnica;CTA PRO B 1-2 / GENERALE /;Sintesi avvisi (Non Bloccanti);2;Normale;Allarme;CTA PRO B 1-2;CTA PRO B 1-2 GENERALE;Sintesi avvisi (Non Bloccanti);Normale;18:10:29|CTA PRO B 1-2 GENERALE;n/a
8;26/09/2026 18:10:29;;CLIM /;DC09 / R02 / Terrazza tecnica;CTA PRO B 1-2 / MANDATA /;Allarme bassa T. mandata;2;Normale;Allarme;CTA PRO B 1-2;CTA PRO B 1-2 MANDATA;Allarme bassa T. mandata;Normale;18:10:29|CTA PRO B 1-2 MANDATA;n/a
9;26/09/2026 18:10:42;;CLIM /;DC09 / R00 / SALA DATI A1/A2;SONDA DP 02 / 02 /;Soglia alta Delta P. sala A12;2;Off - Non riconosciuto;Allarme;Sonda DP;SONDA DP 02 02;Soglia alta Delta P. sala A12;Off;18:10:42|SONDA DP 02 02;No
10;26/09/2026 18:10:52;;CLIM /;DC09 / R00 / SALA DATI A1/A2;SONDA DP 02 / 02 /;Soglia alta Delta P. sala A12;2;On - Non riconosciuto;Allarme;Sonda DP;SONDA DP 02 02;Soglia alta Delta P. sala A12;On;18:10:52|SONDA DP 02 02;No
11;26/09/2026 18:11:37;;CLIM /;DC09 / R00 / SALA DATI A1/A2;SONDA DP 02 / 02 /;Soglia alta Delta P. sala A12;2;Off - Non riconosciuto;Allarme;Sonda DP;SONDA DP 02 02;Soglia alta Delta P. sala A12;Off;18:11:37|SONDA DP 02 02;No
12;26/09/2026 18:11:47;;CLIM /;DC09 / R00 / SALA DATI A1/A2;SONDA DP 02 / 02 /;Soglia alta Delta P. sala A12;2;On - Non riconosciuto;Allarme;Sonda DP;SONDA DP 02 02;Soglia alta Delta P. sala A12;On;18:11:47|SONDA DP 02 02;No
13;26/09/2026 18:12:12;;CLIM /;DC09 / R00 / SALA DATI A1/A2;SONDA DP 02 / 02 /;Soglia alta Delta P. sala A12;2;Off - Non riconosciuto;Allarme;Sonda DP;SONDA DP 02 02;Soglia alta Delta P. sala A12;Off;18:12:12|SONDA DP 02 02;No
14;26/09/2026 18:12:17;;CLIM /;DC09 / R00 / SALA DATI A1/A2;SONDA DP 02 / 02 /;Soglia alta Delta P. sala A12;2;On - Non riconosciuto;Allarme;Sonda DP;SONDA DP 02 02;Soglia alta Delta P. sala A12;On;18:12:17|SONDA DP 02 02;No
15;26/09/2026 18:12:52;;CLIM /;DC09 / R00 / SALA DATI A1/A2;SONDA DP 02 / 02 /;Soglia alta Delta P. sala A12;2;Off - Non riconosciuto;Allarme;Sonda DP;SONDA DP 02 02;Soglia alta Delta P. sala A12;Off;18:12:52|SONDA DP 02 02;No
16;26/09/2026 18:12:58;;CLIM /;DC09 / R00 / SALA DATI A1/A2;SONDA DP 02 / 02 /;Soglia alta Delta P. sala A12;2;On - Non riconosciuto;Allarme;Sonda DP;SONDA DP 02 02;Soglia alta Delta P. sala A12;On;18:12:58|SONDA DP 02 02;No
17;26/09/2026 18:13:58;;CLIM /;DC09 / R00 / SALA DATI A1/A2;SONDA DP 02 / 02 /;Soglia alta Delta P. sala A12;2;Off - Non riconosciuto;Allarme;Sonda DP;SONDA DP 02 02;Soglia alta Delta P. sala A12;Off;18:13:58|SONDA DP 02 02;No
18;26/09/2026 18:14:03;;CLIM /;DC09 / R00 / SALA DATI A1/A2;SONDA DP 02 / 02 /;Soglia alta Delta P. sala A12;2;On - Non riconosciuto;Allarme;Sonda DP;SONDA DP 02 02;Soglia alta Delta P. sala A12;On;18:14:03|SONDA DP 02 02;No
19;26/09/2026 18:14:29;;CLIM /;DC09 / R00 / SALA DATI A1/A2;SONDA DP 02 / 02 /;Soglia alta Delta P. sala A12;2;Off - Non riconosciuto;Allarme;Sonda DP;SONDA DP 02 02;Soglia alta Delta P. sala A12;Off;18:14:29|SONDA DP 02 02;No
20;26/09/2026 18:15:23;;CLIM /;DC09 / R00 / SALA DATI A1/A2;SONDA DP 02 / 02 /;Soglia alta Delta P. sala A12;2;On - Non riconosciuto;Allarme;Sonda DP;SONDA DP 02 02;Soglia alta Delta P. sala A12;On;18:15:23|SONDA DP 02 02;No
21;26/09/2026 18:15:39;;CLIM /;DC09 / R00 / SALA DATI A1/A2;SONDA DP 02 / 02 /;Soglia alta Delta P. sala A12;2;Off - Non riconosciuto;Allarme;Sonda DP;SONDA DP 02 02;Soglia alta Delta P. sala A12;Off;18:15:39|SONDA DP 02 02;No
22;26/09/2026 18:15:48;;CLIM /;DC09 / R00 / SALA DATI A1/A2;SONDA DP 02 / 02 /;Soglia alta Delta P. sala A12;2;On - Non riconosciuto;Allarme;Sonda DP;SONDA DP 02 02;Soglia alta Delta P. sala A12;On;18:15:48|SONDA DP 02 02;No
23;26/09/2026 18:15:53;;CLIM /;DC09 / R00 / SALA DATI A1/A2;SONDA DP 02 / 02 /;Soglia alta Delta P. sala A12;2;Off - Non riconosciuto;Allarme;Sonda DP;SONDA DP 02 02;Soglia alta Delta P. sala A12;Off;18:15:53|SONDA DP 02 02;No
24;26/09/2026 18:16:48;;CLIM /;DC09 / R00 / SALA DATI A1/A2;SONDA DP 02 / 02 /;Soglia alta Delta P. sala A12;2;On - Non riconosciuto;Allarme;Sonda DP;SONDA DP 02 02;Soglia alta Delta P. sala A12;On;18:16:48|SONDA DP 02 02;No
25;26/09/2026 18:16:50;;CLIM /;DC09 / R01 / SALA DATI B3;RIO 1 / CORRIDOIO FREDDO 5 / B3-4-7;Controsoffito B3-4.07 - Incongruenza comando-posizione;2;Guasto;Allarme;RIO controsoffitto;RIO 1;Controsoffito B3-4.07 - Incongruenza comando-posizione;Guasto;18:16:50|RIO 1;n/a
26;26/09/2026 18:16:54;;CLIM /;DC09 / R00 / SALA DATI A1/A2;SONDA DP 02 / 02 /;Soglia alta Delta P. sala A12;2;Off - Non riconosciuto;Allarme;Sonda DP;SONDA DP 02 02;Soglia alta Delta P. sala A12;Off;18:16:54|SONDA DP 02 02;No
27;26/09/2026 18:18:48;;CLIM /;DC09 / R01 / SALA DATI B3;RIO 1 / CORRIDOIO FREDDO 5 / B3-4-7;Controsoffito B3-4.07 - Incongruenza comando-posizione;2;Normale;Allarme;RIO controsoffitto;RIO 1;Controsoffito B3-4.07 - Incongruenza comando-posizione;Normale;18:18:48|RIO 1;n/a
28;26/09/2026 18:19:39;;CLIM /;DC09 / R00 / SALA DATI A1/A2;SONDA DP 02 / 02 /;Soglia alta Delta P. sala A12;2;On - Non riconosciuto;Allarme;Sonda DP;SONDA DP 02 02;Soglia alta Delta P. sala A12;On;18:19:39|SONDA DP 02 02;No
29;26/09/2026 18:19:54;;CLIM /;DC09 / R00 / SALA DATI A1/A2;SONDA DP 02 / 02 /;Soglia alta Delta P. sala A12;2;Off - Non riconosciuto;Allarme;Sonda DP;SONDA DP 02 02;Soglia alta Delta P. sala A12;Off;18:19:54|SONDA DP 02 02;No
30;26/09/2026 18:19:59;;CLIM /;DC09 / R00 / SALA DATI A1/A2;SONDA DP 02 / 02 /;Soglia alta Delta P. sala A12;2;On - Non riconosciuto;Allarme;Sonda DP;SONDA DP 02 02;Soglia alta Delta P. sala A12;On;18:19:59|SONDA DP 02 02;No
31;26/09/2026 18:20:44;;CLIM /;DC09 / R00 / SALA DATI A1/A2;SONDA DP 02 / 02 /;Soglia alta Delta P. sala A12;2;Off - Non riconosciuto;Allarme;Sonda DP;SONDA DP 02 02;Soglia alta Delta P. sala A12;Off;18:20:44|SONDA DP 02 02;No
32;26/09/2026 18:21:24;;CLIM /;DC09 / R00 / SALA DATI A1/A2;SONDA DP 02 / 02 /;Soglia alta Delta P. sala A12;2;On - Non riconosciuto;Allarme;Sonda DP;SONDA DP 02 02;Soglia alta Delta P. sala A12;On;18:21:24|SONDA DP 02 02;No
33;26/09/2026 18:21:44;;CLIM /;DC09 / R00 / SALA DATI A1/A2;SONDA DP 02 / 02 /;Soglia alta Delta P. sala A12;2;Off - Non riconosciuto;Allarme;Sonda DP;SONDA DP 02 02;Soglia alta Delta P. sala A12;Off;18:21:44|SONDA DP 02 02;No
34;26/09/2026 18:22:04;;CLIM /;DC09 / R00 / SALA DATI A1/A2;SONDA DP 02 / 02 /;Soglia alta Delta P. sala A12;2;On - Non riconosciuto;Allarme;Sonda DP;SONDA DP 02 02;Soglia alta Delta P. sala A12;On;18:22:04|SONDA DP 02 02;No
35;26/09/2026 18:22:19;;CLIM /;DC09 / R00 / SALA DATI A1/A2;SONDA DP 02 / 02 /;Soglia alta Delta P. sala A12;2;Off - Non riconosciuto;Allarme;Sonda DP;SONDA DP 02 02;Soglia alta Delta P. sala A12;Off;18:22:19|SONDA DP 02 02;No
36;26/09/2026 18:22:30;;CLIM /;DC09 / R00 / SALA DATI A1/A2;SONDA DP 02 / 02 /;Soglia alta Delta P. sala A12;2;On - Non riconosciuto;Allarme;Sonda DP;SONDA DP 02 02;Soglia alta Delta P. sala A12;On;18:22:30|SONDA DP 02 02;No
37;26/09/2026 18:22:40;;CLIM /;DC09 / R00 / SALA DATI A1/A2;SONDA DP 02 / 02 /;Soglia alta Delta P. sala A12;2;Off - Non riconosciuto;Allarme;Sonda DP;SONDA DP 02 02;Soglia alta Delta P. sala A12;Off;18:22:40|SONDA DP 02 02;No
38;26/09/2026 18:22:55;;CLIM /;DC09 / R00 / SALA DATI A1/A2;SONDA DP 02 / 02 /;Soglia alta Delta P. sala A12;2;On - Non riconosciuto;Allarme;Sonda DP;SONDA DP 02 02;Soglia alta Delta P. sala A12;On;18:22:55|SONDA DP 02 02;No
39;26/09/2026 18:23:00;;CLIM /;DC09 / R01 / SALA DATI B3;RIO 1 / CORRIDOIO FREDDO 5 / B3-4-7;Controsoffito B3-4.07 - Incongruenza comando-posizione;2;Guasto;Allarme;RIO controsoffitto;RIO 1;Controsoffito B3-4.07 - Incongruenza comando-posizione;Guasto;18:23:00|RIO 1;n/a
40;26/09/2026 18:23:50;;CLIM /;DC09 / R00 / SALA DATI A1/A2;SONDA DP 02 / 02 /;Soglia alta Delta P. sala A12;2;Off - Non riconosciuto;Allarme;Sonda DP;SONDA DP 02 02;Soglia alta Delta P. sala A12;Off;18:23:50|SONDA DP 02 02;No
41;26/09/2026 18:23:55;;CLIM /;DC09 / R00 / SALA DATI A1/A2;SONDA DP 02 / 02 /;Soglia alta Delta P. sala A12;2;On - Non riconosciuto;Allarme;Sonda DP;SONDA DP 02 02;Soglia alta Delta P. sala A12;On;18:23:55|SONDA DP 02 02;No
42;26/09/2026 18:24:30;;CLIM /;DC09 / R00 / SALA DATI A1/A2;SONDA DP 02 / 02 /;Soglia alta Delta P. sala A12;2;Off - Non riconosciuto;Allarme;Sonda DP;SONDA DP 02 02;Soglia alta Delta P. sala A12;Off;18:24:30|SONDA DP 02 02;No
43;26/09/2026 18:24:35;;CLIM /;DC09 / R00 / SALA DATI A1/A2;SONDA DP 02 / 02 /;Soglia alta Delta P. sala A12;2;On - Non riconosciuto;Allarme;Sonda DP;SONDA DP 02 02;Soglia alta Delta P. sala A12;On;18:24:35|SONDA DP 02 02;No
44;26/09/2026 18:26:02;;CLIM /;DC09 / R02 / Terrazza tecnica;CTA PRO B 1-2 / GENERALE /;Sintesi avvisi (Non Bloccanti);2;Allarme;Allarme;CTA PRO B 1-2;CTA PRO B 1-2 GENERALE;Sintesi avvisi (Non Bloccanti);Allarme;18:26:02|CTA PRO B 1-2 GENERALE;n/a
45;26/09/2026 18:26:02;;CLIM /;DC09 / R02 / Terrazza tecnica;CTA PRO B 1-2 / MANDATA /;Allarme bassa T. mandata;2;Allarme;Allarme;CTA PRO B 1-2;CTA PRO B 1-2 MANDATA;Allarme bassa T. mandata;Allarme;18:26:02|CTA PRO B 1-2 MANDATA;n/a
46;26/09/2026 18:27:51;;CLIM /;DC09 / R02 / Terrazza tecnica;CTA PRO B 1-2 / GENERALE /;Sintesi avvisi (Non Bloccanti);2;Normale;Allarme;CTA PRO B 1-2;CTA PRO B 1-2 GENERALE;Sintesi avvisi (Non Bloccanti);Normale;18:27:51|CTA PRO B 1-2 GENERALE;n/a
47;26/09/2026 18:27:51;;CLIM /;DC09 / R02 / Terrazza tecnica;CTA PRO B 1-2 / MANDATA /;Allarme bassa T. mandata;2;Normale;Allarme;CTA PRO B 1-2;CTA PRO B 1-2 MANDATA;Allarme bassa T. mandata;Normale;18:27:51|CTA PRO B 1-2 MANDATA;n/a
48;26/09/2026 18:34:47;;CLIM /;DC09 / R01 / SALA DATI B3;RIO 1 / CORRIDOIO FREDDO 5 / B3-4-7;Controsoffito B3-4.07 - Incongruenza comando-posizione;2;Normale;Allarme;RIO controsoffitto;RIO 1;Controsoffito B3-4.07 - Incongruenza comando-posizione;Normale;18:34:47|RIO 1;n/a
49;26/09/2026 18:39:10;;CLIM /;DC09 / R01 / SALA DATI A3;RIO 2 / CORRIDOIO FREDDO 1 / A3-1-23;Controsoffito A3-1.23 - Incongruenza comando-posizione;2;Guasto;Allarme;RIO controsoffitto;RIO 2;Controsoffito A3-1.23 - Incongruenza comando-posizione;Guasto;18:39:10|RIO 2;n/a
50;26/09/2026 18:39:26;;CLIM /;DC09 / R01 / SALA DATI A3;RIO 2 / CORRIDOIO FREDDO 1 / A3-1-23;Controsoffito A3-1.23 - Incongruenza comando-posizione;2;Normale;Allarme;RIO controsoffitto;RIO 2;Controsoffito A3-1.23 - Incongruenza comando-posizione;Normale;18:39:26|RIO 2;n/a
51;26/09/2026 18:43:23;;CLIM /;DC09 / R02 / Terrazza tecnica;CTA PRO B 1-2 / GENERALE /;Sintesi avvisi (Non Bloccanti);2;Allarme;Allarme;CTA PRO B 1-2;CTA PRO B 1-2 GENERALE;Sintesi avvisi (Non Bloccanti);Allarme;18:43:23|CTA PRO B 1-2 GENERALE;n/a
52;26/09/2026 18:43:23;;CLIM /;DC09 / R02 / Terrazza tecnica;CTA PRO B 1-2 / MANDATA /;Allarme bassa T. mandata;2;Allarme;Allarme;CTA PRO B 1-2;CTA PRO B 1-2 MANDATA;Allarme bassa T. mandata;Allarme;18:43:23|CTA PRO B 1-2 MANDATA;n/a
53;26/09/2026 18:45:23;;CLIM /;DC09 / R02 / Terrazza tecnica;CTA PRO B 1-2 / GENERALE /;Sintesi avvisi (Non Bloccanti);2;Normale;Allarme;CTA PRO B 1-2;CTA PRO B 1-2 GENERALE;Sintesi avvisi (Non Bloccanti);Normale;18:45:23|CTA PRO B 1-2 GENERALE;n/a
54;26/09/2026 18:45:23;;CLIM /;DC09 / R02 / Terrazza tecnica;CTA PRO B 1-2 / MANDATA /;Allarme bassa T. mandata;2;Normale;Allarme;CTA PRO B 1-2;CTA PRO B 1-2 MANDATA;Allarme bassa T. mandata;Normale;18:45:23|CTA PRO B 1-2 MANDATA;n/a
55;26/09/2026 18:47:01;;CLIM /;DC09 / R01 / SALA DATI B3;RIO 1 / CORRIDOIO FREDDO 5 / B3-4-7;Controsoffito B3-4.07 - Incongruenza comando-posizione;2;Guasto;Allarme;RIO controsoffitto;RIO 1;Controsoffito B3-4.07 - Incongruenza comando-posizione;Guasto;18:47:01|RIO 1;n/a
56;26/09/2026 18:47:31;;CLIM /;DC09 / R01 / SALA DATI B3;RIO 1 / CORRIDOIO FREDDO 5 / B3-4-7;Controsoffito B3-4.07 - Incongruenza comando-posizione;2;Normale;Allarme;RIO controsoffitto;RIO 1;Controsoffito B3-4.07 - Incongruenza comando-posizione;Normale;18:47:31|RIO 1;n/a
57;26/09/2026 18:49:28;;CLIM /;DC09 / R00 / SALA DATI B1;RIO 1 / CORRIDOIO FREDDO 6 / B1-3-2;Controsoffito B1-3.02 - Incongruenza comando-posizione;2;Normale;Allarme;RIO controsoffitto;RIO 1;Controsoffito B1-3.02 - Incongruenza comando-posizione;Normale;18:49:28|RIO 1;n/a
58;26/09/2026 18:51:58;;CLIM /;DC09 / R00 / SALA DATI A1/A2;SONDA DP 02 / 02 /;Soglia alta Delta P. sala A12;2;Off - Non riconosciuto;Allarme;Sonda DP;SONDA DP 02 02;Soglia alta Delta P. sala A12;Off;18:51:58|SONDA DP 02 02;No
59;26/09/2026 18:52:07;;CLIM /;DC09 / R00 / SALA DATI A1/A2;SONDA DP 02 / 02 /;Soglia alta Delta P. sala A12;2;On - Non riconosciuto;Allarme;Sonda DP;SONDA DP 02 02;Soglia alta Delta P. sala A12;On;18:52:07|SONDA DP 02 02;No
60;26/09/2026 18:52:47;;CLIM /;DC09 / R00 / SALA DATI A1/A2;SONDA DP 02 / 02 /;Soglia alta Delta P. sala A12;2;Off - Non riconosciuto;Allarme;Sonda DP;SONDA DP 02 02;Soglia alta Delta P. sala A12;Off;18:52:47|SONDA DP 02 02;No
61;26/09/2026 18:52:57;;CLIM /;DC09 / R00 / SALA DATI A1/A2;SONDA DP 02 / 02 /;Soglia alta Delta P. sala A12;2;On - Non riconosciuto;Allarme;Sonda DP;SONDA DP 02 02;Soglia alta Delta P. sala A12;On;18:52:57|SONDA DP 02 02;No
62;26/09/2026 18:54:12;;CLIM /;DC09 / R00 / SALA DATI A1/A2;SONDA DP 02 / 02 /;Soglia alta Delta P. sala A12;2;Off - Non riconosciuto;Allarme;Sonda DP;SONDA DP 02 02;Soglia alta Delta P. sala A12;Off;18:54:12|SONDA DP 02 02;No
63;26/09/2026 18:54:17;;CLIM /;DC09 / R00 / SALA DATI A1/A2;SONDA DP 02 / 02 /;Soglia alta Delta P. sala A12;2;On - Non riconosciuto;Allarme;Sonda DP;SONDA DP 02 02;Soglia alta Delta P. sala A12;On;18:54:17|SONDA DP 02 02;No
64;26/09/2026 18:54:50;;CLIM /;DC09 / R00 / SALA DATI B1;RIO 1 / CORRIDOIO FREDDO 6 / B1-3-2;Controsoffito B1-3.02 - Incongruenza comando-posizione;2;Guasto;Allarme;RIO controsoffitto;RIO 1;Controsoffito B1-3.02 - Incongruenza comando-posizione;Guasto;18:54:50|RIO 1;n/a
65;26/09/2026 18:59:04;;CLIM /;DC09 / R00 / SALA DATI A1/A2;SONDA DP 02 / 02 /;Soglia alta Delta P. sala A12;2;Off - Non riconosciuto;Allarme;Sonda DP;SONDA DP 02 02;Soglia alta Delta P. sala A12;Off;18:59:04|SONDA DP 02 02;No
66;26/09/2026 18:59:08;;CLIM /;DC09 / R00 / SALA DATI A1/A2;SONDA DP 02 / 02 /;Soglia alta Delta P. sala A12;2;On - Non riconosciuto;Allarme;Sonda DP;SONDA DP 02 02;Soglia alta Delta P. sala A12;On;18:59:08|SONDA DP 02 02;No
67;26/09/2026 18:59:28;;CLIM /;DC09 / R00 / SALA DATI A1/A2;SONDA DP 02 / 02 /;Soglia alta Delta P. sala A12;2;Off - Non riconosciuto;Allarme;Sonda DP;SONDA DP 02 02;Soglia alta Delta P. sala A12;Off;18:59:28|SONDA DP 02 02;No
68;26/09/2026 18:59:37;;CLIM /;DC09 / R00 / SALA DATI B1;RIO 1 / CORRIDOIO FREDDO 6 / B1-3-2;Controsoffito B1-3.02 - Incongruenza comando-posizione;2;Normale;Allarme;RIO controsoffitto;RIO 1;Controsoffito B1-3.02 - Incongruenza comando-posizione;Normale;18:59:37|RIO 1;n/a
69;26/09/2026 18:59:54;;CLIM /;DC09 / R00 / SALA DATI A1/A2;SONDA DP 02 / 02 /;Soglia alta Delta P. sala A12;2;On - Non riconosciuto;Allarme;Sonda DP;SONDA DP 02 02;Soglia alta Delta P. sala A12;On;18:59:54|SONDA DP 02 02;No
70;26/09/2026 19:00:08;;CLIM /;DC09 / R00 / Locale MT F;Regolazione / /;Allarme alta P locale TRAFO F;2;Normale;Allarme;Locale MT F;Regolazione;Allarme alta P locale TRAFO F;Normale;19:00:08|Regolazione;n/a
71;26/09/2026 19:00:34;;CLIM /;DC09 / R00 / SALA DATI A1/A2;SONDA DP 02 / 02 /;Soglia alta Delta P. sala A12;2;Off - Non riconosciuto;Allarme;Sonda DP;SONDA DP 02 02;Soglia alta Delta P. sala A12;Off;19:00:34|SONDA DP 02 02;No
72;26/09/2026 19:00:39;;CLIM /;DC09 / R00 / SALA DATI A1/A2;SONDA DP 02 / 02 /;Soglia alta Delta P. sala A12;2;On - Non riconosciuto;Allarme;Sonda DP;SONDA DP 02 02;Soglia alta Delta P. sala A12;On;19:00:39|SONDA DP 02 02;No
73;26/09/2026 19:01:04;;CLIM /;DC09 / R00 / Locale MT F;Regolazione / /;Allarme alta P locale TRAFO F;2;Guasto;Allarme;Locale MT F;Regolazione;Allarme alta P locale TRAFO F;Guasto;19:01:04|Regolazione;n/a
74;26/09/2026 19:01:05;;CLIM /;DC09 / R02 / Terrazza tecnica;CTA PRO B 1-2 / GENERALE /;Sintesi avvisi (Non Bloccanti);2;Allarme;Allarme;CTA PRO B 1-2;CTA PRO B 1-2 GENERALE;Sintesi avvisi (Non Bloccanti);Allarme;19:01:05|CTA PRO B 1-2 GENERALE;n/a
75;26/09/2026 19:01:05;;CLIM /;DC09 / R02 / Terrazza tecnica;CTA PRO B 1-2 / MANDATA /;Allarme bassa T. mandata;2;Allarme;Allarme;CTA PRO B 1-2;CTA PRO B 1-2 MANDATA;Allarme bassa T. mandata;Allarme;19:01:05|CTA PRO B 1-2 MANDATA;n/a
76;26/09/2026 19:01:59;;CLIM /;DC09 / R00 / SALA DATI A1/A2;SONDA DP 02 / 02 /;Soglia alta Delta P. sala A12;2;Off - Non riconosciuto;Allarme;Sonda DP;SONDA DP 02 02;Soglia alta Delta P. sala A12;Off;19:01:59|SONDA DP 02 02;No
77;26/09/2026 19:02:04;;CLIM /;DC09 / R00 / SALA DATI A1/A2;SONDA DP 02 / 02 /;Soglia alta Delta P. sala A12;2;On - Non riconosciuto;Allarme;Sonda DP;SONDA DP 02 02;Soglia alta Delta P. sala A12;On;19:02:04|SONDA DP 02 02;No
78;26/09/2026 19:02:35;;CLIM /;DC09 / R02 / Terrazza tecnica;CTA PRO B 1-2 / GENERALE /;Sintesi avvisi (Non Bloccanti);2;Normale;Allarme;CTA PRO B 1-2;CTA PRO B 1-2 GENERALE;Sintesi avvisi (Non Bloccanti);Normale;19:02:35|CTA PRO B 1-2 GENERALE;n/a
79;26/09/2026 19:02:35;;CLIM /;DC09 / R02 / Terrazza tecnica;CTA PRO B 1-2 / MANDATA /;Allarme bassa T. mandata;2;Normale;Allarme;CTA PRO B 1-2;CTA PRO B 1-2 MANDATA;Allarme bassa T. mandata;Normale;19:02:35|CTA PRO B 1-2 MANDATA;n/a
80;26/09/2026 19:02:39;;CLIM /;DC09 / R00 / SALA DATI A1/A2;SONDA DP 02 / 02 /;Soglia alta Delta P. sala A12;2;Off - Non riconosciuto;Allarme;Sonda DP;SONDA DP 02 02;Soglia alta Delta P. sala A12;Off;19:02:39|SONDA DP 02 02;No
81;26/09/2026 19:02:50;;CLIM /;DC09 / R00 / SALA DATI A1/A2;SONDA DP 02 / 02 /;Soglia alta Delta P. sala A12;2;On - Non riconosciuto;Allarme;Sonda DP;SONDA DP 02 02;Soglia alta Delta P. sala A12;On;19:02:50|SONDA DP 02 02;No
82;26/09/2026 19:05:10;;CLIM /;DC09 / R01 / SALA DATI B3;RIO 1 / CORRIDOIO FREDDO 5 / B3-4-7;Controsoffito B3-4.07 - Incongruenza comando-posizione;2;Guasto;Allarme;RIO controsoffitto;RIO 1;Controsoffito B3-4.07 - Incongruenza comando-posizione;Guasto;19:05:10|RIO 1;n/a
83;26/09/2026 19:05:18;;CLIM /;DC09 / R01 / SALA DATI B3;RIO 1 / CORRIDOIO FREDDO 5 / B3-4-7;Controsoffito B3-4.07 - Incongruenza comando-posizione;2;Normale;Allarme;RIO controsoffitto;RIO 1;Controsoffito B3-4.07 - Incongruenza comando-posizione;Normale;19:05:18|RIO 1;n/a
84;26/09/2026 19:06:27;;CLIM /;DC09 / R00 / SALA DATI B1;RIO 1 / CORRIDOIO FREDDO 6 / B1-3-2;Controsoffito B1-3.02 - Incongruenza comando-posizione;2;Guasto;Allarme;RIO controsoffitto;RIO 1;Controsoffito B1-3.02 - Incongruenza comando-posizione;Guasto;19:06:27|RIO 1;n/a
85;26/09/2026 19:11:42;;CLIM /;DC09 / R00 / SALA DATI B1;RIO 1 / CORRIDOIO FREDDO 6 / B1-3-2;Controsoffito B1-3.02 - Incongruenza comando-posizione;2;Normale;Allarme;RIO controsoffitto;RIO 1;Controsoffito B1-3.02 - Incongruenza comando-posizione;Normale;19:11:42|RIO 1;n/a
86;26/09/2026 19:13:28;;CLIM /;DC09 / R01 / SALA DATI A3;RIO 2 / CORRIDOIO FREDDO 1 / A3-1-23;Controsoffito A3-1.23 - Incongruenza comando-posizione;2;Guasto;Allarme;RIO controsoffitto;RIO 2;Controsoffito A3-1.23 - Incongruenza comando-posizione;Guasto;19:13:28|RIO 2;n/a
87;26/09/2026 19:13:37;;CLIM /;DC09 / R01 / SALA DATI A3;RIO 2 / CORRIDOIO FREDDO 1 / A3-1-23;Controsoffito A3-1.23 - Incongruenza comando-posizione;2;Normale;Allarme;RIO controsoffitto;RIO 2;Controsoffito A3-1.23 - Incongruenza comando-posizione;Normale;19:13:37|RIO 2;n/a
88;26/09/2026 19:16:30;;CLIM /;DC09 / R00 / SALA DATI B1;RIO 1 / CORRIDOIO FREDDO 6 / B1-3-2;Controsoffito B1-3.02 - Incongruenza comando-posizione;2;Guasto;Allarme;RIO controsoffitto;RIO 1;Controsoffito B1-3.02 - Incongruenza comando-posizione;Guasto;19:16:30|RIO 1;n/a
89;26/09/2026 19:17:57;;CLIM /;DC09 / R02 / Terrazza tecnica;CTA PRO B 1-2 / GENERALE /;Sintesi avvisi (Non Bloccanti);2;Allarme;Allarme;CTA PRO B 1-2;CTA PRO B 1-2 GENERALE;Sintesi avvisi (Non Bloccanti);Allarme;19:17:57|CTA PRO B 1-2 GENERALE;n/a
90;26/09/2026 19:17:57;;CLIM /;DC09 / R02 / Terrazza tecnica;CTA PRO B 1-2 / MANDATA /;Allarme bassa T. mandata;2;Allarme;Allarme;CTA PRO B 1-2;CTA PRO B 1-2 MANDATA;Allarme bassa T. mandata;Allarme;19:17:57|CTA PRO B 1-2 MANDATA;n/a
91;26/09/2026 19:19:07;;CLIM /;DC09 / R00 / SALA DATI B1;RIO 1 / CORRIDOIO FREDDO 6 / B1-3-2;Controsoffito B1-3.02 - Incongruenza comando-posizione;2;Normale;Allarme;RIO controsoffitto;RIO 1;Controsoffito B1-3.02 - Incongruenza comando-posizione;Normale;19:19:07|RIO 1;n/a
92;26/09/2026 19:19:47;;CLIM /;DC09 / R02 / Terrazza tecnica;CTA PRO B 1-2 / GENERALE /;Sintesi avvisi (Non Bloccanti);2;Normale;Allarme;CTA PRO B 1-2;CTA PRO B 1-2 GENERALE;Sintesi avvisi (Non Bloccanti);Normale;19:19:47|CTA PRO B 1-2 GENERALE;n/a
93;26/09/2026 19:19:47;;CLIM /;DC09 / R02 / Terrazza tecnica;CTA PRO B 1-2 / MANDATA /;Allarme bassa T. mandata;2;Normale;Allarme;CTA PRO B 1-2;CTA PRO B 1-2 MANDATA;Allarme bassa T. mandata;Normale;19:19:47|CTA PRO B 1-2 MANDATA;n/a
94;26/09/2026 19:20:54;;CLIM /;DC09 / R00 / SALA DATI A1/A2;SONDA DP 02 / 02 /;Soglia alta Delta P. sala A12;2;Off - Non riconosciuto;Allarme;Sonda DP;SONDA DP 02 02;Soglia alta Delta P. sala A12;Off;19:20:54|SONDA DP 02 02;No
95;26/09/2026 19:20:59;;CLIM /;DC09 / R00 / SALA DATI A1/A2;SONDA DP 02 / 02 /;Soglia alta Delta P. sala A12;2;On - Non riconosciuto;Allarme;Sonda DP;SONDA DP 02 02;Soglia alta Delta P. sala A12;On;19:20:59|SONDA DP 02 02;No
96;26/09/2026 19:21:53;;CLIM /;DC09 / R01 / SALA DATI B3;RIO 1 / CORRIDOIO FREDDO 5 / B3-4-7;Controsoffito B3-4.07 - Incongruenza comando-posizione;2;Guasto;Allarme;RIO controsoffitto;RIO 1;Controsoffito B3-4.07 - Incongruenza comando-posizione;Guasto;19:21:53|RIO 1;n/a
97;26/09/2026 19:21:54;;CLIM /;DC09 / R00 / SALA DATI A1/A2;SONDA DP 02 / 02 /;Soglia alta Delta P. sala A12;2;Off - Non riconosciuto;Allarme;Sonda DP;SONDA DP 02 02;Soglia alta Delta P. sala A12;Off;19:21:54|SONDA DP 02 02;No
98;26/09/2026 19:21:59;;CLIM /;DC09 / R00 / SALA DATI A1/A2;SONDA DP 02 / 02 /;Soglia alta Delta P. sala A12;2;On - Non riconosciuto;Allarme;Sonda DP;SONDA DP 02 02;Soglia alta Delta P. sala A12;On;19:21:59|SONDA DP 02 02;No
99;26/09/2026 19:22:49;;CLIM /;DC09 / R00 / SALA DATI A1/A2;SONDA DP 02 / 02 /;Soglia alta Delta P. sala A12;2;Off - Non riconosciuto;Allarme;Sonda DP;SONDA DP 02 02;Soglia alta Delta P. sala A12;Off;19:22:49|SONDA DP 02 02;No
100;26/09/2026 19:23:04;;CLIM /;DC09 / R00 / SALA DATI A1/A2;SONDA DP 02 / 02 /;Soglia alta Delta P. sala A12;2;On - Non riconosciuto;Allarme;Sonda DP;SONDA DP 02 02;Soglia alta Delta P. sala A12;On;19:23:04|SONDA DP 02 02;No
101;26/09/2026 19:23:09;;CLIM /;DC09 / R00 / SALA DATI A1/A2;SONDA DP 02 / 02 /;Soglia alta Delta P. sala A12;2;Off - Non riconosciuto;Allarme;Sonda DP;SONDA DP 02 02;Soglia alta Delta P. sala A12;Off;19:23:09|SONDA DP 02 02;No
102;26/09/2026 19:23:19;;CLIM /;DC09 / R00 / SALA DATI A1/A2;SONDA DP 02 / 02 /;Soglia alta Delta P. sala A12;2;On - Non riconosciuto;Allarme;Sonda DP;SONDA DP 02 02;Soglia alta Delta P. sala A12;On;19:23:19|SONDA DP 02 02;No
103;26/09/2026 19:23:38;;CLIM /;DC09 / R01 / SALA DATI B3;RIO 1 / CORRIDOIO FREDDO 5 / B3-4-7;Controsoffito B3-4.07 - Incongruenza comando-posizione;2;Normale;Allarme;RIO controsoffitto;RIO 1;Controsoffito B3-4.07 - Incongruenza comando-posizione;Normale;19:23:38|RIO 1;n/a
104;26/09/2026 19:23:45;;CLIM /;DC09 / R00 / SALA DATI A1/A2;SONDA DP 02 / 02 /;Soglia alta Delta P. sala A12;2;Off - Non riconosciuto;Allarme;Sonda DP;SONDA DP 02 02;Soglia alta Delta P. sala A12;Off;19:23:45|SONDA DP 02 02;No
105;26/09/2026 19:23:49;;CLIM /;DC09 / R00 / SALA DATI A1/A2;SONDA DP 02 / 02 /;Soglia alta Delta P. sala A12;2;On - Non riconosciuto;Allarme;Sonda DP;SONDA DP 02 02;Soglia alta Delta P. sala A12;On;19:23:49|SONDA DP 02 02;No
106;26/09/2026 19:23:59;;CLIM /;DC09 / R00 / SALA DATI B1;RIO 1 / CORRIDOIO FREDDO 6 / B1-3-2;Controsoffito B1-3.02 - Incongruenza comando-posizione;2;Guasto;Allarme;RIO controsoffitto;RIO 1;Controsoffito B1-3.02 - Incongruenza comando-posizione;Guasto;19:23:59|RIO 1;n/a
107;26/09/2026 19:24:05;;CLIM /;DC09 / R00 / SALA DATI A1/A2;SONDA DP 02 / 02 /;Soglia alta Delta P. sala A12;2;Off - Non riconosciuto;Allarme;Sonda DP;SONDA DP 02 02;Soglia alta Delta P. sala A12;Off;19:24:05|SONDA DP 02 02;No
108;26/09/2026 19:24:16;;CLIM /;DC09 / R00 / SALA DATI A1/A2;SONDA DP 02 / 02 /;Soglia alta Delta P. sala A12;2;On - Non riconosciuto;Allarme;Sonda DP;SONDA DP 02 02;Soglia alta Delta P. sala A12;On;19:24:16|SONDA DP 02 02;No
109;26/09/2026 19:24:34;;CLIM /;DC09 / R00 / SALA DATI A1/A2;SONDA DP 02 / 02 /;Soglia alta Delta P. sala A12;2;Off - Non riconosciuto;Allarme;Sonda DP;SONDA DP 02 02;Soglia alta Delta P. sala A12;Off;19:24:34|SONDA DP 02 02;No
110;26/09/2026 19:25:15;;CLIM /;DC09 / R00 / SALA DATI A1/A2;SONDA DP 02 / 02 /;Soglia alta Delta P. sala A12;2;On - Non riconosciuto;Allarme;Sonda DP;SONDA DP 02 02;Soglia alta Delta P. sala A12;On;19:25:15|SONDA DP 02 02;No
111;26/09/2026 19:25:25;;CLIM /;DC09 / R00 / SALA DATI A1/A2;SONDA DP 02 / 02 /;Soglia alta Delta P. sala A12;2;Off - Non riconosciuto;Allarme;Sonda DP;SONDA DP 02 02;Soglia alta Delta P. sala A12;Off;19:25:25|SONDA DP 02 02;No
112;26/09/2026 19:30:11;;CLIM /;DC09 / R00 / SALA DATI A1/A2;SONDA DP 02 / 02 /;Soglia alta Delta P. sala A12;2;On - Non riconosciuto;Allarme;Sonda DP;SONDA DP 02 02;Soglia alta Delta P. sala A12;On;19:30:11|SONDA DP 02 02;No
113;26/09/2026 19:30:16;;CLIM /;DC09 / R00 / SALA DATI A1/A2;SONDA DP 02 / 02 /;Soglia alta Delta P. sala A12;2;Off - Non riconosciuto;Allarme;Sonda DP;SONDA DP 02 02;Soglia alta Delta P. sala A12;Off;19:30:16|SONDA DP 02 02;No
114;26/09/2026 19:31:36;;CLIM /;DC09 / R00 / SALA DATI A1/A2;SONDA DP 03 / 03 /;Soglia alta Delta P. sala A12;2;Off - Non riconosciuto;Allarme;Sonda DP;SONDA DP 03 03;Soglia alta Delta P. sala A12;Off;19:31:36|SONDA DP 03 03;No
115;26/09/2026 19:31:46;;CLIM /;DC09 / R00 / SALA DATI A1/A2;SONDA DP 03 / 03 /;Soglia alta Delta P. sala A12;2;On - Non riconosciuto;Allarme;Sonda DP;SONDA DP 03 03;Soglia alta Delta P. sala A12;On;19:31:46|SONDA DP 03 03;No
116;26/09/2026 19:31:48;;CLIM /;DC09 / R01 / SALA DATI A3;RIO 2 / CORRIDOIO FREDDO 1 / A3-1-23;Controsoffito A3-1.23 - Incongruenza comando-posizione;2;Guasto;Allarme;RIO controsoffitto;RIO 2;Controsoffito A3-1.23 - Incongruenza comando-posizione;Guasto;19:31:48|RIO 2;n/a
117;26/09/2026 19:31:56;;CLIM /;DC09 / R00 / SALA DATI A1/A2;SONDA DP 03 / 03 /;Soglia alta Delta P. sala A12;2;Off - Non riconosciuto;Allarme;Sonda DP;SONDA DP 03 03;Soglia alta Delta P. sala A12;Off;19:31:56|SONDA DP 03 03;No
118;26/09/2026 19:32:01;;CLIM /;DC09 / R00 / SALA DATI A1/A2;SONDA DP 03 / 03 /;Soglia alta Delta P. sala A12;2;On - Non riconosciuto;Allarme;Sonda DP;SONDA DP 03 03;Soglia alta Delta P. sala A12;On;19:32:01|SONDA DP 03 03;No
119;26/09/2026 19:32:15;;CLIM /;DC09 / R01 / SALA DATI A3;RIO 2 / CORRIDOIO FREDDO 1 / A3-1-23;Controsoffito A3-1.23 - Incongruenza comando-posizione;2;Normale;Allarme;RIO controsoffitto;RIO 2;Controsoffito A3-1.23 - Incongruenza comando-posizione;Normale;19:32:15|RIO 2;n/a
120;26/09/2026 19:33:18;;CLIM /;DC09 / R00 / SALA DATI A1/A2;SONDA DP 03 / 03 /;Soglia alta Delta P. sala A12;2;Off - Non riconosciuto;Allarme;Sonda DP;SONDA DP 03 03;Soglia alta Delta P. sala A12;Off;19:33:18|SONDA DP 03 03;No
121;26/09/2026 19:33:27;;CLIM /;DC09 / R00 / SALA DATI A1/A2;SONDA DP 03 / 03 /;Soglia alta Delta P. sala A12;2;On - Non riconosciuto;Allarme;Sonda DP;SONDA DP 03 03;Soglia alta Delta P. sala A12;On;19:33:27|SONDA DP 03 03;No
122;26/09/2026 19:34:12;;CLIM /;DC09 / R00 / SALA DATI A1/A2;SONDA DP 03 / 03 /;Soglia alta Delta P. sala A12;2;Off - Non riconosciuto;Allarme;Sonda DP;SONDA DP 03 03;Soglia alta Delta P. sala A12;Off;19:34:12|SONDA DP 03 03;No
123;26/09/2026 19:34:17;;CLIM /;DC09 / R00 / SALA DATI A1/A2;SONDA DP 03 / 03 /;Soglia alta Delta P. sala A12;2;On - Non riconosciuto;Allarme;Sonda DP;SONDA DP 03 03;Soglia alta Delta P. sala A12;On;19:34:17|SONDA DP 03 03;No
124;26/09/2026 19:35:02;;CLIM /;DC09 / R00 / SALA DATI A1/A2;SONDA DP 02 / 02 /;Soglia alta Delta P. sala A12;2;On - Non riconosciuto;Allarme;Sonda DP;SONDA DP 02 02;Soglia alta Delta P. sala A12;On;19:35:02|SONDA DP 02 02;No
125;26/09/2026 19:35:09;;CLIM /;DC09 / R02 / Terrazza tecnica;CTA PRO B 1-2 / GENERALE /;Sintesi avvisi (Non Bloccanti);2;Allarme;Allarme;CTA PRO B 1-2;CTA PRO B 1-2 GENERALE;Sintesi avvisi (Non Bloccanti);Allarme;19:35:09|CTA PRO B 1-2 GENERALE;n/a
126;26/09/2026 19:35:09;;CLIM /;DC09 / R02 / Terrazza tecnica;CTA PRO B 1-2 / MANDATA /;Allarme bassa T. mandata;2;Allarme;Allarme;CTA PRO B 1-2;CTA PRO B 1-2 MANDATA;Allarme bassa T. mandata;Allarme;19:35:09|CTA PRO B 1-2 MANDATA;n/a
127;26/09/2026 19:35:12;;CLIM /;DC09 / R00 / SALA DATI A1/A2;SONDA DP 02 / 02 /;Soglia alta Delta P. sala A12;2;Off - Non riconosciuto;Allarme;Sonda DP;SONDA DP 02 02;Soglia alta Delta P. sala A12;Off;19:35:12|SONDA DP 02 02;No
128;26/09/2026 19:36:59;;CLIM /;DC09 / R02 / Terrazza tecnica;CTA PRO B 1-2 / GENERALE /;Sintesi avvisi (Non Bloccanti);2;Normale;Allarme;CTA PRO B 1-2;CTA PRO B 1-2 GENERALE;Sintesi avvisi (Non Bloccanti);Normale;19:36:59|CTA PRO B 1-2 GENERALE;n/a
129;26/09/2026 19:36:59;;CLIM /;DC09 / R02 / Terrazza tecnica;CTA PRO B 1-2 / MANDATA /;Allarme bassa T. mandata;2;Normale;Allarme;CTA PRO B 1-2;CTA PRO B 1-2 MANDATA;Allarme bassa T. mandata;Normale;19:36:59|CTA PRO B 1-2 MANDATA;n/a
130;26/09/2026 19:37:02;;CLIM /;DC09 / R00 / SALA DATI A1/A2;SONDA DP 03 / 03 /;Soglia alta Delta P. sala A12;2;Off - Non riconosciuto;Allarme;Sonda DP;SONDA DP 03 03;Soglia alta Delta P. sala A12;Off;19:37:02|SONDA DP 03 03;No
131;26/09/2026 19:37:08;;CLIM /;DC09 / R00 / SALA DATI A1/A2;SONDA DP 03 / 03 /;Soglia alta Delta P. sala A12;2;On - Non riconosciuto;Allarme;Sonda DP;SONDA DP 03 03;Soglia alta Delta P. sala A12;On;19:37:08|SONDA DP 03 03;No
132;26/09/2026 19:38:23;;CLIM /;DC09 / R00 / SALA DATI A1/A2;SONDA DP 02 / 02 /;Soglia alta Delta P. sala A12;2;On - Non riconosciuto;Allarme;Sonda DP;SONDA DP 02 02;Soglia alta Delta P. sala A12;On;19:38:23|SONDA DP 02 02;No
133;26/09/2026 19:38:34;;CLIM /;DC09 / R00 / SALA DATI A1/A2;SONDA DP 02 / 02 /;Soglia alta Delta P. sala A12;2;Off - Non riconosciuto;Allarme;Sonda DP;SONDA DP 02 02;Soglia alta Delta P. sala A12;Off;19:38:34|SONDA DP 02 02;No
134;26/09/2026 19:38:48;;CLIM /;DC09 / R00 / SALA DATI A1/A2;SONDA DP 02 / 02 /;Soglia alta Delta P. sala A12;2;On - Non riconosciuto;Allarme;Sonda DP;SONDA DP 02 02;Soglia alta Delta P. sala A12;On;19:38:48|SONDA DP 02 02;No
135;26/09/2026 19:38:58;;CLIM /;DC09 / R00 / SALA DATI A1/A2;SONDA DP 02 / 02 /;Soglia alta Delta P. sala A12;2;Off - Non riconosciuto;Allarme;Sonda DP;SONDA DP 02 02;Soglia alta Delta P. sala A12;Off;19:38:58|SONDA DP 02 02;No
136;26/09/2026 19:39:48;;CLIM /;DC09 / R00 / SALA DATI A1/A2;SONDA DP 02 / 02 /;Soglia alta Delta P. sala A12;2;On - Non riconosciuto;Allarme;Sonda DP;SONDA DP 02 02;Soglia alta Delta P. sala A12;On;19:39:48|SONDA DP 02 02;No
137;26/09/2026 19:39:58;;CLIM /;DC09 / R00 / SALA DATI A2;RIO 1 / CORRIDOIO FREDDO 5 / A2-1-27;Controsoffito A2-1.27 - Incongruenza comando-posizione;2;Normale;Allarme;RIO controsoffitto;RIO 1;Controsoffito A2-1.27 - Incongruenza comando-posizione;Normale;19:39:58|RIO 1;n/a
138;26/09/2026 19:40:03;;CLIM /;DC09 / R00 / SALA DATI A1/A2;SONDA DP 02 / 02 /;Soglia alta Delta P. sala A12;2;Off - Non riconosciuto;Allarme;Sonda DP;SONDA DP 02 02;Soglia alta Delta P. sala A12;Off;19:40:03|SONDA DP 02 02;No
139;26/09/2026 19:40:05;;CLIM /;DC09 / R01 / SALA DATI A3;RIO 2 / CORRIDOIO FREDDO 1 / A3-1-23;Controsoffito A3-1.23 - Incongruenza comando-posizione;2;Guasto;Allarme;RIO controsoffitto;RIO 2;Controsoffito A3-1.23 - Incongruenza comando-posizione;Guasto;19:40:05|RIO 2;n/a
140;26/09/2026 19:40:28;;CLIM /;DC09 / R00 / SALA DATI A1/A2;SONDA DP 02 / 02 /;Soglia alta Delta P. sala A12;2;On - Non riconosciuto;Allarme;Sonda DP;SONDA DP 02 02;Soglia alta Delta P. sala A12;On;19:40:28|SONDA DP 02 02;No
141;26/09/2026 19:40:38;;CLIM /;DC09 / R00 / SALA DATI A1/A2;SONDA DP 02 / 02 /;Soglia alta Delta P. sala A12;2;Off - Non riconosciuto;Allarme;Sonda DP;SONDA DP 02 02;Soglia alta Delta P. sala A12;Off;19:40:38|SONDA DP 02 02;No
142;26/09/2026 19:40:48;;CLIM /;DC09 / R00 / SALA DATI A1/A2;SONDA DP 02 / 02 /;Soglia alta Delta P. sala A12;2;On - Non riconosciuto;Allarme;Sonda DP;SONDA DP 02 02;Soglia alta Delta P. sala A12;On;19:40:48|SONDA DP 02 02;No
143;26/09/2026 19:41:49;;CLIM /;DC09 / R00 / SALA DATI A1/A2;SONDA DP 02 / 02 /;Soglia alta Delta P. sala A12;2;Off - Non riconosciuto;Allarme;Sonda DP;SONDA DP 02 02;Soglia alta Delta P. sala A12;Off;19:41:49|SONDA DP 02 02;No
144;26/09/2026 19:41:53;;CLIM /;DC09 / R00 / SALA DATI A1/A2;SONDA DP 02 / 02 /;Soglia alta Delta P. sala A12;2;On - Non riconosciuto;Allarme;Sonda DP;SONDA DP 02 02;Soglia alta Delta P. sala A12;On;19:41:53|SONDA DP 02 02;No
145;26/09/2026 19:42:24;;CLIM /;DC09 / R00 / SALA DATI A1/A2;SONDA DP 02 / 02 /;Soglia alta Delta P. sala A12;2;Off - Non riconosciuto;Allarme;Sonda DP;SONDA DP 02 02;Soglia alta Delta P. sala A12;Off;19:42:24|SONDA DP 02 02;No
146;26/09/2026 19:42:29;;CLIM /;DC09 / R00 / SALA DATI A1/A2;SONDA DP 02 / 02 /;Soglia alta Delta P. sala A12;2;On - Non riconosciuto;Allarme;Sonda DP;SONDA DP 02 02;Soglia alta Delta P. sala A12;On;19:42:29|SONDA DP 02 02;No
147;26/09/2026 19:43:14;;CLIM /;DC09 / R00 / SALA DATI A1/A2;SONDA DP 02 / 02 /;Soglia alta Delta P. sala A12;2;Off - Non riconosciuto;Allarme;Sonda DP;SONDA DP 02 02;Soglia alta Delta P. sala A12;Off;19:43:14|SONDA DP 02 02;No
148;26/09/2026 19:43:24;;CLIM /;DC09 / R00 / SALA DATI A1/A2;SONDA DP 02 / 02 /;Soglia alta Delta P. sala A12;2;On - Non riconosciuto;Allarme;Sonda DP;SONDA DP 02 02;Soglia alta Delta P. sala A12;On;19:43:24|SONDA DP 02 02;No
149;26/09/2026 19:43:40;;CLIM /;DC09 / R00 / SALA DATI A1/A2;SONDA DP 02 / 02 /;Soglia alta Delta P. sala A12;2;Off - Non riconosciuto;Allarme;Sonda DP;SONDA DP 02 02;Soglia alta Delta P. sala A12;Off;19:43:40|SONDA DP 02 02;No
150;26/09/2026 19:43:44;;CLIM /;DC09 / R00 / SALA DATI A1/A2;SONDA DP 02 / 02 /;Soglia alta Delta P. sala A12;2;On - Non riconosciuto;Allarme;Sonda DP;SONDA DP 02 02;Soglia alta Delta P. sala A12;On;19:43:44|SONDA DP 02 02;No
151;26/09/2026 19:44:11;;CLIM /;DC09 / R00 / SALA DATI A2;RIO 1 / CORRIDOIO FREDDO 5 / A2-1-27;Controsoffito A2-1.27 - Incongruenza comando-posizione;2;Guasto;Allarme;RIO controsoffitto;RIO 1;Controsoffito A2-1.27 - Incongruenza comando-posizione;Guasto;19:44:11|RIO 1;n/a
152;26/09/2026 19:44:44;;CLIM /;DC09 / R00 / SALA DATI A1/A2;SONDA DP 02 / 02 /;Soglia alta Delta P. sala A12;2;Off - Non riconosciuto;Allarme;Sonda DP;SONDA DP 02 02;Soglia alta Delta P. sala A12;Off;19:44:44|SONDA DP 02 02;No
153;26/09/2026 19:44:49;;CLIM /;DC09 / R00 / SALA DATI A1/A2;SONDA DP 02 / 02 /;Soglia alta Delta P. sala A12;2;On - Non riconosciuto;Allarme;Sonda DP;SONDA DP 02 02;Soglia alta Delta P. sala A12;On;19:44:49|SONDA DP 02 02;No
154;26/09/2026 19:51:51;;CLIM /;DC09 / R02 / Terrazza tecnica;CTA PRO B 1-2 / GENERALE /;Sintesi avvisi (Non Bloccanti);2;Allarme;Allarme;CTA PRO B 1-2;CTA PRO B 1-2 GENERALE;Sintesi avvisi (Non Bloccanti);Allarme;19:51:51|CTA PRO B 1-2 GENERALE;n/a
155;26/09/2026 19:51:51;;CLIM /;DC09 / R02 / Terrazza tecnica;CTA PRO B 1-2 / MANDATA /;Allarme bassa T. mandata;2;Allarme;Allarme;CTA PRO B 1-2;CTA PRO B 1-2 MANDATA;Allarme bassa T. mandata;Allarme;19:51:51|CTA PRO B 1-2 MANDATA;n/a
156;26/09/2026 19:52:15;;CLIM /;DC09 / R00 / SALA DATI A2;RIO 1 / CORRIDOIO FREDDO 5 / A2-1-27;Controsoffito A2-1.27 - Incongruenza comando-posizione;2;Normale;Allarme;RIO controsoffitto;RIO 1;Controsoffito A2-1.27 - Incongruenza comando-posizione;Normale;19:52:15|RIO 1;n/a
157;26/09/2026 19:52:41;;CLIM /;DC09 / R01 / SALA DATI A3;RIO 2 / CORRIDOIO FREDDO 1 / A3-1-23;Controsoffito A3-1.23 - Incongruenza comando-posizione;2;Normale;Allarme;RIO controsoffitto;RIO 2;Controsoffito A3-1.23 - Incongruenza comando-posizione;Normale;19:52:41|RIO 2;n/a
158;26/09/2026 19:53:41;;CLIM /;DC09 / R02 / Terrazza tecnica;CTA PRO B 1-2 / GENERALE /;Sintesi avvisi (Non Bloccanti);2;Normale;Allarme;CTA PRO B 1-2;CTA PRO B 1-2 GENERALE;Sintesi avvisi (Non Bloccanti);Normale;19:53:41|CTA PRO B 1-2 GENERALE;n/a
159;26/09/2026 19:53:41;;CLIM /;DC09 / R02 / Terrazza tecnica;CTA PRO B 1-2 / MANDATA /;Allarme bassa T. mandata;2;Normale;Allarme;CTA PRO B 1-2;CTA PRO B 1-2 MANDATA;Allarme bassa T. mandata;Normale;19:53:41|CTA PRO B 1-2 MANDATA;n/a
160;26/09/2026 19:56:28;;CLIM /;DC09 / R00 / SALA DATI A2;RIO 1 / CORRIDOIO FREDDO 5 / A2-1-27;Controsoffito A2-1.27 - Incongruenza comando-posizione;2;Guasto;Allarme;RIO controsoffitto;RIO 1;Controsoffito A2-1.27 - Incongruenza comando-posizione;Guasto;19:56:28|RIO 1;n/a
161;26/09/2026 19:58:41;;CLIM /;DC09 / R01 / SALA DATI A3;RIO 2 / CORRIDOIO FREDDO 1 / A3-1-23;Controsoffito A3-1.23 - Incongruenza comando-posizione;2;Guasto;Allarme;RIO controsoffitto;RIO 2;Controsoffito A3-1.23 - Incongruenza comando-posizione;Guasto;19:58:41|RIO 2;n/a
162;26/09/2026 20:01:03;;CLIM /;DC09 / R01 / SALA DATI A3;RIO 2 / CORRIDOIO FREDDO 1 / A3-1-23;Controsoffito A3-1.23 - Incongruenza comando-posizione;2;Normale;Allarme;RIO controsoffitto;RIO 2;Controsoffito A3-1.23 - Incongruenza comando-posizione;Normale;20:01:03|RIO 2;n/a
163;26/09/2026 20:06:21;;CLIM /;DC09 / R01 / SALA DATI A3;RIO 2 / CORRIDOIO FREDDO 1 / A3-1-23;Controsoffito A3-1.23 - Incongruenza comando-posizione;2;Guasto;Allarme;RIO controsoffitto;RIO 2;Controsoffito A3-1.23 - Incongruenza comando-posizione;Guasto;20:06:21|RIO 2;n/a
164;26/09/2026 20:08:54;;CLIM /;DC09 / R02 / Terrazza tecnica;CTA PRO B 1-2 / GENERALE /;Sintesi avvisi (Non Bloccanti);2;Allarme;Allarme;CTA PRO B 1-2;CTA PRO B 1-2 GENERALE;Sintesi avvisi (Non Bloccanti);Allarme;20:08:54|CTA PRO B 1-2 GENERALE;n/a
165;26/09/2026 20:08:54;;CLIM /;DC09 / R02 / Terrazza tecnica;CTA PRO B 1-2 / MANDATA /;Allarme bassa T. mandata;2;Allarme;Allarme;CTA PRO B 1-2;CTA PRO B 1-2 MANDATA;Allarme bassa T. mandata;Allarme;20:08:54|CTA PRO B 1-2 MANDATA;n/a
166;26/09/2026 20:09:03;;CLIM /;DC09 / R01 / SALA DATI A3;RIO 2 / CORRIDOIO FREDDO 1 / A3-1-23;Controsoffito A3-1.23 - Incongruenza comando-posizione;2;Normale;Allarme;RIO controsoffitto;RIO 2;Controsoffito A3-1.23 - Incongruenza comando-posizione;Normale;20:09:03|RIO 2;n/a
167;26/09/2026 20:09:05;;CLIM /;DC09 / R00 / SALA DATI A1/A2;SONDA DP 02 / 02 /;Soglia alta Delta P. sala A12;2;Off - Non riconosciuto;Allarme;Sonda DP;SONDA DP 02 02;Soglia alta Delta P. sala A12;Off;20:09:05|SONDA DP 02 02;No
168;26/09/2026 20:09:10;;CLIM /;DC09 / R00 / SALA DATI A1/A2;SONDA DP 02 / 02 /;Soglia alta Delta P. sala A12;2;On - Non riconosciuto;Allarme;Sonda DP;SONDA DP 02 02;Soglia alta Delta P. sala A12;On;20:09:10|SONDA DP 02 02;No
169;26/09/2026 20:10:23;;CLIM /;DC09 / R02 / Terrazza tecnica;CTA PRO B 1-2 / GENERALE /;Sintesi avvisi (Non Bloccanti);2;Normale;Allarme;CTA PRO B 1-2;CTA PRO B 1-2 GENERALE;Sintesi avvisi (Non Bloccanti);Normale;20:10:23|CTA PRO B 1-2 GENERALE;n/a
170;26/09/2026 20:10:23;;CLIM /;DC09 / R02 / Terrazza tecnica;CTA PRO B 1-2 / MANDATA /;Allarme bassa T. mandata;2;Normale;Allarme;CTA PRO B 1-2;CTA PRO B 1-2 MANDATA;Allarme bassa T. mandata;Normale;20:10:23|CTA PRO B 1-2 MANDATA;n/a
171;26/09/2026 20:13:56;;CLIM /;DC09 / R00 / SALA DATI A1/A2;SONDA DP 02 / 02 /;Soglia alta Delta P. sala A12;2;Off - Non riconosciuto;Allarme;Sonda DP;SONDA DP 02 02;Soglia alta Delta P. sala A12;Off;20:13:56|SONDA DP 02 02;No
172;26/09/2026 20:14:01;;CLIM /;DC09 / R00 / SALA DATI A1/A2;SONDA DP 02 / 02 /;Soglia alta Delta P. sala A12;2;On - Non riconosciuto;Allarme;Sonda DP;SONDA DP 02 02;Soglia alta Delta P. sala A12;On;20:14:01|SONDA DP 02 02;No
173;26/09/2026 20:14:47;;CLIM /;DC09 / R00 / SALA DATI A1/A2;SONDA DP 02 / 02 /;Soglia alta Delta P. sala A12;2;Off - Non riconosciuto;Allarme;Sonda DP;SONDA DP 02 02;Soglia alta Delta P. sala A12;Off;20:14:47|SONDA DP 02 02;No
174;26/09/2026 20:14:52;;CLIM /;DC09 / R00 / SALA DATI A1/A2;SONDA DP 02 / 02 /;Soglia alta Delta P. sala A12;2;On - Non riconosciuto;Allarme;Sonda DP;SONDA DP 02 02;Soglia alta Delta P. sala A12;On;20:14:52|SONDA DP 02 02;No
175;26/09/2026 20:16:22;;CLIM /;DC09 / R00 / SALA DATI A1/A2;SONDA DP 02 / 02 /;Soglia alta Delta P. sala A12;2;Off - Non riconosciuto;Allarme;Sonda DP;SONDA DP 02 02;Soglia alta Delta P. sala A12;Off;20:16:22|SONDA DP 02 02;No
176;26/09/2026 20:16:32;;CLIM /;DC09 / R00 / SALA DATI A1/A2;SONDA DP 02 / 02 /;Soglia alta Delta P. sala A12;2;On - Non riconosciuto;Allarme;Sonda DP;SONDA DP 02 02;Soglia alta Delta P. sala A12;On;20:16:32|SONDA DP 02 02;No
177;26/09/2026 20:17:04;;CLIM /;DC09 / R01 / SALA DATI B3/B4;Federatore IT / SONDA 32 / 32;Preallarme bassa T. corridoio freddo 4 sonda 32;3;Guasto;Allarme;Federatore IT sonda;Federatore IT;Preallarme bassa T. corridoio freddo 4 sonda 32;Guasto;20:17:04|Federatore IT;n/a
178;26/09/2026 20:17:07;;CLIM /;DC09 / R00 / SALA DATI A1/A2;SONDA DP 02 / 02 /;Soglia alta Delta P. sala A12;2;Off - Non riconosciuto;Allarme;Sonda DP;SONDA DP 02 02;Soglia alta Delta P. sala A12;Off;20:17:07|SONDA DP 02 02;No
179;26/09/2026 20:17:12;;CLIM /;DC09 / R00 / SALA DATI A1/A2;SONDA DP 02 / 02 /;Soglia alta Delta P. sala A12;2;On - Non riconosciuto;Allarme;Sonda DP;SONDA DP 02 02;Soglia alta Delta P. sala A12;On;20:17:12|SONDA DP 02 02;No
180;26/09/2026 20:18:07;;CLIM /;DC09 / R00 / SALA DATI A1/A2;SONDA DP 02 / 02 /;Soglia alta Delta P. sala A12;2;Off - Non riconosciuto;Allarme;Sonda DP;SONDA DP 02 02;Soglia alta Delta P. sala A12;Off;20:18:07|SONDA DP 02 02;No
181;26/09/2026 20:18:09;;CLIM /;DC09 / R01 / SALA DATI B3/B4;Federatore IT / SONDA 31 / 31;Allarme bassa T. corridoio freddo 4 sonda 31;0;Guasto;Allarme;Federatore IT sonda;Federatore IT;Allarme bassa T. corridoio freddo 4 sonda 31;Guasto;20:18:09|Federatore IT;n/a
182;26/09/2026 20:18:12;;CLIM /;DC09 / R00 / SALA DATI A1/A2;SONDA DP 02 / 02 /;Soglia alta Delta P. sala A12;2;On - Non riconosciuto;Allarme;Sonda DP;SONDA DP 02 02;Soglia alta Delta P. sala A12;On;20:18:12|SONDA DP 02 02;No
183;26/09/2026 20:19:08;;CLIM /;DC09 / R00 / SALA DATI A1/A2;SONDA DP 02 / 02 /;Soglia alta Delta P. sala A12;2;Off - Non riconosciuto;Allarme;Sonda DP;SONDA DP 02 02;Soglia alta Delta P. sala A12;Off;20:19:08|SONDA DP 02 02;No
184;26/09/2026 20:19:13;;CLIM /;DC09 / R00 / SALA DATI A1/A2;SONDA DP 02 / 02 /;Soglia alta Delta P. sala A12;2;On - Non riconosciuto;Allarme;Sonda DP;SONDA DP 02 02;Soglia alta Delta P. sala A12;On;20:19:13|SONDA DP 02 02;No
185;26/09/2026 20:19:14;;CLIM /;DC09 / R01 / SALA DATI B3/B4;Federatore IT / SONDA 31 / 31;Allarme bassa T. corridoio freddo 4 sonda 31;0;Normale;Allarme;Federatore IT sonda;Federatore IT;Allarme bassa T. corridoio freddo 4 sonda 31;Normale;20:19:14|Federatore IT;n/a
186;26/09/2026 20:19:19;;CLIM /;DC09 / R00 / SALA DATI A1/A2;SONDA DP 02 / 02 /;Soglia alta Delta P. sala A12;2;Off - Non riconosciuto;Allarme;Sonda DP;SONDA DP 02 02;Soglia alta Delta P. sala A12;Off;20:19:19|SONDA DP 02 02;No
187;26/09/2026 20:19:33;;CLIM /;DC09 / R00 / SALA DATI A1/A2;SONDA DP 02 / 02 /;Soglia alta Delta P. sala A12;2;On - Non riconosciuto;Allarme;Sonda DP;SONDA DP 02 02;Soglia alta Delta P. sala A12;On;20:19:33|SONDA DP 02 02;No
188;26/09/2026 20:19:34;;CLIM /;DC09 / R01 / SALA DATI B3/B4;Federatore IT / SONDA 31 / 31;Allarme bassa T. corridoio freddo 4 sonda 31;0;Guasto;Allarme;Federatore IT sonda;Federatore IT;Allarme bassa T. corridoio freddo 4 sonda 31;Guasto;20:19:34|Federatore IT;n/a
189;26/09/2026 20:19:53;;CLIM /;DC09 / R00 / SALA DATI A1/A2;SONDA DP 02 / 02 /;Soglia alta Delta P. sala A12;2;Off - Non riconosciuto;Allarme;Sonda DP;SONDA DP 02 02;Soglia alta Delta P. sala A12;Off;20:19:53|SONDA DP 02 02;No
190;26/09/2026 20:19:58;;CLIM /;DC09 / R00 / SALA DATI A1/A2;SONDA DP 02 / 02 /;Soglia alta Delta P. sala A12;2;On - Non riconosciuto;Allarme;Sonda DP;SONDA DP 02 02;Soglia alta Delta P. sala A12;On;20:19:58|SONDA DP 02 02;No
191;26/09/2026 20:20:08;;CLIM /;DC09 / R00 / SALA DATI A1/A2;SONDA DP 02 / 02 /;Soglia alta Delta P. sala A12;2;Off - Non riconosciuto;Allarme;Sonda DP;SONDA DP 02 02;Soglia alta Delta P. sala A12;Off;20:20:08|SONDA DP 02 02;No
192;26/09/2026 20:20:13;;CLIM /;DC09 / R00 / SALA DATI A1/A2;SONDA DP 02 / 02 /;Soglia alta Delta P. sala A12;2;On - Non riconosciuto;Allarme;Sonda DP;SONDA DP 02 02;Soglia alta Delta P. sala A12;On;20:20:13|SONDA DP 02 02;No
193;26/09/2026 20:21:18;;CLIM /;DC09 / R00 / SALA DATI A1/A2;SONDA DP 02 / 02 /;Soglia alta Delta P. sala A12;2;Off - Non riconosciuto;Allarme;Sonda DP;SONDA DP 02 02;Soglia alta Delta P. sala A12;Off;20:21:18|SONDA DP 02 02;No
194;26/09/2026 20:21:53;;CLIM /;DC09 / R00 / SALA DATI A1/A2;SONDA DP 02 / 02 /;Soglia alta Delta P. sala A12;2;On - Non riconosciuto;Allarme;Sonda DP;SONDA DP 02 02;Soglia alta Delta P. sala A12;On;20:21:53|SONDA DP 02 02;No
195;26/09/2026 20:21:58;;CLIM /;DC09 / R00 / SALA DATI A1/A2;SONDA DP 02 / 02 /;Soglia alta Delta P. sala A12;2;Off - Non riconosciuto;Allarme;Sonda DP;SONDA DP 02 02;Soglia alta Delta P. sala A12;Off;20:21:58|SONDA DP 02 02;No
196;26/09/2026 20:22:03;;CLIM /;DC09 / R00 / SALA DATI A1/A2;SONDA DP 02 / 02 /;Soglia alta Delta P. sala A12;2;On - Non riconosciuto;Allarme;Sonda DP;SONDA DP 02 02;Soglia alta Delta P. sala A12;On;20:22:03|SONDA DP 02 02;No
197;26/09/2026 20:22:53;;CLIM /;DC09 / R00 / SALA DATI A1/A2;SONDA DP 02 / 02 /;Soglia alta Delta P. sala A12;2;Off - Non riconosciuto;Allarme;Sonda DP;SONDA DP 02 02;Soglia alta Delta P. sala A12;Off;20:22:53|SONDA DP 02 02;No
198;26/09/2026 20:22:58;;CLIM /;DC09 / R00 / SALA DATI A1/A2;SONDA DP 02 / 02 /;Soglia alta Delta P. sala A12;2;On - Non riconosciuto;Allarme;Sonda DP;SONDA DP 02 02;Soglia alta Delta P. sala A12;On;20:22:58|SONDA DP 02 02;No
199;26/09/2026 20:23:03;;CLIM /;DC09 / R00 / SALA DATI A1/A2;SONDA DP 02 / 02 /;Soglia alta Delta P. sala A12;2;Off - Non riconosciuto;Allarme;Sonda DP;SONDA DP 02 02;Soglia alta Delta P. sala A12;Off;20:23:03|SONDA DP 02 02;No
200;26/09/2026 20:23:19;;CLIM /;DC09 / R00 / SALA DATI A1/A2;SONDA DP 02 / 02 /;Soglia alta Delta P. sala A12;2;On - Non riconosciuto;Allarme;Sonda DP;SONDA DP 02 02;Soglia alta Delta P. sala A12;On;20:23:19|SONDA DP 02 02;No
201;26/09/2026 20:23:34;;CLIM /;DC09 / R00 / SALA DATI A1/A2;SONDA DP 02 / 02 /;Soglia alta Delta P. sala A12;2;Off - Non riconosciuto;Allarme;Sonda DP;SONDA DP 02 02;Soglia alta Delta P. sala A12;Off;20:23:34|SONDA DP 02 02;No
202;26/09/2026 20:24:05;;CLIM /;DC09 / R00 / SALA DATI A1/A2;SONDA DP 02 / 02 /;Soglia alta Delta P. sala A12;2;On - Non riconosciuto;Allarme;Sonda DP;SONDA DP 02 02;Soglia alta Delta P. sala A12;On;20:24:05|SONDA DP 02 02;No
203;26/09/2026 20:24:14;;CLIM /;DC09 / R00 / SALA DATI A1/A2;SONDA DP 02 / 02 /;Soglia alta Delta P. sala A12;2;Off - Non riconosciuto;Allarme;Sonda DP;SONDA DP 02 02;Soglia alta Delta P. sala A12;Off;20:24:14|SONDA DP 02 02;No
204;26/09/2026 20:25:25;;CLIM /;DC09 / R02 / Terrazza tecnica;CTA PRO B 1-2 / GENERALE /;Sintesi avvisi (Non Bloccanti);2;Allarme;Allarme;CTA PRO B 1-2;CTA PRO B 1-2 GENERALE;Sintesi avvisi (Non Bloccanti);Allarme;20:25:25|CTA PRO B 1-2 GENERALE;n/a
205;26/09/2026 20:25:25;;CLIM /;DC09 / R02 / Terrazza tecnica;CTA PRO B 1-2 / MANDATA /;Allarme bassa T. mandata;2;Allarme;Allarme;CTA PRO B 1-2;CTA PRO B 1-2 MANDATA;Allarme bassa T. mandata;Allarme;20:25:25|CTA PRO B 1-2 MANDATA;n/a
206;26/09/2026 20:25:29;;CLIM /;DC09 / R01 / SALA DATI A3;RIO 2 / CORRIDOIO FREDDO 1 / A3-1-23;Controsoffito A3-1.23 - Incongruenza comando-posizione;2;Guasto;Allarme;RIO controsoffitto;RIO 2;Controsoffito A3-1.23 - Incongruenza comando-posizione;Guasto;20:25:29|RIO 2;n/a
207;26/09/2026 20:25:54;;CLIM /;DC09 / R00 / SALA DATI A1/A2;SONDA DP 02 / 02 /;Soglia alta Delta P. sala A12;2;On - Non riconosciuto;Allarme;Sonda DP;SONDA DP 02 02;Soglia alta Delta P. sala A12;On;20:25:54|SONDA DP 02 02;No
208;26/09/2026 20:26:10;;CLIM /;DC09 / R00 / SALA DATI A1/A2;SONDA DP 02 / 02 /;Soglia alta Delta P. sala A12;2;Off - Non riconosciuto;Allarme;Sonda DP;SONDA DP 02 02;Soglia alta Delta P. sala A12;Off;20:26:10|SONDA DP 02 02;No
209;26/09/2026 20:26:24;;CLIM /;DC09 / R00 / SALA DATI A1/A2;SONDA DP 02 / 02 /;Soglia alta Delta P. sala A12;2;On - Non riconosciuto;Allarme;Sonda DP;SONDA DP 02 02;Soglia alta Delta P. sala A12;On;20:26:24|SONDA DP 02 02;No
210;26/09/2026 20:26:29;;CLIM /;DC09 / R00 / SALA DATI A1/A2;SONDA DP 02 / 02 /;Soglia alta Delta P. sala A12;2;Off - Non riconosciuto;Allarme;Sonda DP;SONDA DP 02 02;Soglia alta Delta P. sala A12;Off;20:26:29|SONDA DP 02 02;No
211;26/09/2026 20:27:05;;CLIM /;DC09 / R00 / SALA DATI A1/A2;SONDA DP 02 / 02 /;Soglia alta Delta P. sala A12;2;On - Non riconosciuto;Allarme;Sonda DP;SONDA DP 02 02;Soglia alta Delta P. sala A12;On;20:27:05|SONDA DP 02 02;No
212;26/09/2026 20:27:06;;CLIM /;DC09 / R02 / Terrazza tecnica;CTA PRO B 1-2 / GENERALE /;Sintesi avvisi (Non Bloccanti);2;Normale;Allarme;CTA PRO B 1-2;CTA PRO B 1-2 GENERALE;Sintesi avvisi (Non Bloccanti);Normale;20:27:06|CTA PRO B 1-2 GENERALE;n/a
213;26/09/2026 20:27:06;;CLIM /;DC09 / R02 / Terrazza tecnica;CTA PRO B 1-2 / MANDATA /;Allarme bassa T. mandata;2;Normale;Allarme;CTA PRO B 1-2;CTA PRO B 1-2 MANDATA;Allarme bassa T. mandata;Normale;20:27:06|CTA PRO B 1-2 MANDATA;n/a
214;26/09/2026 20:27:15;;CLIM /;DC09 / R00 / SALA DATI A1/A2;SONDA DP 02 / 02 /;Soglia alta Delta P. sala A12;2;Off - Non riconosciuto;Allarme;Sonda DP;SONDA DP 02 02;Soglia alta Delta P. sala A12;Off;20:27:15|SONDA DP 02 02;No
215;26/09/2026 20:27:35;;CLIM /;DC09 / R00 / SALA DATI A1/A2;SONDA DP 02 / 02 /;Soglia alta Delta P. sala A12;2;On - Non riconosciuto;Allarme;Sonda DP;SONDA DP 02 02;Soglia alta Delta P. sala A12;On;20:27:35|SONDA DP 02 02;No
216;26/09/2026 20:27:50;;CLIM /;DC09 / R00 / SALA DATI A1/A2;SONDA DP 02 / 02 /;Soglia alta Delta P. sala A12;2;Off - Non riconosciuto;Allarme;Sonda DP;SONDA DP 02 02;Soglia alta Delta P. sala A12;Off;20:27:50|SONDA DP 02 02;No
217;26/09/2026 20:27:55;;CLIM /;DC09 / R00 / SALA DATI A1/A2;SONDA DP 02 / 02 /;Soglia alta Delta P. sala A12;2;On - Non riconosciuto;Allarme;Sonda DP;SONDA DP 02 02;Soglia alta Delta P. sala A12;On;20:27:55|SONDA DP 02 02;No
218;26/09/2026 20:28:10;;CLIM /;DC09 / R00 / SALA DATI A1/A2;SONDA DP 02 / 02 /;Soglia alta Delta P. sala A12;2;Off - Non riconosciuto;Allarme;Sonda DP;SONDA DP 02 02;Soglia alta Delta P. sala A12;Off;20:28:10|SONDA DP 02 02;No
219;26/09/2026 20:28:37;;CLIM /;DC09 / R00 / SALA DATI A1/A2;SONDA DP 02 / 02 /;Soglia alta Delta P. sala A12;2;On - Non riconosciuto;Allarme;Sonda DP;SONDA DP 02 02;Soglia alta Delta P. sala A12;On;20:28:37|SONDA DP 02 02;No
220;26/09/2026 20:33:30;;CLIM /;DC09 / R01 / SALA DATI A3;RIO 2 / CORRIDOIO FREDDO 1 / A3-1-23;Controsoffito A3-1.23 - Incongruenza comando-posizione;2;Normale;Allarme;RIO controsoffitto;RIO 2;Controsoffito A3-1.23 - Incongruenza comando-posizione;Normale;20:33:30|RIO 2;n/a
221;26/09/2026 20:35:54;;CLIM /;DC09 / R01 / SALA DATI B3/B4;Federatore IT / SONDA 31 / 31;Allarme bassa T. corridoio freddo 4 sonda 31;0;Normale;Allarme;Federatore IT sonda;Federatore IT;Allarme bassa T. corridoio freddo 4 sonda 31;Normale;20:35:54|Federatore IT;n/a
222;26/09/2026 20:36:19;;CLIM /;DC09 / R01 / SALA DATI B3/B4;Federatore IT / SONDA 31 / 31;Allarme bassa T. corridoio freddo 4 sonda 31;0;Guasto;Allarme;Federatore IT sonda;Federatore IT;Allarme bassa T. corridoio freddo 4 sonda 31;Guasto;20:36:19|Federatore IT;n/a
223;26/09/2026 20:36:19;;CLIM /;DC09 / R01 / SALA DATI B3/B4;Federatore IT / SONDA 32 / 32;Preallarme bassa T. corridoio freddo 4 sonda 32;3;Normale;Allarme;Federatore IT sonda;Federatore IT;Preallarme bassa T. corridoio freddo 4 sonda 32;Normale;20:36:19|Federatore IT;n/a
224;26/09/2026 20:36:39;;CLIM /;DC09 / R01 / SALA DATI B3/B4;Federatore IT / SONDA 32 / 32;Preallarme bassa T. corridoio freddo 4 sonda 32;3;Guasto;Allarme;Federatore IT sonda;Federatore IT;Preallarme bassa T. corridoio freddo 4 sonda 32;Guasto;20:36:39|Federatore IT;n/a
225;26/09/2026 20:37:42;;CLIM /;DC09 / R01 / SALA DATI A3;RIO 2 / CORRIDOIO FREDDO 1 / A3-1-23;Controsoffito A3-1.23 - Incongruenza comando-posizione;2;Guasto;Allarme;RIO controsoffitto;RIO 2;Controsoffito A3-1.23 - Incongruenza comando-posizione;Guasto;20:37:42|RIO 2;n/a
226;26/09/2026 20:39:09;;CLIM /;DC09 / R01 / SALA DATI B3/B4;Federatore IT / SONDA 31 / 31;Allarme bassa T. corridoio freddo 4 sonda 31;0;Normale;Allarme;Federatore IT sonda;Federatore IT;Allarme bassa T. corridoio freddo 4 sonda 31;Normale;20:39:09|Federatore IT;n/a
227;26/09/2026 20:39:34;;CLIM /;DC09 / R01 / SALA DATI B3/B4;Federatore IT / SONDA 32 / 32;Preallarme bassa T. corridoio freddo 4 sonda 32;3;Normale;Allarme;Federatore IT sonda;Federatore IT;Preallarme bassa T. corridoio freddo 4 sonda 32;Normale;20:39:34|Federatore IT;n/a
228;26/09/2026 20:39:53;;CLIM /;DC09 / R00 / SALA DATI A1/A2;SONDA DP 02 / 02 /;Soglia alta Delta P. sala A12;2;Off - Non riconosciuto;Allarme;Sonda DP;SONDA DP 02 02;Soglia alta Delta P. sala A12;Off;20:39:53|SONDA DP 02 02;No
229;26/09/2026 20:39:58;;CLIM /;DC09 / R00 / SALA DATI A1/A2;SONDA DP 02 / 02 /;Soglia alta Delta P. sala A12;2;On - Non riconosciuto;Allarme;Sonda DP;SONDA DP 02 02;Soglia alta Delta P. sala A12;On;20:39:58|SONDA DP 02 02;No
230;26/09/2026 20:40:15;;CLIM /;DC09 / R01 / SALA DATI B3/B4;Federatore IT / SONDA 31 / 31;Allarme bassa T. corridoio freddo 4 sonda 31;0;Guasto;Allarme;Federatore IT sonda;Federatore IT;Allarme bassa T. corridoio freddo 4 sonda 31;Guasto;20:40:15|Federatore IT;n/a
231;26/09/2026 20:40:15;;CLIM /;DC09 / R01 / SALA DATI B3/B4;Federatore IT / SONDA 32 / 32;Preallarme bassa T. corridoio freddo 4 sonda 32;3;Guasto;Allarme;Federatore IT sonda;Federatore IT;Preallarme bassa T. corridoio freddo 4 sonda 32;Guasto;20:40:15|Federatore IT;n/a
232;26/09/2026 20:40:38;;CLIM /;DC09 / R00 / SALA DATI B1;RIO 1 / CORRIDOIO FREDDO 6 / B1-3-2;Controsoffito B1-3.02 - Incongruenza comando-posizione;2;Normale;Allarme;RIO controsoffitto;RIO 1;Controsoffito B1-3.02 - Incongruenza comando-posizione;Normale;20:40:38|RIO 1;n/a
233;26/09/2026 20:40:48;;CLIM /;DC09 / R01 / SALA DATI A3;RIO 2 / CORRIDOIO FREDDO 1 / A3-1-23;Controsoffito A3-1.23 - Incongruenza comando-posizione;2;Normale;Allarme;RIO controsoffitto;RIO 2;Controsoffito A3-1.23 - Incongruenza comando-posizione;Normale;20:40:48|RIO 2;n/a
234;26/09/2026 20:42:17;;CLIM /;DC09 / R02 / Terrazza tecnica;CTA PRO B 1-2 / GENERALE /;Sintesi avvisi (Non Bloccanti);2;Allarme;Allarme;CTA PRO B 1-2;CTA PRO B 1-2 GENERALE;Sintesi avvisi (Non Bloccanti);Allarme;20:42:17|CTA PRO B 1-2 GENERALE;n/a
235;26/09/2026 20:42:17;;CLIM /;DC09 / R02 / Terrazza tecnica;CTA PRO B 1-2 / MANDATA /;Allarme bassa T. mandata;2;Allarme;Allarme;CTA PRO B 1-2;CTA PRO B 1-2 MANDATA;Allarme bassa T. mandata;Allarme;20:42:17|CTA PRO B 1-2 MANDATA;n/a
236;26/09/2026 20:42:18;;CLIM /;DC09 / R00 / SALA DATI A1/A2;SONDA DP 02 / 02 /;Soglia alta Delta P. sala A12;2;Off - Non riconosciuto;Allarme;Sonda DP;SONDA DP 02 02;Soglia alta Delta P. sala A12;Off;20:42:18|SONDA DP 02 02;No
237;26/09/2026 20:42:23;;CLIM /;DC09 / R00 / SALA DATI A1/A2;SONDA DP 02 / 02 /;Soglia alta Delta P. sala A12;2;On - Non riconosciuto;Allarme;Sonda DP;SONDA DP 02 02;Soglia alta Delta P. sala A12;On;20:42:23|SONDA DP 02 02;No
238;26/09/2026 20:42:25;;CLIM /;DC09 / R01 / SALA DATI B3/B4;Federatore IT / SONDA 31 / 31;Allarme bassa T. corridoio freddo 4 sonda 31;0;Normale;Allarme;Federatore IT sonda;Federatore IT;Allarme bassa T. corridoio freddo 4 sonda 31;Normale;20:42:25|Federatore IT;n/a
239;26/09/2026 20:42:30;;CLIM /;DC09 / R01 / SALA DATI B3/B4;Federatore IT / SONDA 32 / 32;Preallarme bassa T. corridoio freddo 4 sonda 32;3;Normale;Allarme;Federatore IT sonda;Federatore IT;Preallarme bassa T. corridoio freddo 4 sonda 32;Normale;20:42:30|Federatore IT;n/a
240;26/09/2026 20:42:50;;CLIM /;DC09 / R01 / SALA DATI B3/B4;Federatore IT / SONDA 31 / 31;Allarme bassa T. corridoio freddo 4 sonda 31;0;Guasto;Allarme;Federatore IT sonda;Federatore IT;Allarme bassa T. corridoio freddo 4 sonda 31;Guasto;20:42:50|Federatore IT;n/a
241;26/09/2026 20:42:52;;CLIM /;DC09 / R00 / SALA DATI A2;RIO 1 / CORRIDOIO FREDDO 5 / A2-1-27;Controsoffito A2-1.27 - Incongruenza comando-posizione;2;Normale;Allarme;RIO controsoffitto;RIO 1;Controsoffito A2-1.27 - Incongruenza comando-posizione;Normale;20:42:52|RIO 1;n/a
242;26/09/2026 20:42:57;;CLIM /;DC09 / R00 / SALA DATI A2;RIO 1 / CORRIDOIO FREDDO 7 / A2-3-22;Controsoffito A2-3.22 - Incongruenza comando-posizione;2;Normale;Allarme;RIO controsoffitto;RIO 1;Controsoffito A2-3.22 - Incongruenza comando-posizione;Normale;20:42:57|RIO 1;n/a
243;26/09/2026 20:43:10;;CLIM /;DC09 / R01 / SALA DATI B3/B4;Federatore IT / SONDA 31 / 31;Allarme bassa T. corridoio freddo 4 sonda 31;0;Normale;Allarme;Federatore IT sonda;Federatore IT;Allarme bassa T. corridoio freddo 4 sonda 31;Normale;20:43:10|Federatore IT;n/a
244;26/09/2026 20:43:35;;CLIM /;DC09 / R01 / SALA DATI B3/B4;Federatore IT / SONDA 31 / 31;Allarme bassa T. corridoio freddo 4 sonda 31;0;Guasto;Allarme;Federatore IT sonda;Federatore IT;Allarme bassa T. corridoio freddo 4 sonda 31;Guasto;20:43:35|Federatore IT;n/a
245;26/09/2026 20:43:35;;CLIM /;DC09 / R01 / SALA DATI B3/B4;Federatore IT / SONDA 32 / 32;Preallarme bassa T. corridoio freddo 4 sonda 32;3;Guasto;Allarme;Federatore IT sonda;Federatore IT;Preallarme bassa T. corridoio freddo 4 sonda 32;Guasto;20:43:35|Federatore IT;n/a
246;26/09/2026 20:43:38;;CLIM /;DC09 / R02 / Terrazza tecnica;CTA PRO B 1-2 / GENERALE /;Sintesi avvisi (Non Bloccanti);2;Normale;Allarme;CTA PRO B 1-2;CTA PRO B 1-2 GENERALE;Sintesi avvisi (Non Bloccanti);Normale;20:43:38|CTA PRO B 1-2 GENERALE;n/a
247;26/09/2026 20:43:38;;CLIM /;DC09 / R02 / Terrazza tecnica;CTA PRO B 1-2 / MANDATA /;Allarme bassa T. mandata;2;Normale;Allarme;CTA PRO B 1-2;CTA PRO B 1-2 MANDATA;Allarme bassa T. mandata;Normale;20:43:38|CTA PRO B 1-2 MANDATA;n/a
248;26/09/2026 20:43:55;;CLIM /;DC09 / R01 / SALA DATI B3/B4;Federatore IT / SONDA 31 / 31;Allarme bassa T. corridoio freddo 4 sonda 31;0;Normale;Allarme;Federatore IT sonda;Federatore IT;Allarme bassa T. corridoio freddo 4 sonda 31;Normale;20:43:55|Federatore IT;n/a
249;26/09/2026 20:43:55;;CLIM /;DC09 / R01 / SALA DATI B3/B4;Federatore IT / SONDA 32 / 32;Preallarme bassa T. corridoio freddo 4 sonda 32;3;Normale;Allarme;Federatore IT sonda;Federatore IT;Preallarme bassa T. corridoio freddo 4 sonda 32;Normale;20:43:55|Federatore IT;n/a
250;26/09/2026 20:44:15;;CLIM /;DC09 / R01 / SALA DATI B3/B4;Federatore IT / SONDA 31 / 31;Allarme bassa T. corridoio freddo 4 sonda 31;0;Guasto;Allarme;Federatore IT sonda;Federatore IT;Allarme bassa T. corridoio freddo 4 sonda 31;Guasto;20:44:15|Federatore IT;n/a
251;26/09/2026 20:44:15;;CLIM /;DC09 / R01 / SALA DATI B3/B4;Federatore IT / SONDA 32 / 32;Preallarme bassa T. corridoio freddo 4 sonda 32;3;Guasto;Allarme;Federatore IT sonda;Federatore IT;Preallarme bassa T. corridoio freddo 4 sonda 32;Guasto;20:44:15|Federatore IT;n/a
252;26/09/2026 20:44:59;;CLIM /;DC09 / R01 / SALA DATI A3;RIO 2 / CORRIDOIO FREDDO 1 / A3-1-23;Controsoffito A3-1.23 - Incongruenza comando-posizione;2;Guasto;Allarme;RIO controsoffitto;RIO 2;Controsoffito A3-1.23 - Incongruenza comando-posizione;Guasto;20:44:59|RIO 2;n/a
253;26/09/2026 20:45:03;;CLIM /;DC09 / R00 / SALA DATI B1;RIO 1 / CORRIDOIO FREDDO 6 / B1-3-2;Controsoffito B1-3.02 - Incongruenza comando-posizione;2;Guasto;Allarme;RIO controsoffitto;RIO 1;Controsoffito B1-3.02 - Incongruenza comando-posizione;Guasto;20:45:03|RIO 1;n/a
254;26/09/2026 20:45:46;;CLIM /;DC09 / R01 / SALA DATI B3/B4;Federatore IT / SONDA 31 / 31;Allarme bassa T. corridoio freddo 4 sonda 31;0;Normale;Allarme;Federatore IT sonda;Federatore IT;Allarme bassa T. corridoio freddo 4 sonda 31;Normale;20:45:46|Federatore IT;n/a
255;26/09/2026 20:45:46;;CLIM /;DC09 / R01 / SALA DATI B3/B4;Federatore IT / SONDA 32 / 32;Preallarme bassa T. corridoio freddo 4 sonda 32;3;Normale;Allarme;Federatore IT sonda;Federatore IT;Preallarme bassa T. corridoio freddo 4 sonda 32;Normale;20:45:46|Federatore IT;n/a
256;26/09/2026 20:47:11;;CLIM /;DC09 / R00 / SALA DATI A2;RIO 1 / CORRIDOIO FREDDO 7 / A2-3-22;Controsoffito A2-3.22 - Incongruenza comando-posizione;2;Guasto;Allarme;RIO controsoffitto;RIO 1;Controsoffito A2-3.22 - Incongruenza comando-posizione;Guasto;20:47:11|RIO 1;n/a
257;26/09/2026 20:47:11;;CLIM /;DC09 / R01 / SALA DATI B3/B4;Federatore IT / SONDA 32 / 32;Preallarme bassa T. corridoio freddo 4 sonda 32;3;Guasto;Allarme;Federatore IT sonda;Federatore IT;Preallarme bassa T. corridoio freddo 4 sonda 32;Guasto;20:47:11|Federatore IT;n/a
258;26/09/2026 20:47:22;;CLIM /;DC09 / R01 / SALA DATI A3;RIO 2 / CORRIDOIO FREDDO 1 / A3-1-23;Controsoffito A3-1.23 - Incongruenza comando-posizione;2;Normale;Allarme;RIO controsoffitto;RIO 2;Controsoffito A3-1.23 - Incongruenza comando-posizione;Normale;20:47:22|RIO 2;n/a
259;26/09/2026 20:47:31;;CLIM /;DC09 / R01 / SALA DATI B3/B4;Federatore IT / SONDA 31 / 31;Allarme bassa T. corridoio freddo 4 sonda 31;0;Guasto;Allarme;Federatore IT sonda;Federatore IT;Allarme bassa T. corridoio freddo 4 sonda 31;Guasto;20:47:31|Federatore IT;n/a
260;26/09/2026 20:48:26;;CLIM /;DC09 / R00 / SALA DATI A2;RIO 1 / CORRIDOIO FREDDO 5 / A2-1-27;Controsoffito A2-1.27 - Incongruenza comando-posizione;2;Guasto;Allarme;RIO controsoffitto;RIO 1;Controsoffito A2-1.27 - Incongruenza comando-posizione;Guasto;20:48:26|RIO 1;n/a
261;26/09/2026 20:49:03;;CLIM /;DC09 / R01 / SALA DATI B3/B4;Federatore IT / SONDA 31 / 31;Allarme bassa T. corridoio freddo 4 sonda 31;0;Normale;Allarme;Federatore IT sonda;Federatore IT;Allarme bassa T. corridoio freddo 4 sonda 31;Normale;20:49:03|Federatore IT;n/a
262;26/09/2026 20:49:42;;CLIM /;DC09 / R01 / SALA DATI B3/B4;Federatore IT / SONDA 31 / 31;Allarme bassa T. corridoio freddo 4 sonda 31;0;Guasto;Allarme;Federatore IT sonda;Federatore IT;Allarme bassa T. corridoio freddo 4 sonda 31;Guasto;20:49:42|Federatore IT;n/a
263;26/09/2026 20:50:10;;CLIM /;DC09 / R00 / SALA DATI A1/A2;SONDA DP 02 / 02 /;Soglia alta Delta P. sala A12;2;Off - Non riconosciuto;Allarme;Sonda DP;SONDA DP 02 02;Soglia alta Delta P. sala A12;Off;20:50:10|SONDA DP 02 02;No
264;26/09/2026 20:50:15;;CLIM /;DC09 / R00 / SALA DATI A1/A2;SONDA DP 02 / 02 /;Soglia alta Delta P. sala A12;2;On - Non riconosciuto;Allarme;Sonda DP;SONDA DP 02 02;Soglia alta Delta P. sala A12;On;20:50:15|SONDA DP 02 02;No
265;26/09/2026 20:50:21;;CLIM /;DC09 / R00 / SALA DATI A1/A2;SONDA DP 02 / 02 /;Soglia alta Delta P. sala A12;2;Off - Non riconosciuto;Allarme;Sonda DP;SONDA DP 02 02;Soglia alta Delta P. sala A12;Off;20:50:21|SONDA DP 02 02;No
266;26/09/2026 20:50:26;;CLIM /;DC09 / R00 / SALA DATI A1/A2;SONDA DP 02 / 02 /;Soglia alta Delta P. sala A12;2;On - Non riconosciuto;Allarme;Sonda DP;SONDA DP 02 02;Soglia alta Delta P. sala A12;On;20:50:26|SONDA DP 02 02;No
267;26/09/2026 20:51:10;;CLIM /;DC09 / R00 / SALA DATI A1/A2;SONDA DP 02 / 02 /;Soglia alta Delta P. sala A12;2;Off - Non riconosciuto;Allarme;Sonda DP;SONDA DP 02 02;Soglia alta Delta P. sala A12;Off;20:51:10|SONDA DP 02 02;No
268;26/09/2026 20:51:17;;CLIM /;DC09 / R00 / SALA DATI A1/A2;SONDA DP 02 / 02 /;Soglia alta Delta P. sala A12;2;On - Non riconosciuto;Allarme;Sonda DP;SONDA DP 02 02;Soglia alta Delta P. sala A12;On;20:51:17|SONDA DP 02 02;No
269;26/09/2026 20:51:33;;CLIM /;DC09 / R01 / SALA DATI A3;RIO 2 / CORRIDOIO FREDDO 1 / A3-1-23;Controsoffito A3-1.23 - Incongruenza comando-posizione;2;Guasto;Allarme;RIO controsoffitto;RIO 2;Controsoffito A3-1.23 - Incongruenza comando-posizione;Guasto;20:51:33|RIO 2;n/a
270;26/09/2026 20:51:35;;CLIM /;DC09 / R00 / SALA DATI A1/A2;SONDA DP 02 / 02 /;Soglia alta Delta P. sala A12;2;Off - Non riconosciuto;Allarme;Sonda DP;SONDA DP 02 02;Soglia alta Delta P. sala A12;Off;20:51:35|SONDA DP 02 02;No
271;26/09/2026 20:51:40;;CLIM /;DC09 / R00 / SALA DATI A1/A2;SONDA DP 02 / 02 /;Soglia alta Delta P. sala A12;2;On - Non riconosciuto;Allarme;Sonda DP;SONDA DP 02 02;Soglia alta Delta P. sala A12;On;20:51:40|SONDA DP 02 02;No
272;26/09/2026 20:52:51;;CLIM /;DC09 / R00 / SALA DATI A1/A2;SONDA DP 02 / 02 /;Soglia alta Delta P. sala A12;2;Off - Non riconosciuto;Allarme;Sonda DP;SONDA DP 02 02;Soglia alta Delta P. sala A12;Off;20:52:51|SONDA DP 02 02;No
273;26/09/2026 20:52:55;;CLIM /;DC09 / R00 / SALA DATI A1/A2;SONDA DP 02 / 02 /;Soglia alta Delta P. sala A12;2;On - Non riconosciuto;Allarme;Sonda DP;SONDA DP 02 02;Soglia alta Delta P. sala A12;On;20:52:55|SONDA DP 02 02;No
274;26/09/2026 20:53:02;;CLIM /;DC09 / R01 / SALA DATI B3/B4;Federatore IT / SONDA 31 / 31;Allarme bassa T. corridoio freddo 4 sonda 31;0;Normale;Allarme;Federatore IT sonda;Federatore IT;Allarme bassa T. corridoio freddo 4 sonda 31;Normale;20:53:02|Federatore IT;n/a
275;26/09/2026 20:54:01;;CLIM /;DC09 / R00 / SALA DATI A1/A2;SONDA DP 02 / 02 /;Soglia alta Delta P. sala A12;2;Off - Non riconosciuto;Allarme;Sonda DP;SONDA DP 02 02;Soglia alta Delta P. sala A12;Off;20:54:01|SONDA DP 02 02;No
276;26/09/2026 20:54:03;;CLIM /;DC09 / R01 / SALA DATI B3/B4;Federatore IT / SONDA 31 / 31;Allarme bassa T. corridoio freddo 4 sonda 31;0;Guasto;Allarme;Federatore IT sonda;Federatore IT;Allarme bassa T. corridoio freddo 4 sonda 31;Guasto;20:54:03|Federatore IT;n/a
277;26/09/2026 20:54:08;;CLIM /;DC09 / R01 / SALA DATI B3/B4;Federatore IT / SONDA 32 / 32;Preallarme bassa T. corridoio freddo 4 sonda 32;3;Normale;Allarme;Federatore IT sonda;Federatore IT;Preallarme bassa T. corridoio freddo 4 sonda 32;Normale;20:54:08|Federatore IT;n/a
278;26/09/2026 20:54:28;;CLIM /;DC09 / R01 / SALA DATI B3/B4;Federatore IT / SONDA 32 / 32;Preallarme bassa T. corridoio freddo 4 sonda 32;3;Guasto;Allarme;Federatore IT sonda;Federatore IT;Preallarme bassa T. corridoio freddo 4 sonda 32;Guasto;20:54:28|Federatore IT;n/a
279;26/09/2026 20:54:31;;CLIM /;DC09 / R00 / SALA DATI A1/A2;SONDA DP 02 / 02 /;Soglia alta Delta P. sala A12;2;On - Non riconosciuto;Allarme;Sonda DP;SONDA DP 02 02;Soglia alta Delta P. sala A12;On;20:54:31|SONDA DP 02 02;No
280;26/09/2026 20:54:41;;CLIM /;DC09 / R00 / SALA DATI A1/A2;SONDA DP 02 / 02 /;Soglia alta Delta P. sala A12;2;Off - Non riconosciuto;Allarme;Sonda DP;SONDA DP 02 02;Soglia alta Delta P. sala A12;Off;20:54:41|SONDA DP 02 02;No
281;26/09/2026 20:54:51;;CLIM /;DC09 / R00 / SALA DATI A1/A2;SONDA DP 02 / 02 /;Soglia alta Delta P. sala A12;2;On - Non riconosciuto;Allarme;Sonda DP;SONDA DP 02 02;Soglia alta Delta P. sala A12;On;20:54:51|SONDA DP 02 02;No
282;26/09/2026 20:55:01;;CLIM /;DC09 / R00 / SALA DATI A1/A2;SONDA DP 02 / 02 /;Soglia alta Delta P. sala A12;2;Off - Non riconosciuto;Allarme;Sonda DP;SONDA DP 02 02;Soglia alta Delta P. sala A12;Off;20:55:01|SONDA DP 02 02;No
283;26/09/2026 20:56:17;;CLIM /;DC09 / R00 / SALA DATI A1/A2;SONDA DP 02 / 02 /;Soglia alta Delta P. sala A12;2;On - Non riconosciuto;Allarme;Sonda DP;SONDA DP 02 02;Soglia alta Delta P. sala A12;On;20:56:17|SONDA DP 02 02;No
284;26/09/2026 20:56:26;;CLIM /;DC09 / R00 / SALA DATI A1/A2;SONDA DP 02 / 02 /;Soglia alta Delta P. sala A12;2;Off - Non riconosciuto;Allarme;Sonda DP;SONDA DP 02 02;Soglia alta Delta P. sala A12;Off;20:56:26|SONDA DP 02 02;No
285;26/09/2026 20:56:57;;CLIM /;DC09 / R00 / SALA DATI A1/A2;SONDA DP 02 / 02 /;Soglia alta Delta P. sala A12;2;On - Non riconosciuto;Allarme;Sonda DP;SONDA DP 02 02;Soglia alta Delta P. sala A12;On;20:56:57|SONDA DP 02 02;No
286;26/09/2026 20:57:07;;CLIM /;DC09 / R00 / SALA DATI A1/A2;SONDA DP 02 / 02 /;Soglia alta Delta P. sala A12;2;Off - Non riconosciuto;Allarme;Sonda DP;SONDA DP 02 02;Soglia alta Delta P. sala A12;Off;20:57:07|SONDA DP 02 02;No
287;26/09/2026 20:57:22;;CLIM /;DC09 / R00 / SALA DATI A1/A2;SONDA DP 03 / 03 /;Soglia alta Delta P. sala A12;2;Off - Non riconosciuto;Allarme;Sonda DP;SONDA DP 03 03;Soglia alta Delta P. sala A12;Off;20:57:22|SONDA DP 03 03;No
288;26/09/2026 20:57:32;;CLIM /;DC09 / R00 / SALA DATI A1/A2;SONDA DP 03 / 03 /;Soglia alta Delta P. sala A12;2;On - Non riconosciuto;Allarme;Sonda DP;SONDA DP 03 03;Soglia alta Delta P. sala A12;On;20:57:32|SONDA DP 03 03;No
289;26/09/2026 20:57:52;;CLIM /;DC09 / R00 / SALA DATI A1/A2;SONDA DP 03 / 03 /;Soglia alta Delta P. sala A12;2;Off - Non riconosciuto;Allarme;Sonda DP;SONDA DP 03 03;Soglia alta Delta P. sala A12;Off;20:57:52|SONDA DP 03 03;No
290;26/09/2026 20:57:57;;CLIM /;DC09 / R00 / SALA DATI A1/A2;SONDA DP 03 / 03 /;Soglia alta Delta P. sala A12;2;On - Non riconosciuto;Allarme;Sonda DP;SONDA DP 03 03;Soglia alta Delta P. sala A12;On;20:57:57|SONDA DP 03 03;No
291;26/09/2026 20:58:00;;CLIM /;DC09 / R02 / Terrazza tecnica;CTA PRO B 1-2 / GENERALE /;Sintesi avvisi (Non Bloccanti);2;Allarme;Allarme;CTA PRO B 1-2;CTA PRO B 1-2 GENERALE;Sintesi avvisi (Non Bloccanti);Allarme;20:58:00|CTA PRO B 1-2 GENERALE;n/a
292;26/09/2026 20:58:00;;CLIM /;DC09 / R02 / Terrazza tecnica;CTA PRO B 1-2 / MANDATA /;Allarme bassa T. mandata;2;Allarme;Allarme;CTA PRO B 1-2;CTA PRO B 1-2 MANDATA;Allarme bassa T. mandata;Allarme;20:58:00|CTA PRO B 1-2 MANDATA;n/a
293;26/09/2026 20:58:22;;CLIM /;DC09 / R00 / SALA DATI A1/A2;SONDA DP 03 / 03 /;Soglia alta Delta P. sala A12;2;Off - Non riconosciuto;Allarme;Sonda DP;SONDA DP 03 03;Soglia alta Delta P. sala A12;Off;20:58:22|SONDA DP 03 03;No
294;26/09/2026 20:58:42;;CLIM /;DC09 / R00 / SALA DATI A1/A2;SONDA DP 03 / 03 /;Soglia alta Delta P. sala A12;2;On - Non riconosciuto;Allarme;Sonda DP;SONDA DP 03 03;Soglia alta Delta P. sala A12;On;20:58:42|SONDA DP 03 03;No
295;26/09/2026 20:58:47;;CLIM /;DC09 / R00 / SALA DATI A1/A2;SONDA DP 03 / 03 /;Soglia alta Delta P. sala A12;2;Off - Non riconosciuto;Allarme;Sonda DP;SONDA DP 03 03;Soglia alta Delta P. sala A12;Off;20:58:47|SONDA DP 03 03;No
296;26/09/2026 20:59:09;;CLIM /;DC09 / R01 / SALA DATI B3/B4;Federatore IT / SONDA 31 / 31;Allarme bassa T. corridoio freddo 4 sonda 31;0;Normale;Allarme;Federatore IT sonda;Federatore IT;Allarme bassa T. corridoio freddo 4 sonda 31;Normale;20:59:09|Federatore IT;n/a
297;26/09/2026 20:59:12;;CLIM /;DC09 / R00 / SALA DATI A1/A2;SONDA DP 03 / 03 /;Soglia alta Delta P. sala A12;2;On - Non riconosciuto;Allarme;Sonda DP;SONDA DP 03 03;Soglia alta Delta P. sala A12;On;20:59:12|SONDA DP 03 03;No
298;26/09/2026 20:59:23;;CLIM /;DC09 / R00 / SALA DATI A1/A2;SONDA DP 03 / 03 /;Soglia alta Delta P. sala A12;2;Off - Non riconosciuto;Allarme;Sonda DP;SONDA DP 03 03;Soglia alta Delta P. sala A12;Off;20:59:23|SONDA DP 03 03;No
299;26/09/2026 20:59:29;;CLIM /;DC09 / R02 / Terrazza tecnica;CTA PRO B 1-2 / GENERALE /;Sintesi avvisi (Non Bloccanti);2;Normale;Allarme;CTA PRO B 1-2;CTA PRO B 1-2 GENERALE;Sintesi avvisi (Non Bloccanti);Normale;20:59:29|CTA PRO B 1-2 GENERALE;n/a
300;26/09/2026 20:59:29;;CLIM /;DC09 / R02 / Terrazza tecnica;CTA PRO B 1-2 / MANDATA /;Allarme bassa T. mandata;2;Normale;Allarme;CTA PRO B 1-2;CTA PRO B 1-2 MANDATA;Allarme bassa T. mandata;Normale;20:59:29|CTA PRO B 1-2 MANDATA;n/a
301;26/09/2026 20:59:32;;CLIM /;DC09 / R00 / SALA DATI A1/A2;SONDA DP 03 / 03 /;Soglia alta Delta P. sala A12;2;On - Non riconosciuto;Allarme;Sonda DP;SONDA DP 03 03;Soglia alta Delta P. sala A12;On;20:59:32|SONDA DP 03 03;No
302;26/09/2026 20:59:34;;CLIM /;DC09 / R01 / SALA DATI B3/B4;Federatore IT / SONDA 32 / 32;Preallarme bassa T. corridoio freddo 4 sonda 32;3;Normale;Allarme;Federatore IT sonda;Federatore IT;Preallarme bassa T. corridoio freddo 4 sonda 32;Normale;20:59:34|Federatore IT;n/a
303;26/09/2026 20:59:37;;CLIM /;DC09 / R00 / SALA DATI A1/A2;SONDA DP 03 / 03 /;Soglia alta Delta P. sala A12;2;Off - Non riconosciuto;Allarme;Sonda DP;SONDA DP 03 03;Soglia alta Delta P. sala A12;Off;20:59:37|SONDA DP 03 03;No
304;26/09/2026 20:59:53;;CLIM /;DC09 / R00 / SALA DATI A1/A2;SONDA DP 03 / 03 /;Soglia alta Delta P. sala A12;2;On - Non riconosciuto;Allarme;Sonda DP;SONDA DP 03 03;Soglia alta Delta P. sala A12;On;20:59:53|SONDA DP 03 03;No
305;26/09/2026 20:59:54;;CLIM /;DC09 / R01 / SALA DATI B3/B4;Federatore IT / SONDA 31 / 31;Allarme bassa T. corridoio freddo 4 sonda 31;0;Guasto;Allarme;Federatore IT sonda;Federatore IT;Allarme bassa T. corridoio freddo 4 sonda 31;Guasto;20:59:54|Federatore IT;n/a
306;26/09/2026 20:59:54;;CLIM /;DC09 / R01 / SALA DATI B3/B4;Federatore IT / SONDA 32 / 32;Preallarme bassa T. corridoio freddo 4 sonda 32;3;Guasto;Allarme;Federatore IT sonda;Federatore IT;Preallarme bassa T. corridoio freddo 4 sonda 32;Guasto;20:59:54|Federatore IT;n/a
307;26/09/2026 20:59:57;;CLIM /;DC09 / R00 / SALA DATI A1/A2;SONDA DP 03 / 03 /;Soglia alta Delta P. sala A12;2;Off - Non riconosciuto;Allarme;Sonda DP;SONDA DP 03 03;Soglia alta Delta P. sala A12;Off;20:59:57|SONDA DP 03 03;No
308;26/09/2026 21:00:07;;CLIM /;DC09 / R00 / SALA DATI A1/A2;SONDA DP 03 / 03 /;Soglia alta Delta P. sala A12;2;On - Non riconosciuto;Allarme;Sonda DP;SONDA DP 03 03;Soglia alta Delta P. sala A12;On;21:00:07|SONDA DP 03 03;No
309;26/09/2026 21:00:23;;CLIM /;DC09 / R00 / SALA DATI A1/A2;SONDA DP 03 / 03 /;Soglia alta Delta P. sala A12;2;Off - Non riconosciuto;Allarme;Sonda DP;SONDA DP 03 03;Soglia alta Delta P. sala A12;Off;21:00:23|SONDA DP 03 03;No
310;26/09/2026 21:00:33;;CLIM /;DC09 / R00 / SALA DATI A1/A2;SONDA DP 03 / 03 /;Soglia alta Delta P. sala A12;2;On - Non riconosciuto;Allarme;Sonda DP;SONDA DP 03 03;Soglia alta Delta P. sala A12;On;21:00:33|SONDA DP 03 03;No
311;26/09/2026 21:00:43;;CLIM /;DC09 / R00 / SALA DATI A1/A2;SONDA DP 03 / 03 /;Soglia alta Delta P. sala A12;2;Off - Non riconosciuto;Allarme;Sonda DP;SONDA DP 03 03;Soglia alta Delta P. sala A12;Off;21:00:43|SONDA DP 03 03;No
312;26/09/2026 21:00:58;;CLIM /;DC09 / R00 / SALA DATI A1/A2;SONDA DP 03 / 03 /;Soglia alta Delta P. sala A12;2;On - Non riconosciuto;Allarme;Sonda DP;SONDA DP 03 03;Soglia alta Delta P. sala A12;On;21:00:58|SONDA DP 03 03;No
313;26/09/2026 21:01:08;;CLIM /;DC09 / R00 / SALA DATI A1/A2;SONDA DP 03 / 03 /;Soglia alta Delta P. sala A12;2;Off - Non riconosciuto;Allarme;Sonda DP;SONDA DP 03 03;Soglia alta Delta P. sala A12;Off;21:01:08|SONDA DP 03 03;No
314;26/09/2026 21:01:18;;CLIM /;DC09 / R00 / SALA DATI A1/A2;SONDA DP 03 / 03 /;Soglia alta Delta P. sala A12;2;On - Non riconosciuto;Allarme;Sonda DP;SONDA DP 03 03;Soglia alta Delta P. sala A12;On;21:01:18|SONDA DP 03 03;No
315;26/09/2026 21:01:43;;CLIM /;DC09 / R00 / SALA DATI A1/A2;SONDA DP 03 / 03 /;Soglia alta Delta P. sala A12;2;Off - Non riconosciuto;Allarme;Sonda DP;SONDA DP 03 03;Soglia alta Delta P. sala A12;Off;21:01:43|SONDA DP 03 03;No
316;26/09/2026 21:01:53;;CLIM /;DC09 / R00 / SALA DATI A1/A2;SONDA DP 03 / 03 /;Soglia alta Delta P. sala A12;2;On - Non riconosciuto;Allarme;Sonda DP;SONDA DP 03 03;Soglia alta Delta P. sala A12;On;21:01:53|SONDA DP 03 03;No
317;26/09/2026 21:02:03;;CLIM /;DC09 / R00 / SALA DATI A1/A2;SONDA DP 03 / 03 /;Soglia alta Delta P. sala A12;2;Off - Non riconosciuto;Allarme;Sonda DP;SONDA DP 03 03;Soglia alta Delta P. sala A12;Off;21:02:03|SONDA DP 03 03;No
318;26/09/2026 21:02:09;;CLIM /;DC09 / R00 / SALA DATI A1/A2;SONDA DP 03 / 03 /;Soglia alta Delta P. sala A12;2;On - Non riconosciuto;Allarme;Sonda DP;SONDA DP 03 03;Soglia alta Delta P. sala A12;On;21:02:09|SONDA DP 03 03;No
319;26/09/2026 21:02:13;;CLIM /;DC09 / R00 / SALA DATI A1/A2;SONDA DP 03 / 03 /;Soglia alta Delta P. sala A12;2;Off - Non riconosciuto;Allarme;Sonda DP;SONDA DP 03 03;Soglia alta Delta P. sala A12;Off;21:02:13|SONDA DP 03 03;No
320;26/09/2026 21:02:38;;CLIM /;DC09 / R00 / SALA DATI A1/A2;SONDA DP 03 / 03 /;Soglia alta Delta P. sala A12;2;On - Non riconosciuto;Allarme;Sonda DP;SONDA DP 03 03;Soglia alta Delta P. sala A12;On;21:02:38|SONDA DP 03 03;No
321;26/09/2026 21:02:48;;CLIM /;DC09 / R00 / SALA DATI A1/A2;SONDA DP 03 / 03 /;Soglia alta Delta P. sala A12;2;Off - Non riconosciuto;Allarme;Sonda DP;SONDA DP 03 03;Soglia alta Delta P. sala A12;Off;21:02:48|SONDA DP 03 03;No
322;26/09/2026 21:02:53;;CLIM /;DC09 / R00 / SALA DATI A1/A2;SONDA DP 03 / 03 /;Soglia alta Delta P. sala A12;2;On - Non riconosciuto;Allarme;Sonda DP;SONDA DP 03 03;Soglia alta Delta P. sala A12;On;21:02:53|SONDA DP 03 03;No
323;26/09/2026 21:02:58;;CLIM /;DC09 / R00 / SALA DATI A1/A2;SONDA DP 03 / 03 /;Soglia alta Delta P. sala A12;2;Off - Non riconosciuto;Allarme;Sonda DP;SONDA DP 03 03;Soglia alta Delta P. sala A12;Off;21:02:58|SONDA DP 03 03;No
324;26/09/2026 21:03:48;;CLIM /;DC09 / R00 / SALA DATI A1/A2;SONDA DP 03 / 03 /;Soglia alta Delta P. sala A12;2;On - Non riconosciuto;Allarme;Sonda DP;SONDA DP 03 03;Soglia alta Delta P. sala A12;On;21:03:48|SONDA DP 03 03;No
325;26/09/2026 21:04:19;;CLIM /;DC09 / R00 / SALA DATI A1/A2;SONDA DP 03 / 03 /;Soglia alta Delta P. sala A12;2;Off - Non riconosciuto;Allarme;Sonda DP;SONDA DP 03 03;Soglia alta Delta P. sala A12;Off;21:04:19|SONDA DP 03 03;No
326;26/09/2026 21:04:34;;CLIM /;DC09 / R00 / SALA DATI A1/A2;SONDA DP 03 / 03 /;Soglia alta Delta P. sala A12;2;On - Non riconosciuto;Allarme;Sonda DP;SONDA DP 03 03;Soglia alta Delta P. sala A12;On;21:04:34|SONDA DP 03 03;No
327;26/09/2026 21:04:38;;CLIM /;DC09 / R00 / SALA DATI A1/A2;SONDA DP 02 / 02 /;Soglia alta Delta P. sala A12;2;On - Non riconosciuto;Allarme;Sonda DP;SONDA DP 02 02;Soglia alta Delta P. sala A12;On;21:04:38|SONDA DP 02 02;No
328;26/09/2026 21:04:49;;CLIM /;DC09 / R00 / SALA DATI A1/A2;SONDA DP 02 / 02 /;Soglia alta Delta P. sala A12;2;Off - Non riconosciuto;Allarme;Sonda DP;SONDA DP 02 02;Soglia alta Delta P. sala A12;Off;21:04:49|SONDA DP 02 02;No
329;26/09/2026 21:05:04;;CLIM /;DC09 / R00 / SALA DATI A1/A2;SONDA DP 02 / 02 /;Soglia alta Delta P. sala A12;2;On - Non riconosciuto;Allarme;Sonda DP;SONDA DP 02 02;Soglia alta Delta P. sala A12;On;21:05:04|SONDA DP 02 02;No
330;26/09/2026 21:05:09;;CLIM /;DC09 / R00 / SALA DATI A1/A2;SONDA DP 02 / 02 /;Soglia alta Delta P. sala A12;2;Off - Non riconosciuto;Allarme;Sonda DP;SONDA DP 02 02;Soglia alta Delta P. sala A12;Off;21:05:09|SONDA DP 02 02;No
331;26/09/2026 21:05:29;;CLIM /;DC09 / R00 / SALA DATI A1/A2;SONDA DP 03 / 03 /;Soglia alta Delta P. sala A12;2;Off - Non riconosciuto;Allarme;Sonda DP;SONDA DP 03 03;Soglia alta Delta P. sala A12;Off;21:05:29|SONDA DP 03 03;No
332;26/09/2026 21:05:44;;CLIM /;DC09 / R00 / SALA DATI A1/A2;SONDA DP 03 / 03 /;Soglia alta Delta P. sala A12;2;On - Non riconosciuto;Allarme;Sonda DP;SONDA DP 03 03;Soglia alta Delta P. sala A12;On;21:05:44|SONDA DP 03 03;No
333;26/09/2026 21:05:54;;CLIM /;DC09 / R00 / SALA DATI A1/A2;SONDA DP 03 / 03 /;Soglia alta Delta P. sala A12;2;Off - Non riconosciuto;Allarme;Sonda DP;SONDA DP 03 03;Soglia alta Delta P. sala A12;Off;21:05:54|SONDA DP 03 03;No
334;26/09/2026 21:06:09;;CLIM /;DC09 / R00 / SALA DATI A1/A2;SONDA DP 03 / 03 /;Soglia alta Delta P. sala A12;2;On - Non riconosciuto;Allarme;Sonda DP;SONDA DP 03 03;Soglia alta Delta P. sala A12;On;21:06:09|SONDA DP 03 03;No
335;26/09/2026 21:06:24;;CLIM /;DC09 / R00 / SALA DATI A1/A2;SONDA DP 03 / 03 /;Soglia alta Delta P. sala A12;2;Off - Non riconosciuto;Allarme;Sonda DP;SONDA DP 03 03;Soglia alta Delta P. sala A12;Off;21:06:24|SONDA DP 03 03;No
336;26/09/2026 21:06:26;;CLIM /;DC09 / R01 / SALA DATI B3/B4;Federatore IT / SONDA 31 / 31;Allarme bassa T. corridoio freddo 4 sonda 31;0;Normale;Allarme;Federatore IT sonda;Federatore IT;Allarme bassa T. corridoio freddo 4 sonda 31;Normale;21:06:26|Federatore IT;n/a
337;26/09/2026 21:06:49;;CLIM /;DC09 / R00 / SALA DATI A1/A2;SONDA DP 03 / 03 /;Soglia alta Delta P. sala A12;2;On - Non riconosciuto;Allarme;Sonda DP;SONDA DP 03 03;Soglia alta Delta P. sala A12;On;21:06:49|SONDA DP 03 03;No
338;26/09/2026 21:06:59;;CLIM /;DC09 / R00 / SALA DATI A1/A2;SONDA DP 03 / 03 /;Soglia alta Delta P. sala A12;2;Off - Non riconosciuto;Allarme;Sonda DP;SONDA DP 03 03;Soglia alta Delta P. sala A12;Off;21:06:59|SONDA DP 03 03;No
339;26/09/2026 21:07:09;;CLIM /;DC09 / R00 / SALA DATI A1/A2;SONDA DP 03 / 03 /;Soglia alta Delta P. sala A12;2;On - Non riconosciuto;Allarme;Sonda DP;SONDA DP 03 03;Soglia alta Delta P. sala A12;On;21:07:09|SONDA DP 03 03;No
340;26/09/2026 21:07:24;;CLIM /;DC09 / R00 / SALA DATI A1/A2;SONDA DP 03 / 03 /;Soglia alta Delta P. sala A12;2;Off - Non riconosciuto;Allarme;Sonda DP;SONDA DP 03 03;Soglia alta Delta P. sala A12;Off;21:07:24|SONDA DP 03 03;No
341;26/09/2026 21:07:29;;CLIM /;DC09 / R00 / SALA DATI A1/A2;SONDA DP 03 / 03 /;Soglia alta Delta P. sala A12;2;On - Non riconosciuto;Allarme;Sonda DP;SONDA DP 03 03;Soglia alta Delta P. sala A12;On;21:07:29|SONDA DP 03 03;No
342;26/09/2026 21:07:51;;CLIM /;DC09 / R01 / SALA DATI B3/B4;Federatore IT / SONDA 31 / 31;Allarme bassa T. corridoio freddo 4 sonda 31;0;Guasto;Allarme;Federatore IT sonda;Federatore IT;Allarme bassa T. corridoio freddo 4 sonda 31;Guasto;21:07:51|Federatore IT;n/a
343;26/09/2026 21:08:10;;CLIM /;DC09 / R00 / SALA DATI A1/A2;SONDA DP 03 / 03 /;Soglia alta Delta P. sala A12;2;Off - Non riconosciuto;Allarme;Sonda DP;SONDA DP 03 03;Soglia alta Delta P. sala A12;Off;21:08:10|SONDA DP 03 03;No
344;26/09/2026 21:08:30;;CLIM /;DC09 / R00 / SALA DATI A1/A2;SONDA DP 03 / 03 /;Soglia alta Delta P. sala A12;2;On - Non riconosciuto;Allarme;Sonda DP;SONDA DP 03 03;Soglia alta Delta P. sala A12;On;21:08:30|SONDA DP 03 03;No
345;26/09/2026 21:08:35;;CLIM /;DC09 / R00 / SALA DATI A1/A2;SONDA DP 03 / 03 /;Soglia alta Delta P. sala A12;2;Off - Non riconosciuto;Allarme;Sonda DP;SONDA DP 03 03;Soglia alta Delta P. sala A12;Off;21:08:35|SONDA DP 03 03;No
346;26/09/2026 21:08:55;;CLIM /;DC09 / R00 / SALA DATI A1/A2;SONDA DP 03 / 03 /;Soglia alta Delta P. sala A12;2;On - Non riconosciuto;Allarme;Sonda DP;SONDA DP 03 03;Soglia alta Delta P. sala A12;On;21:08:55|SONDA DP 03 03;No
347;26/09/2026 21:09:40;;CLIM /;DC09 / R00 / SALA DATI A1/A2;SONDA DP 03 / 03 /;Soglia alta Delta P. sala A12;2;Off - Non riconosciuto;Allarme;Sonda DP;SONDA DP 03 03;Soglia alta Delta P. sala A12;Off;21:09:40|SONDA DP 03 03;No
348;26/09/2026 21:09:45;;CLIM /;DC09 / R00 / SALA DATI A1/A2;SONDA DP 03 / 03 /;Soglia alta Delta P. sala A12;2;On - Non riconosciuto;Allarme;Sonda DP;SONDA DP 03 03;Soglia alta Delta P. sala A12;On;21:09:45|SONDA DP 03 03;No
349;26/09/2026 21:10:20;;CLIM /;DC09 / R00 / SALA DATI A1/A2;SONDA DP 02 / 02 /;Soglia alta Delta P. sala A12;2;On - Non riconosciuto;Allarme;Sonda DP;SONDA DP 02 02;Soglia alta Delta P. sala A12;On;21:10:20|SONDA DP 02 02;No
350;26/09/2026 21:10:45;;CLIM /;DC09 / R00 / SALA DATI A1/A2;SONDA DP 02 / 02 /;Soglia alta Delta P. sala A12;2;Off - Non riconosciuto;Allarme;Sonda DP;SONDA DP 02 02;Soglia alta Delta P. sala A12;Off;21:10:45|SONDA DP 02 02;No
351;26/09/2026 21:11:25;;CLIM /;DC09 / R00 / SALA DATI A1/A2;SONDA DP 02 / 02 /;Soglia alta Delta P. sala A12;2;On - Non riconosciuto;Allarme;Sonda DP;SONDA DP 02 02;Soglia alta Delta P. sala A12;On;21:11:25|SONDA DP 02 02;No
352;26/09/2026 21:11:50;;CLIM /;DC09 / R00 / SALA DATI A1/A2;SONDA DP 02 / 02 /;Soglia alta Delta P. sala A12;2;Off - Non riconosciuto;Allarme;Sonda DP;SONDA DP 02 02;Soglia alta Delta P. sala A12;Off;21:11:50|SONDA DP 02 02;No
353;26/09/2026 21:12:10;;CLIM /;DC09 / R00 / SALA DATI A1/A2;SONDA DP 02 / 02 /;Soglia alta Delta P. sala A12;2;On - Non riconosciuto;Allarme;Sonda DP;SONDA DP 02 02;Soglia alta Delta P. sala A12;On;21:12:10|SONDA DP 02 02;No
354;26/09/2026 21:12:15;;CLIM /;DC09 / R00 / SALA DATI A1/A2;SONDA DP 02 / 02 /;Soglia alta Delta P. sala A12;2;Off - Non riconosciuto;Allarme;Sonda DP;SONDA DP 02 02;Soglia alta Delta P. sala A12;Off;21:12:15|SONDA DP 02 02;No
355;26/09/2026 21:12:35;;CLIM /;DC09 / R00 / SALA DATI A1/A2;SONDA DP 02 / 02 /;Soglia alta Delta P. sala A12;2;On - Non riconosciuto;Allarme;Sonda DP;SONDA DP 02 02;Soglia alta Delta P. sala A12;On;21:12:35|SONDA DP 02 02;No
356;26/09/2026 21:12:50;;CLIM /;DC09 / R00 / SALA DATI A1/A2;SONDA DP 02 / 02 /;Soglia alta Delta P. sala A12;2;Off - Non riconosciuto;Allarme;Sonda DP;SONDA DP 02 02;Soglia alta Delta P. sala A12;Off;21:12:50|SONDA DP 02 02;No
357;26/09/2026 21:13:15;;CLIM /;DC09 / R00 / SALA DATI A1/A2;SONDA DP 02 / 02 /;Soglia alta Delta P. sala A12;2;On - Non riconosciuto;Allarme;Sonda DP;SONDA DP 02 02;Soglia alta Delta P. sala A12;On;21:13:15|SONDA DP 02 02;No
358;26/09/2026 21:13:35;;CLIM /;DC09 / R00 / SALA DATI A1/A2;SONDA DP 02 / 02 /;Soglia alta Delta P. sala A12;2;Off - Non riconosciuto;Allarme;Sonda DP;SONDA DP 02 02;Soglia alta Delta P. sala A12;Off;21:13:35|SONDA DP 02 02;No
359;26/09/2026 21:13:40;;CLIM /;DC09 / R00 / SALA DATI A1/A2;SONDA DP 02 / 02 /;Soglia alta Delta P. sala A12;2;On - Non riconosciuto;Allarme;Sonda DP;SONDA DP 02 02;Soglia alta Delta P. sala A12;On;21:13:40|SONDA DP 02 02;No
360;26/09/2026 21:13:57;;CLIM /;DC09 / R00 / SALA DATI A1/A2;SONDA DP 02 / 02 /;Soglia alta Delta P. sala A12;2;Off - Non riconosciuto;Allarme;Sonda DP;SONDA DP 02 02;Soglia alta Delta P. sala A12;Off;21:13:57|SONDA DP 02 02;No
361;26/09/2026 21:14:01;;CLIM /;DC09 / R00 / SALA DATI A1/A2;SONDA DP 02 / 02 /;Soglia alta Delta P. sala A12;2;On - Non riconosciuto;Allarme;Sonda DP;SONDA DP 02 02;Soglia alta Delta P. sala A12;On;21:14:01|SONDA DP 02 02;No
362;26/09/2026 21:14:11;;CLIM /;DC09 / R00 / SALA DATI A1/A2;SONDA DP 02 / 02 /;Soglia alta Delta P. sala A12;2;Off - Non riconosciuto;Allarme;Sonda DP;SONDA DP 02 02;Soglia alta Delta P. sala A12;Off;21:14:11|SONDA DP 02 02;No
363;26/09/2026 21:14:16;;CLIM /;DC09 / R00 / SALA DATI A1/A2;SONDA DP 02 / 02 /;Soglia alta Delta P. sala A12;2;On - Non riconosciuto;Allarme;Sonda DP;SONDA DP 02 02;Soglia alta Delta P. sala A12;On;21:14:16|SONDA DP 02 02;No
364;26/09/2026 21:14:31;;CLIM /;DC09 / R02 / Terrazza tecnica;CTA PRO B 1-2 / GENERALE /;Sintesi avvisi (Non Bloccanti);2;Allarme;Allarme;CTA PRO B 1-2;CTA PRO B 1-2 GENERALE;Sintesi avvisi (Non Bloccanti);Allarme;21:14:31|CTA PRO B 1-2 GENERALE;n/a
365;26/09/2026 21:14:31;;CLIM /;DC09 / R02 / Terrazza tecnica;CTA PRO B 1-2 / MANDATA /;Allarme bassa T. mandata;2;Allarme;Allarme;CTA PRO B 1-2;CTA PRO B 1-2 MANDATA;Allarme bassa T. mandata;Allarme;21:14:31|CTA PRO B 1-2 MANDATA;n/a
366;26/09/2026 21:14:41;;CLIM /;DC09 / R00 / SALA DATI A1/A2;SONDA DP 02 / 02 /;Soglia alta Delta P. sala A12;2;Off - Non riconosciuto;Allarme;Sonda DP;SONDA DP 02 02;Soglia alta Delta P. sala A12;Off;21:14:41|SONDA DP 02 02;No
367;26/09/2026 21:14:46;;CLIM /;DC09 / R00 / SALA DATI A1/A2;SONDA DP 02 / 02 /;Soglia alta Delta P. sala A12;2;On - Non riconosciuto;Allarme;Sonda DP;SONDA DP 02 02;Soglia alta Delta P. sala A12;On;21:14:46|SONDA DP 02 02;No
368;26/09/2026 21:15:01;;CLIM /;DC09 / R00 / SALA DATI A1/A2;SONDA DP 02 / 02 /;Soglia alta Delta P. sala A12;2;Off - Non riconosciuto;Allarme;Sonda DP;SONDA DP 02 02;Soglia alta Delta P. sala A12;Off;21:15:01|SONDA DP 02 02;No
369;26/09/2026 21:15:06;;CLIM /;DC09 / R00 / SALA DATI A1/A2;SONDA DP 02 / 02 /;Soglia alta Delta P. sala A12;2;On - Non riconosciuto;Allarme;Sonda DP;SONDA DP 02 02;Soglia alta Delta P. sala A12;On;21:15:06|SONDA DP 02 02;No
370;26/09/2026 21:15:31;;CLIM /;DC09 / R00 / SALA DATI A1/A2;SONDA DP 02 / 02 /;Soglia alta Delta P. sala A12;2;Off - Non riconosciuto;Allarme;Sonda DP;SONDA DP 02 02;Soglia alta Delta P. sala A12;Off;21:15:31|SONDA DP 02 02;No
371;26/09/2026 21:15:46;;CLIM /;DC09 / R00 / SALA DATI A1/A2;SONDA DP 02 / 02 /;Soglia alta Delta P. sala A12;2;On - Non riconosciuto;Allarme;Sonda DP;SONDA DP 02 02;Soglia alta Delta P. sala A12;On;21:15:46|SONDA DP 02 02;No
372;26/09/2026 21:15:52;;CLIM /;DC09 / R02 / Terrazza tecnica;CTA PRO B 1-2 / GENERALE /;Sintesi avvisi (Non Bloccanti);2;Normale;Allarme;CTA PRO B 1-2;CTA PRO B 1-2 GENERALE;Sintesi avvisi (Non Bloccanti);Normale;21:15:52|CTA PRO B 1-2 GENERALE;n/a
373;26/09/2026 21:15:52;;CLIM /;DC09 / R02 / Terrazza tecnica;CTA PRO B 1-2 / MANDATA /;Allarme bassa T. mandata;2;Normale;Allarme;CTA PRO B 1-2;CTA PRO B 1-2 MANDATA;Allarme bassa T. mandata;Normale;21:15:52|CTA PRO B 1-2 MANDATA;n/a
374;26/09/2026 21:16:16;;CLIM /;DC09 / R00 / SALA DATI A1/A2;SONDA DP 02 / 02 /;Soglia alta Delta P. sala A12;2;Off - Non riconosciuto;Allarme;Sonda DP;SONDA DP 02 02;Soglia alta Delta P. sala A12;Off;21:16:16|SONDA DP 02 02;No
375;26/09/2026 21:16:21;;CLIM /;DC09 / R00 / SALA DATI A1/A2;SONDA DP 02 / 02 /;Soglia alta Delta P. sala A12;2;On - Non riconosciuto;Allarme;Sonda DP;SONDA DP 02 02;Soglia alta Delta P. sala A12;On;21:16:21|SONDA DP 02 02;No
376;26/09/2026 21:16:41;;CLIM /;DC09 / R00 / SALA DATI A1/A2;SONDA DP 02 / 02 /;Soglia alta Delta P. sala A12;2;Off - Non riconosciuto;Allarme;Sonda DP;SONDA DP 02 02;Soglia alta Delta P. sala A12;Off;21:16:41|SONDA DP 02 02;No
377;26/09/2026 21:16:46;;CLIM /;DC09 / R00 / SALA DATI A1/A2;SONDA DP 02 / 02 /;Soglia alta Delta P. sala A12;2;On - Non riconosciuto;Allarme;Sonda DP;SONDA DP 02 02;Soglia alta Delta P. sala A12;On;21:16:46|SONDA DP 02 02;No
378;26/09/2026 21:17:22;;CLIM /;DC09 / R00 / SALA DATI A1/A2;SONDA DP 02 / 02 /;Soglia alta Delta P. sala A12;2;Off - Non riconosciuto;Allarme;Sonda DP;SONDA DP 02 02;Soglia alta Delta P. sala A12;Off;21:17:22|SONDA DP 02 02;No
379;26/09/2026 21:17:27;;CLIM /;DC09 / R00 / SALA DATI A1/A2;SONDA DP 02 / 02 /;Soglia alta Delta P. sala A12;2;On - Non riconosciuto;Allarme;Sonda DP;SONDA DP 02 02;Soglia alta Delta P. sala A12;On;21:17:27|SONDA DP 02 02;No
380;26/09/2026 21:17:37;;CLIM /;DC09 / R00 / SALA DATI A1/A2;SONDA DP 02 / 02 /;Soglia alta Delta P. sala A12;2;Off - Non riconosciuto;Allarme;Sonda DP;SONDA DP 02 02;Soglia alta Delta P. sala A12;Off;21:17:37|SONDA DP 02 02;No
381;26/09/2026 21:18:02;;CLIM /;DC09 / R00 / SALA DATI A1/A2;SONDA DP 02 / 02 /;Soglia alta Delta P. sala A12;2;On - Non riconosciuto;Allarme;Sonda DP;SONDA DP 02 02;Soglia alta Delta P. sala A12;On;21:18:02|SONDA DP 02 02;No
382;26/09/2026 21:18:47;;CLIM /;DC09 / R00 / SALA DATI A1/A2;SONDA DP 02 / 02 /;Soglia alta Delta P. sala A12;2;Off - Non riconosciuto;Allarme;Sonda DP;SONDA DP 02 02;Soglia alta Delta P. sala A12;Off;21:18:47|SONDA DP 02 02;No
383;26/09/2026 21:18:57;;CLIM /;DC09 / R00 / SALA DATI A1/A2;SONDA DP 02 / 02 /;Soglia alta Delta P. sala A12;2;On - Non riconosciuto;Allarme;Sonda DP;SONDA DP 02 02;Soglia alta Delta P. sala A12;On;21:18:57|SONDA DP 02 02;No
384;26/09/2026 21:21:40;;CLIM /;DC09 / R01 / SALA DATI A3;RIO 2 / CORRIDOIO FREDDO 1 / A3-1-23;Controsoffito A3-1.23 - Incongruenza comando-posizione;2;Normale;Allarme;RIO controsoffitto;RIO 2;Controsoffito A3-1.23 - Incongruenza comando-posizione;Normale;21:21:40|RIO 2;n/a
385;26/09/2026 21:24:15;;CLIM /;DC09 / R01 / SALA DATI B3/B4;Federatore IT / SONDA 32 / 32;Preallarme bassa T. corridoio freddo 4 sonda 32;3;Normale;Allarme;Federatore IT sonda;Federatore IT;Preallarme bassa T. corridoio freddo 4 sonda 32;Normale;21:24:15|Federatore IT;n/a
386;26/09/2026 21:24:35;;CLIM /;DC09 / R01 / SALA DATI B3/B4;Federatore IT / SONDA 32 / 32;Preallarme bassa T. corridoio freddo 4 sonda 32;3;Guasto;Allarme;Federatore IT sonda;Federatore IT;Preallarme bassa T. corridoio freddo 4 sonda 32;Guasto;21:24:35|Federatore IT;n/a
387;26/09/2026 21:26:29;;CLIM /;DC09 / R00 / SALA DATI A2;RIO 1 / CORRIDOIO FREDDO 5 / A2-1-27;Controsoffito A2-1.27 - Incongruenza comando-posizione;2;Normale;Allarme;RIO controsoffitto;RIO 1;Controsoffito A2-1.27 - Incongruenza comando-posizione;Normale;21:26:29|RIO 1;n/a
388;26/09/2026 21:27:30;;CLIM /;DC09 / R01 / SALA DATI B3/B4;Federatore IT / SONDA 32 / 32;Preallarme bassa T. corridoio freddo 4 sonda 32;3;Normale;Allarme;Federatore IT sonda;Federatore IT;Preallarme bassa T. corridoio freddo 4 sonda 32;Normale;21:27:30|Federatore IT;n/a
389;26/09/2026 21:27:51;;CLIM /;DC09 / R01 / SALA DATI B3/B4;Federatore IT / SONDA 32 / 32;Preallarme bassa T. corridoio freddo 4 sonda 32;3;Guasto;Allarme;Federatore IT sonda;Federatore IT;Preallarme bassa T. corridoio freddo 4 sonda 32;Guasto;21:27:51|Federatore IT;n/a
390;26/09/2026 21:30:23;;CLIM /;DC09 / R02 / Terrazza tecnica;CTA PRO B 1-2 / GENERALE /;Sintesi avvisi (Non Bloccanti);2;Allarme;Allarme;CTA PRO B 1-2;CTA PRO B 1-2 GENERALE;Sintesi avvisi (Non Bloccanti);Allarme;21:30:23|CTA PRO B 1-2 GENERALE;n/a
391;26/09/2026 21:30:23;;CLIM /;DC09 / R02 / Terrazza tecnica;CTA PRO B 1-2 / MANDATA /;Allarme bassa T. mandata;2;Allarme;Allarme;CTA PRO B 1-2;CTA PRO B 1-2 MANDATA;Allarme bassa T. mandata;Allarme;21:30:23|CTA PRO B 1-2 MANDATA;n/a
392;26/09/2026 21:30:41;;CLIM /;DC09 / R00 / SALA DATI A2;RIO 1 / CORRIDOIO FREDDO 5 / A2-1-27;Controsoffito A2-1.27 - Incongruenza comando-posizione;2;Guasto;Allarme;RIO controsoffitto;RIO 1;Controsoffito A2-1.27 - Incongruenza comando-posizione;Guasto;21:30:41|RIO 1;n/a
393;26/09/2026 21:30:56;;CLIM /;DC09 / R01 / SALA DATI A3;RIO 2 / CORRIDOIO FREDDO 1 / A3-1-23;Controsoffito A3-1.23 - Incongruenza comando-posizione;2;Guasto;Allarme;RIO controsoffitto;RIO 2;Controsoffito A3-1.23 - Incongruenza comando-posizione;Guasto;21:30:56|RIO 2;n/a
394;26/09/2026 21:31:54;;CLIM /;DC09 / R02 / Terrazza tecnica;CTA PRO B 1-2 / GENERALE /;Sintesi avvisi (Non Bloccanti);2;Normale;Allarme;CTA PRO B 1-2;CTA PRO B 1-2 GENERALE;Sintesi avvisi (Non Bloccanti);Normale;21:31:54|CTA PRO B 1-2 GENERALE;n/a
395;26/09/2026 21:31:54;;CLIM /;DC09 / R02 / Terrazza tecnica;CTA PRO B 1-2 / MANDATA /;Allarme bassa T. mandata;2;Normale;Allarme;CTA PRO B 1-2;CTA PRO B 1-2 MANDATA;Allarme bassa T. mandata;Normale;21:31:54|CTA PRO B 1-2 MANDATA;n/a
396;26/09/2026 21:34:48;;CLIM /;DC09 / R01 / SALA DATI A3;RIO 2 / CORRIDOIO FREDDO 1 / A3-1-23;Controsoffito A3-1.23 - Incongruenza comando-posizione;2;Normale;Allarme;RIO controsoffitto;RIO 2;Controsoffito A3-1.23 - Incongruenza comando-posizione;Normale;21:34:48|RIO 2;n/a
397;26/09/2026 21:37:46;;CLIM /;DC09 / R00 / SALA DATI A1/A2;SONDA DP 02 / 02 /;Soglia alta Delta P. sala A12;2;Off - Non riconosciuto;Allarme;Sonda DP;SONDA DP 02 02;Soglia alta Delta P. sala A12;Off;21:37:46|SONDA DP 02 02;No
398;26/09/2026 21:37:51;;CLIM /;DC09 / R00 / SALA DATI A1/A2;SONDA DP 02 / 02 /;Soglia alta Delta P. sala A12;2;On - Non riconosciuto;Allarme;Sonda DP;SONDA DP 02 02;Soglia alta Delta P. sala A12;On;21:37:51|SONDA DP 02 02;No
399;26/09/2026 21:38:53;;CLIM /;DC09 / R00 / SALA DATI A1/A2;SONDA DP 02 / 02 /;Soglia alta Delta P. sala A12;2;Off - Non riconosciuto;Allarme;Sonda DP;SONDA DP 02 02;Soglia alta Delta P. sala A12;Off;21:38:53|SONDA DP 02 02;No
400;26/09/2026 21:38:56;;CLIM /;DC09 / R00 / SALA DATI A1/A2;SONDA DP 02 / 02 /;Soglia alta Delta P. sala A12;2;On - Non riconosciuto;Allarme;Sonda DP;SONDA DP 02 02;Soglia alta Delta P. sala A12;On;21:38:56|SONDA DP 02 02;No
401;26/09/2026 21:39:37;;CLIM /;DC09 / R00 / SALA DATI A1/A2;SONDA DP 02 / 02 /;Soglia alta Delta P. sala A12;2;Off - Non riconosciuto;Allarme;Sonda DP;SONDA DP 02 02;Soglia alta Delta P. sala A12;Off;21:39:37|SONDA DP 02 02;No
402;26/09/2026 21:39:42;;CLIM /;DC09 / R00 / SALA DATI A1/A2;SONDA DP 02 / 02 /;Soglia alta Delta P. sala A12;2;On - Non riconosciuto;Allarme;Sonda DP;SONDA DP 02 02;Soglia alta Delta P. sala A12;On;21:39:42|SONDA DP 02 02;No
403;26/09/2026 21:40:12;;CLIM /;DC09 / R00 / SALA DATI A1/A2;SONDA DP 02 / 02 /;Soglia alta Delta P. sala A12;2;Off - Non riconosciuto;Allarme;Sonda DP;SONDA DP 02 02;Soglia alta Delta P. sala A12;Off;21:40:12|SONDA DP 02 02;No
404;26/09/2026 21:40:13;;CLIM /;DC09 / R01 / SALA DATI B3/B4;Federatore IT / SONDA 31 / 31;Allarme bassa T. corridoio freddo 4 sonda 31;0;Normale;Allarme;Federatore IT sonda;Federatore IT;Allarme bassa T. corridoio freddo 4 sonda 31;Normale;21:40:13|Federatore IT;n/a
405;26/09/2026 21:40:17;;CLIM /;DC09 / R00 / SALA DATI A1/A2;SONDA DP 02 / 02 /;Soglia alta Delta P. sala A12;2;On - Non riconosciuto;Allarme;Sonda DP;SONDA DP 02 02;Soglia alta Delta P. sala A12;On;21:40:17|SONDA DP 02 02;No
406;26/09/2026 21:40:33;;CLIM /;DC09 / R00 / SALA DATI A1/A2;SONDA DP 02 / 02 /;Soglia alta Delta P. sala A12;2;Off - Non riconosciuto;Allarme;Sonda DP;SONDA DP 02 02;Soglia alta Delta P. sala A12;Off;21:40:33|SONDA DP 02 02;No
407;26/09/2026 21:40:38;;CLIM /;DC09 / R01 / SALA DATI B3/B4;Federatore IT / SONDA 31 / 31;Allarme bassa T. corridoio freddo 4 sonda 31;0;Guasto;Allarme;Federatore IT sonda;Federatore IT;Allarme bassa T. corridoio freddo 4 sonda 31;Guasto;21:40:38|Federatore IT;n/a
408;26/09/2026 21:40:47;;CLIM /;DC09 / R00 / SALA DATI A1/A2;SONDA DP 02 / 02 /;Soglia alta Delta P. sala A12;2;On - Non riconosciuto;Allarme;Sonda DP;SONDA DP 02 02;Soglia alta Delta P. sala A12;On;21:40:47|SONDA DP 02 02;No
409;26/09/2026 21:40:59;;CLIM /;DC09 / R01 / SALA DATI B3/B4;Federatore IT / SONDA 31 / 31;Allarme bassa T. corridoio freddo 4 sonda 31;0;Normale;Allarme;Federatore IT sonda;Federatore IT;Allarme bassa T. corridoio freddo 4 sonda 31;Normale;21:40:59|Federatore IT;n/a
410;26/09/2026 21:41:12;;CLIM /;DC09 / R00 / SALA DATI A1/A2;SONDA DP 02 / 02 /;Soglia alta Delta P. sala A12;2;Off - Non riconosciuto;Allarme;Sonda DP;SONDA DP 02 02;Soglia alta Delta P. sala A12;Off;21:41:12|SONDA DP 02 02;No
411;26/09/2026 21:42:02;;CLIM /;DC09 / R00 / SALA DATI A1/A2;SONDA DP 02 / 02 /;Soglia alta Delta P. sala A12;2;On - Non riconosciuto;Allarme;Sonda DP;SONDA DP 02 02;Soglia alta Delta P. sala A12;On;21:42:02|SONDA DP 02 02;No
412;26/09/2026 21:42:17;;CLIM /;DC09 / R00 / SALA DATI A1/A2;SONDA DP 02 / 02 /;Soglia alta Delta P. sala A12;2;Off - Non riconosciuto;Allarme;Sonda DP;SONDA DP 02 02;Soglia alta Delta P. sala A12;Off;21:42:17|SONDA DP 02 02;No
413;26/09/2026 21:42:23;;CLIM /;DC09 / R00 / SALA DATI A1/A2;SONDA DP 02 / 02 /;Soglia alta Delta P. sala A12;2;On - Non riconosciuto;Allarme;Sonda DP;SONDA DP 02 02;Soglia alta Delta P. sala A12;On;21:42:23|SONDA DP 02 02;No
414;26/09/2026 21:42:24;;CLIM /;DC09 / R01 / SALA DATI B3/B4;Federatore IT / SONDA 32 / 32;Preallarme bassa T. corridoio freddo 4 sonda 32;3;Normale;Allarme;Federatore IT sonda;Federatore IT;Preallarme bassa T. corridoio freddo 4 sonda 32;Normale;21:42:24|Federatore IT;n/a
415;26/09/2026 21:42:42;;CLIM /;DC09 / R00 / SALA DATI A1/A2;SONDA DP 02 / 02 /;Soglia alta Delta P. sala A12;2;Off - Non riconosciuto;Allarme;Sonda DP;SONDA DP 02 02;Soglia alta Delta P. sala A12;Off;21:42:42|SONDA DP 02 02;No
416;26/09/2026 21:42:47;;CLIM /;DC09 / R00 / SALA DATI A1/A2;SONDA DP 02 / 02 /;Soglia alta Delta P. sala A12;2;On - Non riconosciuto;Allarme;Sonda DP;SONDA DP 02 02;Soglia alta Delta P. sala A12;On;21:42:47|SONDA DP 02 02;No
417;26/09/2026 21:42:49;;CLIM /;DC09 / R01 / SALA DATI B3/B4;Federatore IT / SONDA 32 / 32;Preallarme bassa T. corridoio freddo 4 sonda 32;3;Guasto;Allarme;Federatore IT sonda;Federatore IT;Preallarme bassa T. corridoio freddo 4 sonda 32;Guasto;21:42:49|Federatore IT;n/a
418;26/09/2026 21:43:02;;CLIM /;DC09 / R00 / SALA DATI A1/A2;SONDA DP 02 / 02 /;Soglia alta Delta P. sala A12;2;Off - Non riconosciuto;Allarme;Sonda DP;SONDA DP 02 02;Soglia alta Delta P. sala A12;Off;21:43:02|SONDA DP 02 02;No
419;26/09/2026 21:43:09;;CLIM /;DC09 / R01 / SALA DATI B3/B4;Federatore IT / SONDA 32 / 32;Preallarme bassa T. corridoio freddo 4 sonda 32;3;Normale;Allarme;Federatore IT sonda;Federatore IT;Preallarme bassa T. corridoio freddo 4 sonda 32;Normale;21:43:09|Federatore IT;n/a
420;26/09/2026 21:43:48;;CLIM /;DC09 / R00 / SALA DATI A1/A2;SONDA DP 02 / 02 /;Soglia alta Delta P. sala A12;2;On - Non riconosciuto;Allarme;Sonda DP;SONDA DP 02 02;Soglia alta Delta P. sala A12;On;21:43:48|SONDA DP 02 02;No
421;26/09/2026 21:43:52;;CLIM /;DC09 / R00 / SALA DATI A1/A2;SONDA DP 02 / 02 /;Soglia alta Delta P. sala A12;2;Off - Non riconosciuto;Allarme;Sonda DP;SONDA DP 02 02;Soglia alta Delta P. sala A12;Off;21:43:52|SONDA DP 02 02;No
422;26/09/2026 21:44:09;;CLIM /;DC09 / R00 / SALA DATI A1/A2;SONDA DP 02 / 02 /;Soglia alta Delta P. sala A12;2;On - Non riconosciuto;Allarme;Sonda DP;SONDA DP 02 02;Soglia alta Delta P. sala A12;On;21:44:09|SONDA DP 02 02;No
423;26/09/2026 21:44:18;;CLIM /;DC09 / R00 / SALA DATI A1/A2;SONDA DP 02 / 02 /;Soglia alta Delta P. sala A12;2;Off - Non riconosciuto;Allarme;Sonda DP;SONDA DP 02 02;Soglia alta Delta P. sala A12;Off;21:44:18|SONDA DP 02 02;No
424;26/09/2026 21:45:03;;CLIM /;DC09 / R00 / SALA DATI A1/A2;SONDA DP 02 / 02 /;Soglia alta Delta P. sala A12;2;On - Non riconosciuto;Allarme;Sonda DP;SONDA DP 02 02;Soglia alta Delta P. sala A12;On;21:45:03|SONDA DP 02 02;No
425;26/09/2026 21:45:13;;CLIM /;DC09 / R00 / SALA DATI A1/A2;SONDA DP 02 / 02 /;Soglia alta Delta P. sala A12;2;Off - Non riconosciuto;Allarme;Sonda DP;SONDA DP 02 02;Soglia alta Delta P. sala A12;Off;21:45:13|SONDA DP 02 02;No
426;26/09/2026 21:45:33;;CLIM /;DC09 / R00 / SALA DATI A1/A2;SONDA DP 02 / 02 /;Soglia alta Delta P. sala A12;2;On - Non riconosciuto;Allarme;Sonda DP;SONDA DP 02 02;Soglia alta Delta P. sala A12;On;21:45:33|SONDA DP 02 02;No
427;26/09/2026 21:45:38;;CLIM /;DC09 / R00 / SALA DATI A1/A2;SONDA DP 02 / 02 /;Soglia alta Delta P. sala A12;2;Off - Non riconosciuto;Allarme;Sonda DP;SONDA DP 02 02;Soglia alta Delta P. sala A12;Off;21:45:38|SONDA DP 02 02;No
428;26/09/2026 21:46:33;;CLIM /;DC09 / R00 / SALA DATI A1/A2;SONDA DP 03 / 03 /;Soglia alta Delta P. sala A12;2;Off - Non riconosciuto;Allarme;Sonda DP;SONDA DP 03 03;Soglia alta Delta P. sala A12;Off;21:46:33|SONDA DP 03 03;No
429;26/09/2026 21:46:43;;CLIM /;DC09 / R00 / SALA DATI A1/A2;SONDA DP 03 / 03 /;Soglia alta Delta P. sala A12;2;On - Non riconosciuto;Allarme;Sonda DP;SONDA DP 03 03;Soglia alta Delta P. sala A12;On;21:46:43|SONDA DP 03 03;No
430;26/09/2026 21:46:56;;CLIM /;DC09 / R02 / Terrazza tecnica;CTA PRO B 1-2 / GENERALE /;Sintesi avvisi (Non Bloccanti);2;Allarme;Allarme;CTA PRO B 1-2;CTA PRO B 1-2 GENERALE;Sintesi avvisi (Non Bloccanti);Allarme;21:46:56|CTA PRO B 1-2 GENERALE;n/a
431;26/09/2026 21:46:56;;CLIM /;DC09 / R02 / Terrazza tecnica;CTA PRO B 1-2 / MANDATA /;Allarme bassa T. mandata;2;Allarme;Allarme;CTA PRO B 1-2;CTA PRO B 1-2 MANDATA;Allarme bassa T. mandata;Allarme;21:46:56|CTA PRO B 1-2 MANDATA;n/a
432;26/09/2026 21:48:06;;CLIM /;DC09 / R02 / Terrazza tecnica;CTA PRO B 1-2 / GENERALE /;Sintesi avvisi (Non Bloccanti);2;Normale;Allarme;CTA PRO B 1-2;CTA PRO B 1-2 GENERALE;Sintesi avvisi (Non Bloccanti);Normale;21:48:06|CTA PRO B 1-2 GENERALE;n/a
433;26/09/2026 21:48:06;;CLIM /;DC09 / R02 / Terrazza tecnica;CTA PRO B 1-2 / MANDATA /;Allarme bassa T. mandata;2;Normale;Allarme;CTA PRO B 1-2;CTA PRO B 1-2 MANDATA;Allarme bassa T. mandata;Normale;21:48:06|CTA PRO B 1-2 MANDATA;n/a
434;26/09/2026 21:48:24;;CLIM /;DC09 / R00 / SALA DATI A1/A2;SONDA DP 03 / 03 /;Soglia alta Delta P. sala A12;2;Off - Non riconosciuto;Allarme;Sonda DP;SONDA DP 03 03;Soglia alta Delta P. sala A12;Off;21:48:24|SONDA DP 03 03;No
435;26/09/2026 21:48:29;;CLIM /;DC09 / R00 / SALA DATI A1/A2;SONDA DP 03 / 03 /;Soglia alta Delta P. sala A12;2;On - Non riconosciuto;Allarme;Sonda DP;SONDA DP 03 03;Soglia alta Delta P. sala A12;On;21:48:29|SONDA DP 03 03;No
436;26/09/2026 21:49:04;;CLIM /;DC09 / R00 / SALA DATI A1/A2;SONDA DP 03 / 03 /;Soglia alta Delta P. sala A12;2;Off - Non riconosciuto;Allarme;Sonda DP;SONDA DP 03 03;Soglia alta Delta P. sala A12;Off;21:49:04|SONDA DP 03 03;No
437;26/09/2026 21:49:34;;CLIM /;DC09 / R00 / SALA DATI A1/A2;SONDA DP 03 / 03 /;Soglia alta Delta P. sala A12;2;On - Non riconosciuto;Allarme;Sonda DP;SONDA DP 03 03;Soglia alta Delta P. sala A12;On;21:49:34|SONDA DP 03 03;No
438;26/09/2026 21:49:49;;CLIM /;DC09 / R00 / SALA DATI A1/A2;SONDA DP 03 / 03 /;Soglia alta Delta P. sala A12;2;Off - Non riconosciuto;Allarme;Sonda DP;SONDA DP 03 03;Soglia alta Delta P. sala A12;Off;21:49:49|SONDA DP 03 03;No
439;26/09/2026 21:50:18;;CLIM /;DC09 / R01 / SALA DATI A3;RIO 3 / CORRIDOIO FREDDO 2 / A3-2-9;Controsoffito A3-2.09 - Incongruenza comando-posizione;2;Normale;Allarme;RIO controsoffitto;RIO 3;Controsoffito A3-2.09 - Incongruenza comando-posizione;Normale;21:50:18|RIO 3;n/a
440;26/09/2026 21:51:19;;CLIM /;DC09 / R00 / SALA DATI A1/A2;SONDA DP 03 / 03 /;Soglia alta Delta P. sala A12;2;On - Non riconosciuto;Allarme;Sonda DP;SONDA DP 03 03;Soglia alta Delta P. sala A12;On;21:51:19|SONDA DP 03 03;No
441;26/09/2026 21:51:29;;CLIM /;DC09 / R00 / SALA DATI A1/A2;SONDA DP 03 / 03 /;Soglia alta Delta P. sala A12;2;Off - Non riconosciuto;Allarme;Sonda DP;SONDA DP 03 03;Soglia alta Delta P. sala A12;Off;21:51:29|SONDA DP 03 03;No
442;26/09/2026 21:52:25;;CLIM /;DC09 / R00 / SALA DATI A1/A2;SONDA DP 03 / 03 /;Soglia alta Delta P. sala A12;2;On - Non riconosciuto;Allarme;Sonda DP;SONDA DP 03 03;Soglia alta Delta P. sala A12;On;21:52:25|SONDA DP 03 03;No
443;26/09/2026 21:52:40;;CLIM /;DC09 / R00 / SALA DATI A1/A2;SONDA DP 03 / 03 /;Soglia alta Delta P. sala A12;2;Off - Non riconosciuto;Allarme;Sonda DP;SONDA DP 03 03;Soglia alta Delta P. sala A12;Off;21:52:40|SONDA DP 03 03;No
444;26/09/2026 21:52:55;;CLIM /;DC09 / R00 / SALA DATI A1/A2;SONDA DP 03 / 03 /;Soglia alta Delta P. sala A12;2;On - Non riconosciuto;Allarme;Sonda DP;SONDA DP 03 03;Soglia alta Delta P. sala A12;On;21:52:55|SONDA DP 03 03;No
445;26/09/2026 21:53:05;;CLIM /;DC09 / R00 / SALA DATI A1/A2;SONDA DP 03 / 03 /;Soglia alta Delta P. sala A12;2;Off - Non riconosciuto;Allarme;Sonda DP;SONDA DP 03 03;Soglia alta Delta P. sala A12;Off;21:53:05|SONDA DP 03 03;No
446;26/09/2026 21:53:28;;CLIM /;DC09 / R00 / SALA DATI A1/A2;SONDA DP 03 / 03 /;Soglia alta Delta P. sala A12;2;On - Non riconosciuto;Allarme;Sonda DP;SONDA DP 03 03;Soglia alta Delta P. sala A12;On;21:53:28|SONDA DP 03 03;No
447;26/09/2026 21:53:35;;CLIM /;DC09 / R00 / SALA DATI A1/A2;SONDA DP 03 / 03 /;Soglia alta Delta P. sala A12;2;Off - Non riconosciuto;Allarme;Sonda DP;SONDA DP 03 03;Soglia alta Delta P. sala A12;Off;21:53:35|SONDA DP 03 03;No
448;26/09/2026 21:53:45;;CLIM /;DC09 / R00 / SALA DATI A1/A2;SONDA DP 03 / 03 /;Soglia alta Delta P. sala A12;2;On - Non riconosciuto;Allarme;Sonda DP;SONDA DP 03 03;Soglia alta Delta P. sala A12;On;21:53:45|SONDA DP 03 03;No
449;26/09/2026 21:53:55;;CLIM /;DC09 / R00 / SALA DATI A1/A2;SONDA DP 03 / 03 /;Soglia alta Delta P. sala A12;2;Off - Non riconosciuto;Allarme;Sonda DP;SONDA DP 03 03;Soglia alta Delta P. sala A12;Off;21:53:55|SONDA DP 03 03;No
450;26/09/2026 21:54:05;;CLIM /;DC09 / R00 / SALA DATI A1/A2;SONDA DP 03 / 03 /;Soglia alta Delta P. sala A12;2;On - Non riconosciuto;Allarme;Sonda DP;SONDA DP 03 03;Soglia alta Delta P. sala A12;On;21:54:05|SONDA DP 03 03;No
451;26/09/2026 21:54:16;;CLIM /;DC09 / R00 / SALA DATI A1/A2;SONDA DP 03 / 03 /;Soglia alta Delta P. sala A12;2;Off - Non riconosciuto;Allarme;Sonda DP;SONDA DP 03 03;Soglia alta Delta P. sala A12;Off;21:54:16|SONDA DP 03 03;No
452;26/09/2026 21:55:25;;CLIM /;DC09 / R00 / SALA DATI A1/A2;SONDA DP 02 / 02 /;Soglia alta Delta P. sala A12;2;On - Non riconosciuto;Allarme;Sonda DP;SONDA DP 02 02;Soglia alta Delta P. sala A12;On;21:55:25|SONDA DP 02 02;No
453;26/09/2026 21:55:26;;CLIM /;DC09 / R00 / SALA DATI A1/A2;SONDA DP 03 / 03 /;Soglia alta Delta P. sala A12;2;On - Non riconosciuto;Allarme;Sonda DP;SONDA DP 03 03;Soglia alta Delta P. sala A12;On;21:55:26|SONDA DP 03 03;No
454;26/09/2026 21:55:35;;CLIM /;DC09 / R00 / SALA DATI A1/A2;SONDA DP 02 / 02 /;Soglia alta Delta P. sala A12;2;Off - Non riconosciuto;Allarme;Sonda DP;SONDA DP 02 02;Soglia alta Delta P. sala A12;Off;21:55:35|SONDA DP 02 02;No
455;26/09/2026 21:55:36;;CLIM /;DC09 / R00 / SALA DATI A1/A2;SONDA DP 03 / 03 /;Soglia alta Delta P. sala A12;2;Off - Non riconosciuto;Allarme;Sonda DP;SONDA DP 03 03;Soglia alta Delta P. sala A12;Off;21:55:36|SONDA DP 03 03;No
456;26/09/2026 21:56:12;;CLIM /;DC09 / R01 / SALA DATI B3/B4;Federatore IT / SONDA 31 / 31;Preallarme bassa T. corridoio freddo 4 sonda 31;3;Normale;Allarme;Federatore IT sonda;Federatore IT;Preallarme bassa T. corridoio freddo 4 sonda 31;Normale;21:56:12|Federatore IT;n/a
457;26/09/2026 21:56:16;;CLIM /;DC09 / R00 / SALA DATI A1/A2;SONDA DP 03 / 03 /;Soglia alta Delta P. sala A12;2;On - Non riconosciuto;Allarme;Sonda DP;SONDA DP 03 03;Soglia alta Delta P. sala A12;On;21:56:16|SONDA DP 03 03;No
458;26/09/2026 21:56:21;;CLIM /;DC09 / R00 / SALA DATI A1/A2;SONDA DP 03 / 03 /;Soglia alta Delta P. sala A12;2;Off - Non riconosciuto;Allarme;Sonda DP;SONDA DP 03 03;Soglia alta Delta P. sala A12;Off;21:56:21|SONDA DP 03 03;No
459;26/09/2026 21:56:32;;CLIM /;DC09 / R00 / SALA DATI A1/A2;SONDA DP 03 / 03 /;Soglia alta Delta P. sala A12;2;On - Non riconosciuto;Allarme;Sonda DP;SONDA DP 03 03;Soglia alta Delta P. sala A12;On;21:56:32|SONDA DP 03 03;No
460;26/09/2026 21:56:36;;CLIM /;DC09 / R00 / SALA DATI A1/A2;SONDA DP 02 / 02 /;Soglia alta Delta P. sala A12;2;On - Non riconosciuto;Allarme;Sonda DP;SONDA DP 02 02;Soglia alta Delta P. sala A12;On;21:56:36|SONDA DP 02 02;No
461;26/09/2026 21:56:41;;CLIM /;DC09 / R00 / SALA DATI A1/A2;SONDA DP 02 / 02 /;Soglia alta Delta P. sala A12;2;Off - Non riconosciuto;Allarme;Sonda DP;SONDA DP 02 02;Soglia alta Delta P. sala A12;Off;21:56:41|SONDA DP 02 02;No
462;26/09/2026 21:56:46;;CLIM /;DC09 / R00 / SALA DATI A1/A2;SONDA DP 03 / 03 /;Soglia alta Delta P. sala A12;2;Off - Non riconosciuto;Allarme;Sonda DP;SONDA DP 03 03;Soglia alta Delta P. sala A12;Off;21:56:46|SONDA DP 03 03;No
463;26/09/2026 21:57:01;;CLIM /;DC09 / R00 / SALA DATI A1/A2;SONDA DP 03 / 03 /;Soglia alta Delta P. sala A12;2;On - Non riconosciuto;Allarme;Sonda DP;SONDA DP 03 03;Soglia alta Delta P. sala A12;On;21:57:01|SONDA DP 03 03;No
464;26/09/2026 21:57:16;;CLIM /;DC09 / R00 / SALA DATI A1/A2;SONDA DP 03 / 03 /;Soglia alta Delta P. sala A12;2;Off - Non riconosciuto;Allarme;Sonda DP;SONDA DP 03 03;Soglia alta Delta P. sala A12;Off;21:57:16|SONDA DP 03 03;No
465;26/09/2026 21:57:28;;CLIM /;DC09 / R01 / SALA DATI A3;RIO 3 / CORRIDOIO FREDDO 2 / A3-2-9;Controsoffito A3-2.09 - Incongruenza comando-posizione;2;Guasto;Allarme;RIO controsoffitto;RIO 3;Controsoffito A3-2.09 - Incongruenza comando-posizione;Guasto;21:57:28|RIO 3;n/a
466;26/09/2026 21:57:31;;CLIM /;DC09 / R00 / SALA DATI A2;RIO 1 / CORRIDOIO FREDDO 5 / A2-1-27;Controsoffito A2-1.27 - Incongruenza comando-posizione;2;Guasto;Allarme;RIO controsoffitto;RIO 1;Controsoffito A2-1.27 - Incongruenza comando-posizione;Guasto;21:57:31|RIO 1;n/a
467;26/09/2026 21:57:31;;CLIM /;DC09 / R01 / SALA DATI A3;RIO 2 / CORRIDOIO FREDDO 1 / A3-1-23;Controsoffito A3-1.23 - Incongruenza comando-posizione;2;Normale;Allarme;RIO controsoffitto;RIO 2;Controsoffito A3-1.23 - Incongruenza comando-posizione;Normale;21:57:31|RIO 2;n/a
468;26/09/2026 21:57:31;;CLIM /;DC09 / R01 / SALA DATI B3/B4;Federatore IT / SONDA 32 / 32;Preallarme bassa T. corridoio freddo 4 sonda 32;3;Normale;Allarme;Federatore IT sonda;Federatore IT;Preallarme bassa T. corridoio freddo 4 sonda 32;Normale;21:57:31|Federatore IT;n/a
469;26/09/2026 21:57:31;;CLIM /;DC09 / R02 / Terrazza tecnica;CTA PRO B 1-2 / GENERALE /;Sintesi avvisi (Non Bloccanti);2;Normale;Allarme;CTA PRO B 1-2;CTA PRO B 1-2 GENERALE;Sintesi avvisi (Non Bloccanti);Normale;21:57:31|CTA PRO B 1-2 GENERALE;n/a
470;26/09/2026 21:57:31;;CLIM /;DC09 / R02 / Terrazza tecnica;CTA PRO B 1-2 / MANDATA /;Allarme bassa T. mandata;2;Normale;Allarme;CTA PRO B 1-2;CTA PRO B 1-2 MANDATA;Allarme bassa T. mandata;Normale;21:57:31|CTA PRO B 1-2 MANDATA;n/a
471;26/09/2026 21:57:31;;CLIM /;DC09 / R00 / SALA DATI A1/A2;SONDA DP 02 / 02 /;Soglia alta Delta P. sala A12;2;Off;Allarme;Sonda DP;SONDA DP 02 02;Soglia alta Delta P. sala A12;Off;21:57:31|SONDA DP 02 02;Sì
472;26/09/2026 21:57:31;;CLIM /;DC09 / R00 / SALA DATI A1/A2;SONDA DP 03 / 03 /;Soglia alta Delta P. sala A12;2;Off;Allarme;Sonda DP;SONDA DP 03 03;Soglia alta Delta P. sala A12;Off;21:57:31|SONDA DP 03 03;Sì
473;26/09/2026 21:57:31;;CLIM /;DC09 / R01 / SALA DATI A3;RIO 3 / CORRIDOIO FREDDO 2 / A3-2-9;Controsoffito A3-2.09 - Incongruenza comando-posizione;2;Guasto;Allarme;RIO controsoffitto;RIO 3;Controsoffito A3-2.09 - Incongruenza comando-posizione;Guasto;21:57:31|RIO 3;n/a
474;26/09/2026 21:57:32;;CLIM /;DC09 / R00 / SALA DATI A1/A2;SONDA DP 03 / 03 /;Soglia alta Delta P. sala A12;2;On - Non riconosciuto;Allarme;Sonda DP;SONDA DP 03 03;Soglia alta Delta P. sala A12;On;21:57:32|SONDA DP 03 03;No
475;26/09/2026 21:57:33;;CLIM /;DC09 / R00 / Locale MT F;Regolazione / /;Allarme alta P locale TRAFO F;2;Guasto;Allarme;Locale MT F;Regolazione;Allarme alta P locale TRAFO F;Guasto;21:57:33|Regolazione;n/a
476;26/09/2026 21:57:33;;CLIM /;DC09 / R01 / SALA DATI B3;RIO 1 / CORRIDOIO FREDDO 5 / B3-4-7;Controsoffito B3-4.07 - Incongruenza comando-posizione;2;Normale;Allarme;RIO controsoffitto;RIO 1;Controsoffito B3-4.07 - Incongruenza comando-posizione;Normale;21:57:33|RIO 1;n/a
477;26/09/2026 21:57:33;;CLIM /;DC09 / R00 / SALA DATI B1;RIO 1 / CORRIDOIO FREDDO 6 / B1-3-2;Controsoffito B1-3.02 - Incongruenza comando-posizione;2;Guasto;Allarme;RIO controsoffitto;RIO 1;Controsoffito B1-3.02 - Incongruenza comando-posizione;Guasto;21:57:33|RIO 1;n/a
478;26/09/2026 21:57:33;;CLIM /;DC09 / R00 / SALA DATI A2;RIO 1 / CORRIDOIO FREDDO 7 / A2-3-22;Controsoffito A2-3.22 - Incongruenza comando-posizione;2;Guasto;Allarme;RIO controsoffitto;RIO 1;Controsoffito A2-3.22 - Incongruenza comando-posizione;Guasto;21:57:33|RIO 1;n/a
479;26/09/2026 21:57:33;;CLIM /;DC09 / R00 / SALA DATI A1/A2;SONDA DP 03 / 03 /;Soglia alta Delta P. sala A12;2;On - Riconosciuto;Allarme;Sonda DP;SONDA DP 03 03;Soglia alta Delta P. sala A12;On;21:57:33|SONDA DP 03 03;Sì
480;26/09/2026 21:57:51;;CLIM /;DC09 / R00 / SALA DATI A1/A2;SONDA DP 03 / 03 /;Soglia alta Delta P. sala A12;2;Off;Allarme;Sonda DP;SONDA DP 03 03;Soglia alta Delta P. sala A12;Off;21:57:51|SONDA DP 03 03;Sì
481;26/09/2026 21:57:58;;CLIM /;DC09 / R01 / SALA DATI B3/B4;Federatore IT / SONDA 31 / 31;Allarme bassa T. corridoio freddo 4 sonda 31;0;Normale;Allarme;Federatore IT sonda;Federatore IT;Allarme bassa T. corridoio freddo 4 sonda 31;Normale;21:57:58|Federatore IT;n/a
482;26/09/2026 21:58:06;;CLIM /;DC09 / R00 / SALA DATI A1/A2;SONDA DP 03 / 03 /;Soglia alta Delta P. sala A12;2;On - Non riconosciuto;Allarme;Sonda DP;SONDA DP 03 03;Soglia alta Delta P. sala A12;On;21:58:06|SONDA DP 03 03;No
483;26/09/2026 21:58:11;;CLIM /;DC09 / R00 / SALA DATI A1/A2;SONDA DP 03 / 03 /;Soglia alta Delta P. sala A12;2;Off - Non riconosciuto;Allarme;Sonda DP;SONDA DP 03 03;Soglia alta Delta P. sala A12;Off;21:58:11|SONDA DP 03 03;No
484;26/09/2026 21:58:36;;CLIM /;DC09 / R00 / SALA DATI A1/A2;SONDA DP 03 / 03 /;Soglia alta Delta P. sala A12;2;On - Non riconosciuto;Allarme;Sonda DP;SONDA DP 03 03;Soglia alta Delta P. sala A12;On;21:58:36|SONDA DP 03 03;No
485;26/09/2026 21:59:08;;CLIM /;DC09 / R00 / SALA DATI A1/A2;SONDA DP 03 / 03 /;Soglia alta Delta P. sala A12;2;Off - Non riconosciuto;Allarme;Sonda DP;SONDA DP 03 03;Soglia alta Delta P. sala A12;Off;21:59:08|SONDA DP 03 03;No
486;26/09/2026 21:59:12;;CLIM /;DC09 / R00 / SALA DATI A1/A2;SONDA DP 03 / 03 /;Soglia alta Delta P. sala A12;2;On - Non riconosciuto;Allarme;Sonda DP;SONDA DP 03 03;Soglia alta Delta P. sala A12;On;21:59:12|SONDA DP 03 03;No
487;26/09/2026 21:59:21;;CLIM /;DC09 / R00 / SALA DATI A1/A2;SONDA DP 03 / 03 /;Soglia alta Delta P. sala A12;2;Off - Non riconosciuto;Allarme;Sonda DP;SONDA DP 03 03;Soglia alta Delta P. sala A12;Off;21:59:21|SONDA DP 03 03;No
488;26/09/2026 21:59:26;;CLIM /;DC09 / R00 / SALA DATI A1/A2;SONDA DP 03 / 03 /;Soglia alta Delta P. sala A12;2;On - Non riconosciuto;Allarme;Sonda DP;SONDA DP 03 03;Soglia alta Delta P. sala A12;On;21:59:26|SONDA DP 03 03;No
489;26/09/2026 21:59:31;;CLIM /;DC09 / R00 / SALA DATI A1/A2;SONDA DP 03 / 03 /;Soglia alta Delta P. sala A12;2;Off - Non riconosciuto;Allarme;Sonda DP;SONDA DP 03 03;Soglia alta Delta P. sala A12;Off;21:59:31|SONDA DP 03 03;No
490;26/09/2026 21:59:36;;CLIM /;DC09 / R00 / SALA DATI A1/A2;SONDA DP 03 / 03 /;Soglia alta Delta P. sala A12;2;On - Non riconosciuto;Allarme;Sonda DP;SONDA DP 03 03;Soglia alta Delta P. sala A12;On;21:59:36|SONDA DP 03 03;No
491;26/09/2026 21:59:41;;CLIM /;DC09 / R00 / SALA DATI A1/A2;SONDA DP 03 / 03 /;Soglia alta Delta P. sala A12;2;Off - Non riconosciuto;Allarme;Sonda DP;SONDA DP 03 03;Soglia alta Delta P. sala A12;Off;21:59:41|SONDA DP 03 03;No
492;26/09/2026 21:59:57;;CLIM /;DC09 / R00 / SALA DATI A1/A2;SONDA DP 03 / 03 /;Soglia alta Delta P. sala A12;2;On - Non riconosciuto;Allarme;Sonda DP;SONDA DP 03 03;Soglia alta Delta P. sala A12;On;21:59:57|SONDA DP 03 03;No
493;26/09/2026 22:00:07;;CLIM /;DC09 / R00 / SALA DATI A1/A2;SONDA DP 03 / 03 /;Soglia alta Delta P. sala A12;2;Off - Non riconosciuto;Allarme;Sonda DP;SONDA DP 03 03;Soglia alta Delta P. sala A12;Off;22:00:07|SONDA DP 03 03;No
494;26/09/2026 22:00:27;;CLIM /;DC09 / R00 / SALA DATI A1/A2;SONDA DP 03 / 03 /;Soglia alta Delta P. sala A12;2;On - Non riconosciuto;Allarme;Sonda DP;SONDA DP 03 03;Soglia alta Delta P. sala A12;On;22:00:27|SONDA DP 03 03;No
495;26/09/2026 22:00:32;;CLIM /;DC09 / R00 / SALA DATI A1/A2;SONDA DP 03 / 03 /;Soglia alta Delta P. sala A12;2;Off - Non riconosciuto;Allarme;Sonda DP;SONDA DP 03 03;Soglia alta Delta P. sala A12;Off;22:00:32|SONDA DP 03 03;No
496;26/09/2026 22:00:46;;CLIM /;DC09 / R00 / SALA DATI A1/A2;SONDA DP 02 / 02 /;Soglia alta Delta P. sala A12;2;On - Non riconosciuto;Allarme;Sonda DP;SONDA DP 02 02;Soglia alta Delta P. sala A12;On;22:00:46|SONDA DP 02 02;No
497;26/09/2026 22:00:47;;CLIM /;DC09 / R00 / SALA DATI A1/A2;SONDA DP 03 / 03 /;Soglia alta Delta P. sala A12;2;On - Non riconosciuto;Allarme;Sonda DP;SONDA DP 03 03;Soglia alta Delta P. sala A12;On;22:00:47|SONDA DP 03 03;No
498;26/09/2026 22:00:51;;CLIM /;DC09 / R00 / SALA DATI A1/A2;SONDA DP 02 / 02 /;Soglia alta Delta P. sala A12;2;Off - Non riconosciuto;Allarme;Sonda DP;SONDA DP 02 02;Soglia alta Delta P. sala A12;Off;22:00:51|SONDA DP 02 02;No
499;26/09/2026 22:02:17;;CLIM /;DC09 / R00 / SALA DATI A1/A2;SONDA DP 02 / 02 /;Soglia alta Delta P. sala A12;2;On - Non riconosciuto;Allarme;Sonda DP;SONDA DP 02 02;Soglia alta Delta P. sala A12;On;22:02:17|SONDA DP 02 02;No
500;26/09/2026 22:02:22;;CLIM /;DC09 / R00 / SALA DATI A1/A2;SONDA DP 02 / 02 /;Soglia alta Delta P. sala A12;2;Off - Non riconosciuto;Allarme;Sonda DP;SONDA DP 02 02;Soglia alta Delta P. sala A12;Off;22:02:22|SONDA DP 02 02;No
501;26/09/2026 22:02:32;;CLIM /;DC09 / R00 / SALA DATI A1/A2;SONDA DP 03 / 03 /;Soglia alta Delta P. sala A12;2;Off - Non riconosciuto;Allarme;Sonda DP;SONDA DP 03 03;Soglia alta Delta P. sala A12;Off;22:02:32|SONDA DP 03 03;No
502;26/09/2026 22:02:37;;CLIM /;DC09 / R00 / SALA DATI A1/A2;SONDA DP 03 / 03 /;Soglia alta Delta P. sala A12;2;On - Non riconosciuto;Allarme;Sonda DP;SONDA DP 03 03;Soglia alta Delta P. sala A12;On;22:02:37|SONDA DP 03 03;No
503;26/09/2026 22:02:37;;CLIM /;DC09 / R02 / Terrazza tecnica;CTA PRO B 1-2 / GENERALE /;Sintesi avvisi (Non Bloccanti);2;Allarme;Allarme;CTA PRO B 1-2;CTA PRO B 1-2 GENERALE;Sintesi avvisi (Non Bloccanti);Allarme;22:02:37|CTA PRO B 1-2 GENERALE;n/a
504;26/09/2026 22:02:37;;CLIM /;DC09 / R02 / Terrazza tecnica;CTA PRO B 1-2 / MANDATA /;Allarme bassa T. mandata;2;Allarme;Allarme;CTA PRO B 1-2;CTA PRO B 1-2 MANDATA;Allarme bassa T. mandata;Allarme;22:02:37|CTA PRO B 1-2 MANDATA;n/a
505;26/09/2026 22:02:52;;CLIM /;DC09 / R00 / SALA DATI A1/A2;SONDA DP 02 / 02 /;Soglia alta Delta P. sala A12;2;On - Non riconosciuto;Allarme;Sonda DP;SONDA DP 02 02;Soglia alta Delta P. sala A12;On;22:02:52|SONDA DP 02 02;No
506;26/09/2026 22:03:02;;CLIM /;DC09 / R00 / SALA DATI A1/A2;SONDA DP 02 / 02 /;Soglia alta Delta P. sala A12;2;Off - Non riconosciuto;Allarme;Sonda DP;SONDA DP 02 02;Soglia alta Delta P. sala A12;Off;22:03:02|SONDA DP 02 02;No
507;26/09/2026 22:03:12;;CLIM /;DC09 / R00 / SALA DATI A1/A2;SONDA DP 03 / 03 /;Soglia alta Delta P. sala A12;2;Off - Non riconosciuto;Allarme;Sonda DP;SONDA DP 03 03;Soglia alta Delta P. sala A12;Off;22:03:12|SONDA DP 03 03;No
508;26/09/2026 22:03:17;;CLIM /;DC09 / R00 / SALA DATI A1/A2;SONDA DP 03 / 03 /;Soglia alta Delta P. sala A12;2;On - Non riconosciuto;Allarme;Sonda DP;SONDA DP 03 03;Soglia alta Delta P. sala A12;On;22:03:17|SONDA DP 03 03;No
509;26/09/2026 22:03:48;;CLIM /;DC09 / R02 / Terrazza tecnica;CTA PRO B 1-2 / GENERALE /;Sintesi avvisi (Non Bloccanti);2;Normale;Allarme;CTA PRO B 1-2;CTA PRO B 1-2 GENERALE;Sintesi avvisi (Non Bloccanti);Normale;22:03:48|CTA PRO B 1-2 GENERALE;n/a
510;26/09/2026 22:03:48;;CLIM /;DC09 / R02 / Terrazza tecnica;CTA PRO B 1-2 / MANDATA /;Allarme bassa T. mandata;2;Normale;Allarme;CTA PRO B 1-2;CTA PRO B 1-2 MANDATA;Allarme bassa T. mandata;Normale;22:03:48|CTA PRO B 1-2 MANDATA;n/a
511;26/09/2026 22:03:48;;CLIM /;DC09 / R00 / SALA DATI A1/A2;SONDA DP 02 / 02 /;Soglia alta Delta P. sala A12;2;On - Non riconosciuto;Allarme;Sonda DP;SONDA DP 02 02;Soglia alta Delta P. sala A12;On;22:03:48|SONDA DP 02 02;No
512;26/09/2026 22:03:57;;CLIM /;DC09 / R00 / SALA DATI A1/A2;SONDA DP 02 / 02 /;Soglia alta Delta P. sala A12;2;Off - Non riconosciuto;Allarme;Sonda DP;SONDA DP 02 02;Soglia alta Delta P. sala A12;Off;22:03:57|SONDA DP 02 02;No
513;26/09/2026 22:04:37;;CLIM /;DC09 / R00 / SALA DATI A1/A2;SONDA DP 02 / 02 /;Soglia alta Delta P. sala A12;2;On - Non riconosciuto;Allarme;Sonda DP;SONDA DP 02 02;Soglia alta Delta P. sala A12;On;22:04:37|SONDA DP 02 02;No
514;26/09/2026 22:04:47;;CLIM /;DC09 / R00 / SALA DATI A1/A2;SONDA DP 02 / 02 /;Soglia alta Delta P. sala A12;2;Off - Non riconosciuto;Allarme;Sonda DP;SONDA DP 02 02;Soglia alta Delta P. sala A12;Off;22:04:47|SONDA DP 02 02;No
515;26/09/2026 22:04:58;;CLIM /;DC09 / R00 / SALA DATI A1/A2;SONDA DP 02 / 02 /;Soglia alta Delta P. sala A12;2;On - Non riconosciuto;Allarme;Sonda DP;SONDA DP 02 02;Soglia alta Delta P. sala A12;On;22:04:58|SONDA DP 02 02;No
516;26/09/2026 22:05:08;;CLIM /;DC09 / R00 / SALA DATI A1/A2;SONDA DP 02 / 02 /;Soglia alta Delta P. sala A12;2;Off - Non riconosciuto;Allarme;Sonda DP;SONDA DP 02 02;Soglia alta Delta P. sala A12;Off;22:05:08|SONDA DP 02 02;No
517;26/09/2026 22:05:18;;CLIM /;DC09 / R00 / SALA DATI A1/A2;SONDA DP 02 / 02 /;Soglia alta Delta P. sala A12;2;On - Non riconosciuto;Allarme;Sonda DP;SONDA DP 02 02;Soglia alta Delta P. sala A12;On;22:05:18|SONDA DP 02 02;No
518;26/09/2026 22:05:33;;CLIM /;DC09 / R00 / SALA DATI A1/A2;SONDA DP 02 / 02 /;Soglia alta Delta P. sala A12;2;Off - Non riconosciuto;Allarme;Sonda DP;SONDA DP 02 02;Soglia alta Delta P. sala A12;Off;22:05:33|SONDA DP 02 02;No
519;26/09/2026 22:05:48;;CLIM /;DC09 / R00 / SALA DATI A1/A2;SONDA DP 02 / 02 /;Soglia alta Delta P. sala A12;2;On - Non riconosciuto;Allarme;Sonda DP;SONDA DP 02 02;Soglia alta Delta P. sala A12;On;22:05:48|SONDA DP 02 02;No
520;26/09/2026 22:06:03;;CLIM /;DC09 / R00 / SALA DATI A1/A2;SONDA DP 02 / 02 /;Soglia alta Delta P. sala A12;2;Off - Non riconosciuto;Allarme;Sonda DP;SONDA DP 02 02;Soglia alta Delta P. sala A12;Off;22:06:03|SONDA DP 02 02;No
521;26/09/2026 22:06:08;;CLIM /;DC09 / R00 / SALA DATI A1/A2;SONDA DP 03 / 03 /;Soglia alta Delta P. sala A12;2;Off - Non riconosciuto;Allarme;Sonda DP;SONDA DP 03 03;Soglia alta Delta P. sala A12;Off;22:06:08|SONDA DP 03 03;No
522;26/09/2026 22:06:13;;CLIM /;DC09 / R00 / SALA DATI A1/A2;SONDA DP 02 / 02 /;Soglia alta Delta P. sala A12;2;On - Non riconosciuto;Allarme;Sonda DP;SONDA DP 02 02;Soglia alta Delta P. sala A12;On;22:06:13|SONDA DP 02 02;No
523;26/09/2026 22:06:13;;CLIM /;DC09 / R00 / SALA DATI A1/A2;SONDA DP 03 / 03 /;Soglia alta Delta P. sala A12;2;On - Non riconosciuto;Allarme;Sonda DP;SONDA DP 03 03;Soglia alta Delta P. sala A12;On;22:06:13|SONDA DP 03 03;No
524;26/09/2026 22:06:33;;CLIM /;DC09 / R00 / SALA DATI A1/A2;SONDA DP 02 / 02 /;Soglia alta Delta P. sala A12;2;Off - Non riconosciuto;Allarme;Sonda DP;SONDA DP 02 02;Soglia alta Delta P. sala A12;Off;22:06:33|SONDA DP 02 02;No
525;26/09/2026 22:06:44;;CLIM /;DC09 / R00 / SALA DATI A1/A2;SONDA DP 02 / 02 /;Soglia alta Delta P. sala A12;2;On - Non riconosciuto;Allarme;Sonda DP;SONDA DP 02 02;Soglia alta Delta P. sala A12;On;22:06:44|SONDA DP 02 02;No
526;26/09/2026 22:07:13;;CLIM /;DC09 / R00 / SALA DATI A1/A2;SONDA DP 02 / 02 /;Soglia alta Delta P. sala A12;2;Off - Non riconosciuto;Allarme;Sonda DP;SONDA DP 02 02;Soglia alta Delta P. sala A12;Off;22:07:13|SONDA DP 02 02;No
527;26/09/2026 22:07:19;;CLIM /;DC09 / R01 / SALA DATI B3;RIO 2 / CORRIDOIO FREDDO 8 / B3-1-19;Controsoffito B3-1.19 - Incongruenza comando-posizione;2;Normale;Allarme;RIO controsoffitto;RIO 2;Controsoffito B3-1.19 - Incongruenza comando-posizione;Normale;22:07:19|RIO 2;n/a
528;26/09/2026 22:07:23;;CLIM /;DC09 / R00 / SALA DATI A1/A2;SONDA DP 02 / 02 /;Soglia alta Delta P. sala A12;2;On - Non riconosciuto;Allarme;Sonda DP;SONDA DP 02 02;Soglia alta Delta P. sala A12;On;22:07:23|SONDA DP 02 02;No
529;26/09/2026 22:07:26;;CLIM /;DC09 / R01 / SALA DATI B4;RIO 1 / CORRIDOIO FREDDO 2 / B4-3-18;Controsoffito B4-3.18 - Incongruenza comando-posizione;2;Normale;Allarme;RIO controsoffitto;RIO 1;Controsoffito B4-3.18 - Incongruenza comando-posizione;Normale;22:07:26|RIO 1;n/a
530;26/09/2026 22:08:03;;CLIM /;DC09 / R00 / SALA DATI A1/A2;SONDA DP 02 / 02 /;Soglia alta Delta P. sala A12;2;Off - Non riconosciuto;Allarme;Sonda DP;SONDA DP 02 02;Soglia alta Delta P. sala A12;Off;22:08:03|SONDA DP 02 02;No
531;26/09/2026 22:08:13;;CLIM /;DC09 / R00 / SALA DATI A1/A2;SONDA DP 02 / 02 /;Soglia alta Delta P. sala A12;2;On - Non riconosciuto;Allarme;Sonda DP;SONDA DP 02 02;Soglia alta Delta P. sala A12;On;22:08:13|SONDA DP 02 02;No
532;26/09/2026 22:14:28;;CLIM /;DC09 / R01 / SALA DATI B3;RIO 2 / CORRIDOIO FREDDO 8 / B3-1-19;Controsoffito B3-1.19 - Incongruenza comando-posizione;2;Guasto;Allarme;RIO controsoffitto;RIO 2;Controsoffito B3-1.19 - Incongruenza comando-posizione;Guasto;22:14:28|RIO 2;n/a
533;26/09/2026 22:14:36;;CLIM /;DC09 / R01 / SALA DATI B4;RIO 1 / CORRIDOIO FREDDO 2 / B4-3-18;Controsoffito B4-3.18 - Incongruenza comando-posizione;2;Guasto;Allarme;RIO controsoffitto;RIO 1;Controsoffito B4-3.18 - Incongruenza comando-posizione;Guasto;22:14:36|RIO 1;n/a
